사고번호,사고일시,요일,시군구,사고내용,사망자수,중상자수,경상자수,부상신고자수,사고유형,법규위반,노면상태,기상상태,도로형태,가해운전자 차종,가해운전자 성별,가해운전자 연령,가해운전자 상해정도,피해운전자 차종,피해운전자 성별,피해운전자 연령,피해운전자 상해정도
2017011400100235,2017년 1월 14일 11시,토요일,대전광역시 중구 용두동,중상사고,0,1,0,0,차대사람 - 횡단중,신호위반,건조,맑음,단일로 - 기타,승용,여,43세,상해없음,보행자,여,78세,중상
2017011400100236,2017년 1월 14일 11시,토요일,대전광역시 서구 도마동,경상사고,0,0,4,0,차대차 - 추돌,안전운전불이행,건조,맑음,단일로 - 기타,승용,남,54세,상해없음,승용,남,39세,경상
2017011400100267,2017년 1월 14일 12시,토요일,대전광역시 유성구 구암동,중상사고,0,1,0,0,차대차 - 기타,기타,건조,맑음,단일로 - 기타,승용,남,50세,상해없음,원동기,남,50세,중상
2017011400100293,2017년 1월 14일 13시,토요일,대전광역시 대덕구 중리동,경상사고,0,0,1,0,차대차 - 추돌,신호위반,건조,맑음,교차로 - 교차로안,승용,여,46세,상해없음,원동기,남,53세,경상
2017011400100294,2017년 1월 14일 13시,토요일,대전광역시 유성구 장대동,경상사고,0,0,1,0,차대차 - 기타,안전운전불이행,건조,맑음,단일로 - 기타,승용,남,66세,상해없음,화물,남,62세,경상
2017011400100324,2017년 1월 14일 14시,토요일,대전광역시 서구 용문동,경상사고,0,0,1,0,차대차 - 정면충돌,신호위반,건조,맑음,교차로 - 교차로안,승용,남,55세,상해없음,승용,남,44세,경상
2017011400100325,2017년 1월 14일 14시,토요일,대전광역시 유성구 노은동,경상사고,0,0,3,0,차대차 - 측면충돌,교차로운행방법위반,건조,맑음,교차로 - 교차로안,승용,여,40세,상해없음,승용,여,44세,경상
2017011400100350,2017년 1월 14일 15시,토요일,대전광역시 유성구 궁동,경상사고,0,0,1,0,차대차 - 기타,안전운전불이행,건조,맑음,단일로 - 기타,승용,남,34세,상해없음,자전거,남,21세,경상
2017011400100379,2017년 1월 14일 16시,토요일,대전광역시 중구 태평동,경상사고,0,0,2,0,차대차 - 측면충돌,교차로운행방법위반,건조,맑음,교차로 - 교차로부근,승합,남,54세,상해없음,승용,여,46세,경상
2017011400100380,2017년 1월 14일 16시,토요일,대전광역시 대덕구 신대동,경상사고,0,0,2,0,차대차 - 추돌,안전운전불이행,건조,맑음,단일로 - 교량,승용,여,43세,상해없음,승용,남,40세,경상
2017011400100381,2017년 1월 14일 16시,토요일,대전광역시 유성구 궁동,경상사고,0,0,3,0,차대차 - 기타,안전운전불이행,건조,맑음,단일로 - 기타,화물,남,56세,상해없음,승용,남,29세,경상
2017011400100447,2017년 1월 14일 18시,토요일,대전광역시 동구 정동,경상사고,0,0,1,0,차대사람 - 횡단중,안전운전불이행,건조,맑음,단일로 - 기타,승용,남,44세,기타불명,보행자,남,36세,경상
2017011400100448,2017년 1월 14일 18시,토요일,대전광역시 서구 둔산동,경상사고,0,0,1,0,차대사람 - 횡단중,안전운전불이행,건조,맑음,단일로 - 기타,승용,남,22세,상해없음,보행자,남,26세,경상
2017011400100449,2017년 1월 14일 18시,토요일,대전광역시 유성구 장대동,부상신고사고,0,0,0,1,차대차 - 추돌,안전운전불이행,건조,맑음,단일로 - 기타,승용,여,34세,상해없음,승용,여,33세,부상신고
2017011400100482,2017년 1월 14일 19시,토요일,대전광역시 대덕구 중리동,중상사고,0,1,0,0,차대사람 - 횡단중,보행자보호의무위반,건조,맑음,단일로 - 기타,승용,남,68세,상해없음,보행자,남,47세,중상
2017011400100483,2017년 1월 14일 19시,토요일,대전광역시 서구 도마동,경상사고,0,0,2,0,차대차 - 추돌,안전운전불이행,건조,맑음,단일로 - 기타,승용,남,49세,상해없음,승용,남,38세,경상
2017011400100484,2017년 1월 14일 19시,토요일,대전광역시 서구 갈마동,중상사고,0,1,0,0,차대차 - 측면충돌,안전거리미확보,건조,맑음,단일로 - 기타,승용,남,61세,상해없음,이륜,남,36세,중상
2017011400100514,2017년 1월 14일 20시,토요일,대전광역시 유성구 도룡동,중상사고,0,1,0,0,차대차 - 측면충돌,신호위반,건조,맑음,교차로 - 교차로안,승용,여,54세,상해없음,승용,남,54세,중상
2017011400100562,2017년 1월 14일 22시,토요일,대전광역시 중구 문화동,경상사고,0,0,2,0,차대차 - 추돌,안전운전불이행,건조,맑음,교차로 - 교차로부근,승용,여,45세,상해없음,승용,여,46세,경상
2017011400100590,2017년 1월 14일 23시,토요일,대전광역시 중구 유천동,경상사고,0,0,1,0,차대사람 - 횡단중,안전운전불이행,건조,맑음,단일로 - 기타,승용,남,26세,상해없음,보행자,여,23세,경상
2017011400100591,2017년 1월 14일 23시,토요일,대전광역시 유성구 자운동,경상사고,0,0,3,0,차대차 - 기타,교차로운행방법위반,건조,맑음,교차로 - 교차로부근,승용,남,57세,상해없음,승용,남,43세,경상
2017011400100592,2017년 1월 14일 23시,토요일,대전광역시 유성구 덕명동,경상사고,0,0,1,0,차대차 - 기타,안전운전불이행,건조,맑음,단일로 - 기타,승용,남,49세,상해없음,이륜,남,32세,경상
2017011500100035,2017년 1월 15일 01시,일요일,대전광역시 동구 용전동,중상사고,0,1,0,0,차대사람 - 횡단중,안전운전불이행,건조,맑음,단일로 - 기타,승용,남,25세,상해없음,보행자,남,53세,중상
2017011500100059,2017년 1월 15일 03시,일요일,대전광역시 중구 대흥동,경상사고,0,0,1,0,차대차 - 측면충돌,신호위반,건조,맑음,교차로 - 교차로안,승용,남,63세,상해없음,화물,남,43세,상해없음
2017011500100074,2017년 1월 15일 05시,일요일,대전광역시 중구 오류동,경상사고,0,0,1,0,차대차 - 추돌,안전운전불이행,건조,맑음,단일로 - 기타,승용,남,25세,상해없음,승용,남,45세,경상
2017011500100085,2017년 1월 15일 06시,일요일,대전광역시 중구 문화동,경상사고,0,0,1,0,차대차 - 정면충돌,신호위반,건조,맑음,교차로 - 교차로안,승용,남,26세,상해없음,승용,남,49세,경상
2017011500100110,2017년 1월 15일 08시,일요일,대전광역시 서구 가수원동,경상사고,0,0,2,0,차대차 - 측면충돌,신호위반,건조,맑음,교차로 - 교차로부근,승합,남,45세,상해없음,승합,남,48세,경상
2017011500100126,2017년 1월 15일 09시,일요일,대전광역시 대덕구 송촌동,경상사고,0,0,3,0,차대차 - 측면충돌,교차로운행방법위반,건조,맑음,교차로 - 교차로안,승용,남,24세,기타불명,승용,남,33세,경상
2017011500100163,2017년 1월 15일 11시,일요일,대전광역시 유성구 봉명동,부상신고사고,0,0,0,1,차대차 - 측면충돌,안전운전불이행,건조,맑음,단일로 - 기타,승용,남,51세,상해없음,승용,남,30세,부상신고
2017011500100220,2017년 1월 15일 13시,일요일,대전광역시 동구 신상동,경상사고,0,0,2,0,차대차 - 정면충돌,중앙선침범,건조,맑음,단일로 - 터널,승용,남,53세,상해없음,화물,남,69세,경상
2017011500100240,2017년 1월 15일 14시,일요일,대전광역시 유성구 관평동,중상사고,0,1,0,0,차대차 - 기타,신호위반,건조,맑음,교차로 - 교차로안,승용,여,49세,상해없음,승합,남,40세,상해없음
2017011500100269,2017년 1월 15일 15시,일요일,대전광역시 동구 가양동,경상사고,0,0,1,0,차대차 - 측면충돌,안전운전불이행,건조,맑음,교차로 - 교차로안,승용,남,65세,상해없음,승용,여,31세,경상
2017011500100270,2017년 1월 15일 15시,일요일,대전광역시 대덕구 법동,경상사고,0,0,1,0,차대차 - 추돌,안전운전불이행,건조,맑음,교차로 - 교차로부근,승용,여,38세,상해없음,원동기,남,55세,경상
2017011500100271,2017년 1월 15일 15시,일요일,대전광역시 유성구 지족동,중상사고,0,1,0,0,차대사람 - 횡단중,안전운전불이행,건조,맑음,교차로 - 교차로안,화물,남,52세,상해없음,보행자,여,78세,중상
2017011500100313,2017년 1월 15일 17시,일요일,대전광역시 유성구 봉명동,경상사고,0,0,1,0,차대차 - 기타,안전운전불이행,건조,맑음,교차로 - 교차로안,승용,여,45세,상해없음,원동기,남,49세,경상
2017011500100351,2017년 1월 15일 18시,일요일,대전광역시 대덕구 오정동,경상사고,0,0,1,0,차대차 - 추돌,차로위반,건조,맑음,단일로 - 기타,승용,남,54세,상해없음,승합,남,47세,경상
2017011500100463,2017년 1월 15일 22시,일요일,대전광역시 서구 도마동,경상사고,0,0,1,0,차대차 - 측면충돌,안전운전불이행,건조,맑음,교차로 - 교차로부근,승용,여,56세,상해없음,승용,여,50세,경상
2017011500100484,2017년 1월 15일 23시,일요일,대전광역시 서구 둔산동,경상사고,0,0,1,0,차대차 - 정면충돌,안전운전불이행,건조,맑음,교차로 - 교차로부근,승용,남,20세,상해없음,승용,남,49세,경상
2017011600100032,2017년 1월 16일 00시,월요일,대전광역시 동구 삼성동,중상사고,0,1,0,0,차대차 - 측면충돌,안전운전불이행,건조,맑음,단일로 - 기타,승용,남,31세,상해없음,자전거,남,66세,중상
2017011600100033,2017년 1월 16일 00시,월요일,대전광역시 서구 둔산동,경상사고,0,0,1,0,차대차 - 추돌,안전운전불이행,건조,맑음,교차로 - 교차로부근,승용,남,28세,상해없음,승용,여,53세,경상
2017011600100085,2017년 1월 16일 06시,월요일,대전광역시 유성구 죽동,중상사고,0,2,1,0,차대차 - 기타,신호위반,건조,맑음,교차로 - 교차로안,승용,남,54세,중상,승용,남,48세,경상
2017011600100117,2017년 1월 16일 07시,월요일,대전광역시 대덕구 대화동,중상사고,0,1,0,0,차대차 - 추돌,차로위반,건조,맑음,단일로 - 고가도로위,화물,남,26세,상해없음,승용,남,57세,중상
2017011600100118,2017년 1월 16일 07시,월요일,대전광역시 유성구 추목동,경상사고,0,0,2,0,차대차 - 추돌,안전운전불이행,건조,맑음,교차로 - 교차로부근,승용,남,56세,상해없음,승용,남,35세,경상
2017011600100166,2017년 1월 16일 08시,월요일,대전광역시 대덕구 문평동,경상사고,0,0,1,0,차대차 - 추돌,안전거리미확보,건조,맑음,단일로 - 기타,승용,남,36세,상해없음,승용,여,45세,경상
2017011600100167,2017년 1월 16일 08시,월요일,대전광역시 서구 월평동,경상사고,0,0,4,0,차대차 - 기타,직진우회전진행방해,건조,맑음,단일로 - 기타,승용,여,34세,경상,승용,남,61세,경상
2017011600100268,2017년 1월 16일 11시,월요일,대전광역시 중구 대흥동,중상사고,0,1,3,0,차대차 - 측면충돌,신호위반,건조,맑음,교차로 - 교차로안,승용,남,69세,상해없음,승용,남,66세,중상
2017011600100269,2017년 1월 16일 11시,월요일,대전광역시 서구 가수원동,부상신고사고,0,0,0,1,차대사람 - 횡단중,안전운전불이행,건조,맑음,교차로 - 교차로횡단보도내,승용,여,31세,상해없음,보행자,여,13세,부상신고
2017011600100270,2017년 1월 16일 11시,월요일,대전광역시 대덕구 중리동,중상사고,0,1,0,0,차대사람 - 횡단중,보행자보호의무위반,건조,맑음,교차로 - 교차로횡단보도내,승용,여,56세,상해없음,보행자,여,59세,중상
2017011600100302,2017년 1월 16일 12시,월요일,대전광역시 중구 대사동,중상사고,0,1,0,0,차대차 - 측면충돌,신호위반,건조,맑음,교차로 - 교차로안,승용,남,60세,상해없음,승용,남,55세,상해없음
2017011600100333,2017년 1월 16일 13시,월요일,대전광역시 동구 홍도동,사망사고,1,0,0,0,차대사람 - 횡단중,보행자보호의무위반,건조,맑음,단일로 - 기타,화물,남,44세,상해없음,보행자,여,77세,사망
2017011600100334,2017년 1월 16일 13시,월요일,대전광역시 대덕구 상서동,경상사고,0,0,2,0,차대차 - 추돌,안전거리미확보,건조,맑음,단일로 - 기타,승용,남,50세,상해없음,승용,남,32세,경상
2017011600100335,2017년 1월 16일 13시,월요일,대전광역시 유성구 봉명동,중상사고,0,2,0,0,차대차 - 측면충돌,안전운전불이행,건조,맑음,교차로 - 교차로안,승용,남,32세,상해없음,승용,여,48세,중상
2017011600100369,2017년 1월 16일 14시,월요일,대전광역시 서구 탄방동,경상사고,0,0,1,0,차대차 - 측면충돌,안전운전불이행,건조,맑음,단일로 - 기타,승용,남,43세,상해없음,승용,여,54세,경상
2017011600100370,2017년 1월 16일 14시,월요일,대전광역시 유성구 원내동,경상사고,0,0,1,0,차대사람 - 기타,안전운전불이행,건조,맑음,단일로 - 기타,승용,여,52세,상해없음,보행자,남,27세,경상
2017011600100410,2017년 1월 16일 15시,월요일,대전광역시 서구 둔산동,경상사고,0,0,1,0,차대차 - 정면충돌,안전운전불이행,건조,맑음,단일로 - 기타,승용,남,33세,기타불명,승용,남,29세,경상
2017011600100471,2017년 1월 16일 17시,월요일,대전광역시 동구 용전동,경상사고,0,0,1,0,차량단독 - 기타,안전운전불이행,건조,맑음,단일로 - 기타,승합,남,44세,상해없음,,,,
2017011600100472,2017년 1월 16일 17시,월요일,대전광역시 서구 내동,경상사고,0,0,1,0,차대사람 - 횡단중,안전운전불이행,건조,맑음,단일로 - 기타,승용,여,38세,상해없음,보행자,남,5세,경상
2017011600100535,2017년 1월 16일 18시,월요일,대전광역시 대덕구 송촌동,경상사고,0,0,4,0,차대차 - 기타,교차로운행방법위반,건조,맑음,교차로 - 교차로부근,승용,남,62세,상해없음,승용,남,57세,경상
2017011600100536,2017년 1월 16일 18시,월요일,대전광역시 서구 월평동,경상사고,0,0,1,0,차대사람 - 횡단중,안전운전불이행,건조,맑음,교차로 - 교차로안,승용,여,43세,상해없음,보행자,여,60세,경상
2017011600100575,2017년 1월 16일 19시,월요일,대전광역시 동구 대동,경상사고,0,0,1,0,차대차 - 추돌,안전운전불이행,건조,맑음,단일로 - 기타,승용,여,32세,상해없음,원동기,남,26세,경상
2017011600100576,2017년 1월 16일 19시,월요일,대전광역시 서구 만년동,중상사고,0,1,0,0,차대차 - 기타,중앙선침범,건조,맑음,교차로 - 교차로부근,승용,남,42세,상해없음,이륜,남,36세,중상
2017011600100612,2017년 1월 16일 20시,월요일,대전광역시 유성구 구암동,경상사고,0,0,1,0,차대차 - 측면충돌,안전거리미확보,건조,맑음,단일로 - 기타,승용,여,62세,상해없음,이륜,남,25세,경상
2017011600100613,2017년 1월 16일 20시,월요일,대전광역시 유성구 전민동,중상사고,0,1,0,0,차대차 - 측면충돌,안전운전불이행,건조,맑음,교차로 - 교차로안,승용,남,55세,상해없음,자전거,남,12세,중상
2017011600100614,2017년 1월 16일 20시,월요일,대전광역시 유성구 지족동,중상사고,0,1,0,0,차대차 - 기타,교차로운행방법위반,건조,맑음,교차로 - 교차로안,승용,여,34세,상해없음,이륜,남,44세,중상
2017011600100641,2017년 1월 16일 21시,월요일,대전광역시 서구 둔산동,경상사고,0,0,1,0,차대차 - 추돌,안전운전불이행,건조,맑음,교차로 - 교차로부근,승용,남,34세,상해없음,승용,남,26세,경상
2017011600100671,2017년 1월 16일 22시,월요일,대전광역시 중구 선화동,경상사고,0,0,1,0,차대차 - 측면충돌,신호위반,건조,맑음,교차로 - 교차로안,승용,남,70세,상해없음,원동기,남,17세,경상
2017011600100672,2017년 1월 16일 22시,월요일,대전광역시 서구 용문동,경상사고,0,0,1,0,차대차 - 후진중충돌,안전운전불이행,건조,맑음,단일로 - 기타,승용,남,31세,상해없음,승용,남,35세,경상
2017011600100699,2017년 1월 16일 23시,월요일,대전광역시 서구 월평동,경상사고,0,0,1,0,차대차 - 측면충돌,신호위반,건조,맑음,교차로 - 교차로안,승용,남,18세,상해없음,자전거,남,24세,경상
2017011700100023,2017년 1월 17일 01시,화요일,대전광역시 동구 가양동,경상사고,0,0,1,0,차량단독 - 공작물충돌,안전운전불이행,건조,맑음,교차로 - 교차로안,승용,남,64세,상해없음,,,,
2017011700100024,2017년 1월 17일 01시,화요일,대전광역시 서구 탄방동,경상사고,0,0,2,0,차대차 - 기타,중앙선침범,건조,맑음,단일로 - 터널,화물,남,54세,상해없음,승용,남,24세,경상
2017011700100140,2017년 1월 17일 08시,화요일,대전광역시 서구 정림동,중상사고,0,1,0,0,차대사람 - 기타,안전운전불이행,건조,맑음,단일로 - 기타,승용,남,41세,상해없음,보행자,여,79세,중상
2017011700100159,2017년 1월 17일 09시,화요일,대전광역시 대덕구 비래동,부상신고사고,0,0,0,1,차대사람 - 횡단중,안전운전불이행,건조,맑음,단일로 - 기타,승용,남,61세,상해없음,보행자,남,21세,부상신고
2017011700100206,2017년 1월 17일 11시,화요일,대전광역시 중구 태평동,중상사고,0,1,0,0,차대차 - 추돌,안전운전불이행,건조,맑음,교차로 - 교차로안,승용,여,64세,상해없음,승용,여,33세,중상
2017011700100207,2017년 1월 17일 11시,화요일,대전광역시 유성구 방동,경상사고,0,0,2,0,차대차 - 추돌,안전운전불이행,건조,맑음,단일로 - 교량,승용,남,45세,상해없음,승용,남,28세,경상
2017011700100291,2017년 1월 17일 14시,화요일,대전광역시 대덕구 신대동,중상사고,0,1,2,0,차대차 - 추돌,안전운전불이행,건조,맑음,단일로 - 기타,승용,남,50세,상해없음,승용,남,62세,경상
2017011700100350,2017년 1월 17일 16시,화요일,대전광역시 서구 탄방동,경상사고,0,0,2,0,차대차 - 기타,안전운전불이행,건조,맑음,단일로 - 기타,승용,여,48세,상해없음,승용,남,39세,경상
2017011700100429,2017년 1월 17일 18시,화요일,대전광역시 중구 중촌동,중상사고,0,1,0,0,차대차 - 추돌,안전운전불이행,건조,맑음,교차로 - 교차로안,승용,남,47세,상해없음,원동기,남,19세,중상
2017011700100430,2017년 1월 17일 18시,화요일,대전광역시 동구 삼성동,경상사고,0,0,1,0,차대사람 - 횡단중,보행자보호의무위반,건조,맑음,단일로 - 기타,승용,남,48세,상해없음,보행자,여,27세,경상
2017011700100431,2017년 1월 17일 18시,화요일,대전광역시 동구 용전동,경상사고,0,0,1,0,차대차 - 측면충돌,안전운전불이행,건조,맑음,단일로 - 기타,승용,여,43세,상해없음,승용,여,46세,경상
2017011700100432,2017년 1월 17일 18시,화요일,대전광역시 유성구 봉명동,경상사고,0,0,1,0,차량단독 - 기타,기타,건조,맑음,교차로 - 교차로부근,승합,남,55세,상해없음,,,,
2017011700100482,2017년 1월 17일 19시,화요일,대전광역시 동구 용전동,경상사고,0,0,1,0,차대차 - 측면충돌,안전운전불이행,건조,맑음,교차로 - 교차로안,승용,여,24세,상해없음,승용,남,61세,경상
2017011700100483,2017년 1월 17일 19시,화요일,대전광역시 서구 괴정동,경상사고,0,0,1,0,차대차 - 측면충돌,안전운전불이행,건조,맑음,기타 - 기타,승용,여,50세,상해없음,화물,남,45세,상해없음
2017011800100027,2017년 1월 18일 00시,수요일,대전광역시 동구 중동,중상사고,0,1,0,0,차대차 - 측면충돌,교차로운행방법위반,건조,맑음,교차로 - 교차로안,승용,남,43세,상해없음,원동기,남,53세,중상
2017011800100028,2017년 1월 18일 00시,수요일,대전광역시 서구 복수동,경상사고,0,0,1,0,차대차 - 측면충돌,안전운전불이행,서리/결빙,흐림,주차장 - 주차장,승용,남,44세,상해없음,승용,남,27세,상해없음
2017011800100067,2017년 1월 18일 05시,수요일,대전광역시 대덕구 오정동,경상사고,0,0,1,0,차대차 - 측면충돌,신호위반,젖음/습기,흐림,교차로 - 교차로안,승용,남,41세,상해없음,승용,여,56세,경상
2017011800100089,2017년 1월 18일 06시,수요일,대전광역시 서구 둔산동,경상사고,0,0,3,0,차대차 - 추돌,안전운전불이행,건조,맑음,교차로 - 교차로안,화물,남,48세,상해없음,승합,남,39세,경상
2017011800100138,2017년 1월 18일 08시,수요일,대전광역시 동구 자양동,경상사고,0,0,3,0,차대차 - 정면충돌,안전운전불이행,건조,맑음,단일로 - 기타,승용,남,23세,상해없음,승용,여,28세,경상
2017011800100139,2017년 1월 18일 08시,수요일,대전광역시 서구 탄방동,경상사고,0,0,1,0,차대차 - 추돌,안전운전불이행,건조,맑음,교차로 - 교차로안,승용,남,21세,상해없음,승용,남,48세,경상
2017011800100140,2017년 1월 18일 08시,수요일,대전광역시 유성구 관평동,경상사고,0,0,2,0,차대차 - 측면충돌,교차로운행방법위반,건조,맑음,교차로 - 교차로안,승합,여,57세,경상,승용,남,38세,경상
2017011800100263,2017년 1월 18일 12시,수요일,대전광역시 유성구 봉명동,경상사고,0,0,1,0,차대사람 - 횡단중,안전운전불이행,건조,맑음,주차장 - 주차장,승용,남,56세,상해없음,보행자,남,32세,경상
2017011800100287,2017년 1월 18일 13시,수요일,대전광역시 유성구 구암동,경상사고,0,0,1,0,차대차 - 추돌,안전운전불이행,건조,맑음,단일로 - 기타,화물,남,59세,상해없음,승용,여,37세,경상
2017011800100331,2017년 1월 18일 15시,수요일,대전광역시 유성구 원촌동,경상사고,0,0,1,0,차대차 - 기타,안전운전불이행,건조,맑음,단일로 - 기타,승용,남,41세,상해없음,승용,여,47세,경상
2017011800100362,2017년 1월 18일 16시,수요일,대전광역시 중구 호동,중상사고,0,1,0,0,차대차 - 측면충돌,직진우회전진행방해,건조,맑음,단일로 - 기타,승용,여,49세,상해없음,원동기,여,52세,중상
2017011800100490,2017년 1월 18일 19시,수요일,대전광역시 대덕구 비래동,중상사고,0,1,0,0,차대사람 - 횡단중,안전운전불이행,건조,맑음,단일로 - 기타,승용,여,41세,상해없음,보행자,여,54세,중상
2017011800100524,2017년 1월 18일 20시,수요일,대전광역시 중구 은행동,경상사고,0,0,1,0,차대사람 - 횡단중,안전운전불이행,건조,맑음,단일로 - 기타,승용,남,22세,상해없음,보행자,남,31세,경상
2017011800100525,2017년 1월 18일 20시,수요일,대전광역시 서구 가수원동,경상사고,0,0,1,0,차대차 - 측면충돌,안전운전불이행,건조,맑음,단일로 - 기타,승용,여,45세,상해없음,이륜,남,18세,경상
2017011800100526,2017년 1월 18일 20시,수요일,대전광역시 유성구 반석동,경상사고,0,0,1,0,차대차 - 기타,교차로운행방법위반,건조,맑음,교차로 - 교차로안,기타불명,기타불명,미분류,기타불명,원동기,남,19세,경상
2017011800100594,2017년 1월 18일 22시,수요일,대전광역시 서구 월평동,경상사고,0,0,1,0,차대차 - 추돌,안전거리미확보,건조,맑음,교차로 - 교차로안,승용,남,31세,상해없음,승용,남,44세,경상
2017011800100595,2017년 1월 18일 22시,수요일,대전광역시 서구 월평동,경상사고,0,0,1,0,차대차 - 측면충돌,안전운전불이행,건조,맑음,교차로 - 교차로안,승용,남,40세,상해없음,승용,여,44세,경상
2017011900100054,2017년 1월 19일 03시,목요일,대전광역시 동구 정동,중상사고,0,1,0,0,차대사람 - 횡단중,보행자보호의무위반,건조,맑음,교차로 - 교차로안,승용,남,68세,상해없음,보행자,여,74세,중상
2017011900100091,2017년 1월 19일 06시,목요일,대전광역시 중구 중촌동,중상사고,0,1,0,0,차대차 - 추돌,안전운전불이행,건조,맑음,단일로 - 기타,승용,남,42세,상해없음,자전거,남,71세,중상
2017011900100118,2017년 1월 19일 07시,목요일,대전광역시 중구 중촌동,중상사고,0,1,0,0,차대사람 - 횡단중,안전운전불이행,건조,맑음,단일로 - 기타,승용,여,46세,상해없음,보행자,남,37세,중상
2017011900100119,2017년 1월 19일 07시,목요일,대전광역시 대덕구 신일동,경상사고,0,0,1,0,차대사람 - 횡단중,보행자보호의무위반,젖음/습기,안개,교차로 - 교차로횡단보도내,승용,여,27세,상해없음,보행자,남,25세,경상
2017011900100120,2017년 1월 19일 07시,목요일,대전광역시 대덕구 신대동,경상사고,0,0,2,0,차대차 - 추돌,안전운전불이행,젖음/습기,맑음,단일로 - 기타,화물,남,46세,상해없음,승용,남,60세,경상
2017011900100121,2017년 1월 19일 07시,목요일,대전광역시 서구 둔산동,경상사고,0,0,1,0,차대차 - 측면충돌,차로위반,건조,맑음,단일로 - 기타,화물,남,38세,상해없음,승용,남,79세,경상
2017011900100241,2017년 1월 19일 12시,목요일,대전광역시 대덕구 오정동,경상사고,0,0,1,0,차대사람 - 길가장자리구역통행중,안전운전불이행,건조,맑음,단일로 - 기타,승용,남,61세,상해없음,보행자,남,56세,경상
2017011900100242,2017년 1월 19일 12시,목요일,대전광역시 유성구 봉명동,경상사고,0,0,1,0,차대차 - 측면충돌,안전운전불이행,건조,맑음,단일로 - 기타,승용,여,46세,상해없음,승용,남,60세,상해없음
2017011900100268,2017년 1월 19일 13시,목요일,대전광역시 대덕구 대화동,경상사고,0,0,3,1,차대차 - 추돌,안전거리미확보,건조,맑음,단일로 - 기타,승용,여,26세,상해없음,화물,남,60세,부상신고
2017011900100296,2017년 1월 19일 14시,목요일,대전광역시 서구 도안동,경상사고,0,0,1,0,차대차 - 측면충돌,안전운전불이행,건조,맑음,교차로 - 교차로안,승용,여,45세,상해없음,승용,남,48세,경상
2017011900100297,2017년 1월 19일 14시,목요일,대전광역시 서구 월평동,경상사고,0,0,1,0,차량단독 - 기타,기타,건조,맑음,단일로 - 기타,승합,남,49세,상해없음,,,,
2017011900100298,2017년 1월 19일 14시,목요일,대전광역시 유성구 봉명동,경상사고,0,0,1,0,차대사람 - 길가장자리구역통행중,안전운전불이행,건조,맑음,단일로 - 기타,승용,여,27세,상해없음,보행자,남,64세,경상
2017011900100336,2017년 1월 19일 15시,목요일,대전광역시 동구 용전동,경상사고,0,0,1,0,차대차 - 기타,교차로운행방법위반,건조,맑음,교차로 - 교차로안,승용,남,57세,상해없음,승합,여,54세,경상
2017011900100388,2017년 1월 19일 17시,목요일,대전광역시 서구 내동,부상신고사고,0,0,0,1,차대차 - 측면충돌,안전운전불이행,건조,맑음,교차로 - 교차로부근,승용,남,55세,상해없음,이륜,남,47세,부상신고
2017011900100389,2017년 1월 19일 17시,목요일,대전광역시 서구 만년동,경상사고,0,0,1,0,차대차 - 측면충돌,안전운전불이행,건조,맑음,단일로 - 기타,승용,남,49세,상해없음,자전거,남,74세,경상
2017011900100390,2017년 1월 19일 17시,목요일,대전광역시 서구 둔산동,경상사고,0,0,1,0,차대차 - 추돌,안전운전불이행,건조,맑음,교차로 - 교차로안,승용,여,32세,상해없음,승용,여,35세,경상
2017011900100391,2017년 1월 19일 17시,목요일,대전광역시 유성구 구암동,경상사고,0,0,2,0,차대차 - 기타,교차로운행방법위반,건조,맑음,교차로 - 교차로안,승합,남,66세,상해없음,승용,남,35세,경상
2017011900100442,2017년 1월 19일 18시,목요일,대전광역시 유성구 봉명동,경상사고,0,0,5,0,차대차 - 측면충돌,안전거리미확보,건조,맑음,단일로 - 기타,승용,여,52세,상해없음,승합,남,37세,경상
2017011900100475,2017년 1월 19일 19시,목요일,대전광역시 중구 태평동,경상사고,0,0,1,0,차대차 - 추돌,안전운전불이행,건조,맑음,단일로 - 기타,승용,남,54세,상해없음,승용,여,34세,경상
2017011900100498,2017년 1월 19일 20시,목요일,대전광역시 중구 선화동,경상사고,0,0,1,0,차대차 - 측면충돌,기타,건조,맑음,단일로 - 기타,승용,남,50세,상해없음,원동기,남,52세,경상
2017011900100499,2017년 1월 19일 20시,목요일,대전광역시 유성구 봉명동,경상사고,0,0,1,0,차대차 - 측면충돌,안전거리미확보,건조,맑음,단일로 - 기타,승용,남,68세,상해없음,승용,남,37세,경상
2017011900100525,2017년 1월 19일 21시,목요일,대전광역시 유성구 문지동,경상사고,0,0,2,0,차대차 - 측면충돌,신호위반,건조,맑음,교차로 - 교차로안,승용,남,49세,상해없음,승용,남,34세,경상
2017011900100571,2017년 1월 19일 23시,목요일,대전광역시 유성구 지족동,경상사고,0,0,1,0,차대차 - 기타,안전운전불이행,건조,맑음,단일로 - 기타,승용,남,52세,상해없음,승용,남,58세,경상
2017012000100061,2017년 1월 20일 03시,금요일,대전광역시 서구 도마동,중상사고,0,1,0,0,차량단독 - 기타,안전운전불이행,적설,흐림,교차로 - 교차로부근,승용,남,40세,상해없음,,,,