사고번호,사고일시,요일,시군구,사고내용,사망자수,중상자수,경상자수,부상신고자수,사고유형,법규위반,노면상태,기상상태,도로형태,가해운전자 차종,가해운전자 성별,가해운전자 연령,가해운전자 상해정도,피해운전자 차종,피해운전자 성별,피해운전자 연령,피해운전자 상해정도
2017020800100023,2017년 2월 8일 00시,수요일,대전광역시 서구 월평동,중상사고,0,2,1,0,차대차 - 측면충돌,신호위반,건조,맑음,교차로 - 교차로안,승용,남,22세,상해없음,승용,남,26세,중상
2017020800100030,2017년 2월 8일 01시,수요일,대전광역시 중구 중촌동,경상사고,0,0,1,0,차대차 - 추돌,안전운전불이행,건조,맑음,교차로 - 교차로부근,승용,남,35세,상해없음,승용,남,42세,경상
2017020800100040,2017년 2월 8일 02시,수요일,대전광역시 중구 선화동,중상사고,0,1,0,0,차대사람 - 횡단중,안전운전불이행,건조,맑음,단일로 - 교량,승용,남,69세,상해없음,보행자,남,17세,중상
2017020800100145,2017년 2월 8일 09시,수요일,대전광역시 동구 가오동,경상사고,0,0,1,0,차대차 - 후진중충돌,안전운전불이행,건조,맑음,단일로 - 기타,승합,남,47세,상해없음,승용,남,26세,경상
2017020800100242,2017년 2월 8일 13시,수요일,대전광역시 중구 용두동,경상사고,0,0,1,0,차대차 - 측면충돌,안전운전불이행,건조,맑음,단일로 - 기타,승용,여,74세,상해없음,승용,여,56세,경상
2017020800100271,2017년 2월 8일 14시,수요일,대전광역시 서구 둔산동,경상사고,0,0,1,0,차량단독 - 공작물충돌,기타,건조,맑음,단일로 - 기타,승합,남,43세,상해없음,,,,
2017020800100272,2017년 2월 8일 14시,수요일,대전광역시 유성구 궁동,경상사고,0,0,1,0,차대차 - 기타,안전운전불이행,건조,맑음,교차로 - 교차로안,승용,남,31세,상해없음,자전거,여,21세,경상
2017020800100303,2017년 2월 8일 15시,수요일,대전광역시 중구 태평동,중상사고,0,1,0,0,차대차 - 측면충돌,신호위반,건조,맑음,단일로 - 기타,승용,남,75세,상해없음,자전거,여,70세,중상
2017020800100440,2017년 2월 8일 19시,수요일,대전광역시 동구 가양동,경상사고,0,0,1,0,차대차 - 측면충돌,안전운전불이행,건조,맑음,교차로 - 교차로안,승용,남,57세,상해없음,승용,남,59세,경상
2017020800100441,2017년 2월 8일 19시,수요일,대전광역시 대덕구 오정동,부상신고사고,0,0,0,1,차대차 - 기타,안전운전불이행,젖음/습기,흐림,단일로 - 기타,승용,남,73세,상해없음,자전거,남,23세,부상신고
2017020800100442,2017년 2월 8일 19시,수요일,대전광역시 유성구 송강동,중상사고,0,1,0,0,차대사람 - 횡단중,안전운전불이행,건조,맑음,기타 - 기타,승용,남,49세,상해없음,보행자,여,46세,중상
2017020800100464,2017년 2월 8일 20시,수요일,대전광역시 유성구 어은동,중상사고,0,1,0,0,차대사람 - 기타,안전운전불이행,건조,맑음,기타 - 기타,승용,남,30세,상해없음,보행자,남,55세,중상
2017020800100486,2017년 2월 8일 21시,수요일,대전광역시 중구 용두동,경상사고,0,0,1,0,차대사람 - 횡단중,안전운전불이행,건조,맑음,단일로 - 기타,승용,여,54세,상해없음,보행자,남,36세,경상
2017020800100487,2017년 2월 8일 21시,수요일,대전광역시 서구 탄방동,경상사고,0,0,1,0,차대차 - 기타,안전운전불이행,건조,맑음,교차로 - 교차로안,승용,여,59세,상해없음,승용,남,49세,경상
2017020800100488,2017년 2월 8일 21시,수요일,대전광역시 유성구 도룡동,경상사고,0,0,1,0,차대차 - 추돌,안전운전불이행,건조,맑음,단일로 - 교량,원동기,남,22세,기타불명,승용,남,27세,경상
2017020800100532,2017년 2월 8일 23시,수요일,대전광역시 유성구 궁동,중상사고,0,1,0,0,차대사람 - 횡단중,안전운전불이행,건조,맑음,교차로 - 교차로안,승용,남,53세,상해없음,보행자,남,57세,중상
2017020900100117,2017년 2월 9일 08시,목요일,대전광역시 유성구 봉명동,중상사고,0,1,1,0,차대차 - 기타,안전운전불이행,건조,맑음,교차로 - 교차로안,승용,남,44세,경상,승용,남,45세,중상
2017020900100144,2017년 2월 9일 09시,목요일,대전광역시 동구 판암동,경상사고,0,0,1,0,차대사람 - 횡단중,보행자보호의무위반,건조,맑음,단일로 - 기타,승합,남,58세,상해없음,보행자,여,27세,경상
2017020900100187,2017년 2월 9일 11시,목요일,대전광역시 중구 유천동,경상사고,0,0,2,0,차대차 - 측면충돌,신호위반,건조,맑음,교차로 - 교차로안,승용,여,55세,상해없음,승용,남,66세,경상
2017020900100188,2017년 2월 9일 11시,목요일,대전광역시 서구 둔산동,경상사고,0,0,1,0,차대차 - 기타,중앙선침범,건조,맑음,단일로 - 기타,승용,남,32세,상해없음,이륜,남,49세,경상
2017020900100189,2017년 2월 9일 11시,목요일,대전광역시 서구 둔산동,경상사고,0,0,1,0,차대사람 - 기타,안전운전불이행,건조,맑음,교차로 - 교차로안,화물,남,56세,상해없음,보행자,여,22세,경상
2017020900100190,2017년 2월 9일 11시,목요일,대전광역시 유성구 관평동,경상사고,0,0,3,0,차대차 - 기타,안전운전불이행,건조,맑음,단일로 - 기타,승용,남,43세,상해없음,승용,여,25세,경상
2017020900100242,2017년 2월 9일 13시,목요일,대전광역시 대덕구 중리동,중상사고,0,1,0,0,차대사람 - 횡단중,안전운전불이행,건조,맑음,단일로 - 기타,승용,여,47세,상해없음,보행자,여,35세,중상
2017020900100243,2017년 2월 9일 13시,목요일,대전광역시 유성구 봉산동,경상사고,0,0,1,0,차대차 - 기타,안전거리미확보,건조,맑음,단일로 - 교량,승용,남,67세,상해없음,승용,남,40세,상해없음
2017020900100348,2017년 2월 9일 17시,목요일,대전광역시 중구 유천동,중상사고,0,1,0,0,차대사람 - 길가장자리구역통행중,안전운전불이행,건조,맑음,단일로 - 기타,승용,여,43세,상해없음,보행자,남,7세,중상
2017020900100389,2017년 2월 9일 18시,목요일,대전광역시 중구 부사동,경상사고,0,0,4,0,차대차 - 추돌,안전운전불이행,건조,맑음,단일로 - 기타,승용,남,47세,상해없음,승용,여,55세,경상
2017020900100390,2017년 2월 9일 18시,목요일,대전광역시 유성구 관평동,중상사고,0,1,0,0,차대사람 - 횡단중,보행자보호의무위반,건조,맑음,교차로 - 교차로안,승용,여,47세,상해없음,보행자,여,18세,중상
2017020900100437,2017년 2월 9일 19시,목요일,대전광역시 중구 대사동,경상사고,0,0,3,0,차대차 - 측면충돌,안전거리미확보,건조,맑음,교차로 - 교차로부근,승용,여,40세,상해없음,승용,남,29세,경상
2017020900100438,2017년 2월 9일 19시,목요일,대전광역시 유성구 봉명동,중상사고,0,1,0,0,차대사람 - 횡단중,안전운전불이행,건조,맑음,교차로 - 교차로안,화물,남,30세,상해없음,보행자,여,48세,중상
2017020900100439,2017년 2월 9일 19시,목요일,대전광역시 유성구 학하동,경상사고,0,0,2,0,차대차 - 측면충돌,교차로운행방법위반,건조,맑음,교차로 - 교차로안,승용,남,55세,상해없음,승용,남,55세,경상
2017020900100465,2017년 2월 9일 20시,목요일,대전광역시 유성구 어은동,경상사고,0,0,2,0,차대차 - 측면충돌,안전운전불이행,건조,맑음,단일로 - 기타,이륜,남,24세,경상,승용,남,24세,경상
2017020900100487,2017년 2월 9일 21시,목요일,대전광역시 대덕구 법동,경상사고,0,0,1,0,차대차 - 추돌,안전운전불이행,젖음/습기,눈,교차로 - 교차로안,승용,여,55세,상해없음,승용,남,44세,경상
2017020900100518,2017년 2월 9일 22시,목요일,대전광역시 동구 중동,경상사고,0,0,1,0,차대사람 - 횡단중,신호위반,건조,맑음,단일로 - 기타,승용,남,72세,상해없음,보행자,남,25세,경상
2017020900100544,2017년 2월 9일 23시,목요일,대전광역시 동구 용전동,경상사고,0,0,1,0,차대사람 - 횡단중,안전운전불이행,건조,맑음,단일로 - 기타,승용,남,29세,상해없음,보행자,남,28세,경상
2017021000100026,2017년 2월 10일 00시,금요일,대전광역시 서구 갈마동,경상사고,0,0,3,0,차대차 - 기타,안전운전불이행,건조,맑음,단일로 - 기타,승용,남,23세,상해없음,승용,남,28세,경상
2017021000100073,2017년 2월 10일 05시,금요일,대전광역시 서구 탄방동,경상사고,0,0,2,0,차대차 - 기타,신호위반,건조,맑음,교차로 - 교차로부근,승합,남,31세,상해없음,승용,남,20세,경상
2017021000100146,2017년 2월 10일 08시,금요일,대전광역시 유성구 구암동,중상사고,0,1,0,0,차대사람 - 보도통행중,기타,서리/결빙,맑음,단일로 - 교량,승용,남,39세,상해없음,보행자,남,64세,중상
2017021000100173,2017년 2월 10일 09시,금요일,대전광역시 유성구 관평동,중상사고,0,1,0,0,차대사람 - 횡단중,안전운전불이행,건조,맑음,교차로 - 교차로부근,승용,남,33세,상해없음,보행자,여,58세,중상
2017021000100219,2017년 2월 10일 11시,금요일,대전광역시 서구 가장동,경상사고,0,0,1,0,차대차 - 추돌,안전운전불이행,건조,맑음,교차로 - 교차로부근,화물,남,34세,상해없음,승용,여,50세,경상
2017021000100259,2017년 2월 10일 13시,금요일,대전광역시 대덕구 중리동,중상사고,0,1,0,0,차대사람 - 기타,기타,건조,맑음,교차로 - 교차로부근,화물,남,37세,상해없음,보행자,남,78세,중상
2017021000100288,2017년 2월 10일 14시,금요일,대전광역시 서구 갈마동,경상사고,0,0,1,0,차대사람 - 길가장자리구역통행중,안전운전불이행,건조,맑음,단일로 - 기타,승용,남,52세,상해없음,보행자,여,11세,경상
2017021000100289,2017년 2월 10일 14시,금요일,대전광역시 서구 탄방동,경상사고,0,0,1,0,차대차 - 측면충돌,안전운전불이행,건조,맑음,단일로 - 기타,승용,여,48세,상해없음,자전거,여,51세,경상
2017021000100369,2017년 2월 10일 17시,금요일,대전광역시 유성구 덕명동,경상사고,0,0,1,0,차대차 - 기타,안전거리미확보,건조,맑음,교차로 - 교차로부근,승용,남,63세,상해없음,승용,여,52세,상해없음
2017021000100407,2017년 2월 10일 18시,금요일,대전광역시 중구 오류동,중상사고,0,1,0,0,차대차 - 측면충돌,안전운전불이행,건조,맑음,교차로 - 교차로부근,화물,여,34세,상해없음,승용,남,39세,중상
2017021000100408,2017년 2월 10일 18시,금요일,대전광역시 대덕구 신일동,경상사고,0,0,1,1,차대차 - 추돌,안전거리미확보,건조,맑음,단일로 - 기타,화물,남,56세,상해없음,승용,여,21세,부상신고
2017021000100409,2017년 2월 10일 18시,금요일,대전광역시 대덕구 문평동,경상사고,0,0,1,0,차대차 - 기타,신호위반,건조,맑음,교차로 - 교차로안,승용,남,38세,상해없음,승용,여,44세,경상
2017021000100410,2017년 2월 10일 18시,금요일,대전광역시 대덕구 신일동,중상사고,0,1,2,0,차대차 - 기타,안전운전불이행,건조,맑음,교차로 - 교차로부근,승용,여,40세,상해없음,승용,여,61세,중상
2017021000100411,2017년 2월 10일 18시,금요일,대전광역시 유성구 상대동,중상사고,0,1,0,0,차대차 - 정면충돌,신호위반,건조,맑음,교차로 - 교차로부근,승용,여,29세,기타불명,승용,남,48세,중상
2017021000100455,2017년 2월 10일 19시,금요일,대전광역시 대덕구 중리동,부상신고사고,0,0,0,1,차대차 - 측면충돌,신호위반,건조,맑음,교차로 - 교차로안,이륜,남,79세,부상신고,승합,남,65세,상해없음
2017021000100456,2017년 2월 10일 19시,금요일,대전광역시 대덕구 평촌동,경상사고,0,0,1,0,차대차 - 추돌,안전운전불이행,건조,맑음,단일로 - 기타,승용,남,45세,상해없음,승용,남,27세,경상
2017021000100457,2017년 2월 10일 19시,금요일,대전광역시 대덕구 비래동,중상사고,0,1,0,0,차대사람 - 횡단중,보행자보호의무위반,건조,맑음,단일로 - 기타,화물,남,43세,상해없음,보행자,남,60세,중상
2017021000100458,2017년 2월 10일 19시,금요일,대전광역시 서구 둔산동,경상사고,0,0,2,0,차대사람 - 횡단중,신호위반,건조,맑음,교차로 - 교차로횡단보도내,이륜,남,54세,상해없음,보행자,여,12세,경상
2017021000100459,2017년 2월 10일 19시,금요일,대전광역시 유성구 노은동,중상사고,0,2,3,0,차대차 - 정면충돌,신호위반,건조,맑음,교차로 - 교차로안,승용,여,38세,상해없음,승용,남,38세,경상
2017021000100509,2017년 2월 10일 20시,금요일,대전광역시 동구 가양동,중상사고,0,1,0,0,차대차 - 측면충돌,교차로운행방법위반,건조,기타,교차로 - 교차로안,승용,남,29세,상해없음,원동기,남,39세,중상
2017021000100510,2017년 2월 10일 20시,금요일,대전광역시 서구 탄방동,경상사고,0,0,1,0,차대차 - 기타,중앙선침범,건조,흐림,단일로 - 기타,기타불명,기타불명,미분류,기타불명,승용,남,48세,경상
2017021000100596,2017년 2월 10일 23시,금요일,대전광역시 동구 삼성동,경상사고,0,0,1,0,차대차 - 정면충돌,안전운전불이행,적설,흐림,단일로 - 기타,승용,남,56세,상해없음,승합,남,52세,경상
2017021000100597,2017년 2월 10일 23시,금요일,대전광역시 서구 둔산동,중상사고,0,4,2,0,차대차 - 추돌,안전운전불이행,젖음/습기,눈,교차로 - 교차로부근,승용,남,42세,경상,승용,여,20세,중상
2017021100100066,2017년 2월 11일 02시,토요일,대전광역시 중구 대흥동,경상사고,0,0,1,0,차대사람 - 횡단중,보행자보호의무위반,적설,눈,단일로 - 기타,승용,남,25세,상해없음,보행자,여,20세,경상
2017021100100080,2017년 2월 11일 03시,토요일,대전광역시 서구 갈마동,경상사고,0,0,2,0,차대차 - 추돌,안전거리미확보,적설,눈,단일로 - 기타,승용,남,26세,상해없음,승합,남,48세,경상
2017021100100126,2017년 2월 11일 07시,토요일,대전광역시 대덕구 문평동,경상사고,0,0,2,0,차대차 - 기타,신호위반,건조,맑음,교차로 - 교차로안,승용,여,68세,상해없음,승용,여,37세,경상
2017021100100216,2017년 2월 11일 11시,토요일,대전광역시 유성구 봉명동,중상사고,0,1,1,0,차대차 - 측면충돌,교차로운행방법위반,건조,맑음,교차로 - 교차로안,승용,남,55세,상해없음,승용,남,69세,경상
2017021100100217,2017년 2월 11일 11시,토요일,대전광역시 유성구 복용동,경상사고,0,0,1,0,차대차 - 기타,안전거리미확보,건조,맑음,단일로 - 기타,승용,남,52세,상해없음,승용,남,42세,경상
2017021100100251,2017년 2월 11일 12시,토요일,대전광역시 중구 문화동,경상사고,0,0,1,0,차대차 - 후진중충돌,안전운전불이행,건조,맑음,주차장 - 주차장,승용,남,42세,상해없음,승용,남,36세,경상
2017021100100285,2017년 2월 11일 13시,토요일,대전광역시 대덕구 신대동,경상사고,0,0,2,0,차대차 - 추돌,안전운전불이행,건조,맑음,단일로 - 기타,화물,남,68세,상해없음,승용,남,39세,경상
2017021100100286,2017년 2월 11일 13시,토요일,대전광역시 서구 만년동,경상사고,0,0,2,0,차대차 - 측면충돌,교차로운행방법위반,건조,맑음,단일로 - 기타,화물,남,55세,경상,승용,남,61세,경상
2017021100100317,2017년 2월 11일 14시,토요일,대전광역시 대덕구 신대동,중상사고,0,2,2,0,차대차 - 추돌,안전운전불이행,건조,맑음,단일로 - 기타,건설기계,남,49세,상해없음,승용,여,31세,경상
2017021100100318,2017년 2월 11일 14시,토요일,대전광역시 서구 탄방동,경상사고,0,0,2,0,차대차 - 추돌,안전운전불이행,건조,맑음,단일로 - 기타,승용,남,56세,상해없음,승용,남,25세,경상
2017021100100319,2017년 2월 11일 14시,토요일,대전광역시 유성구 구암동,경상사고,0,0,1,0,차대차 - 추돌,안전운전불이행,건조,맑음,교차로 - 교차로안,화물,남,36세,상해없음,승용,남,31세,상해없음
2017021100100348,2017년 2월 11일 15시,토요일,대전광역시 서구 둔산동,경상사고,0,0,2,0,차대차 - 추돌,안전운전불이행,건조,맑음,교차로 - 교차로부근,승용,남,58세,상해없음,승용,남,33세,경상
2017021100100432,2017년 2월 11일 18시,토요일,대전광역시 중구 옥계동,중상사고,0,1,0,0,차대차 - 측면충돌,차로위반,건조,맑음,단일로 - 기타,승용,남,46세,상해없음,원동기,남,53세,중상
2017021100100433,2017년 2월 11일 18시,토요일,대전광역시 대덕구 중리동,부상신고사고,0,0,0,1,차대차 - 기타,안전운전불이행,건조,맑음,단일로 - 기타,기타불명,기타불명,미분류,기타불명,원동기,남,20세,부상신고
2017021100100434,2017년 2월 11일 18시,토요일,대전광역시 유성구 궁동,경상사고,0,0,1,0,차대차 - 추돌,안전운전불이행,건조,맑음,교차로 - 교차로부근,승용,남,27세,기타불명,이륜,남,48세,경상
2017021100100505,2017년 2월 11일 20시,토요일,대전광역시 서구 월평동,경상사고,0,0,1,0,차대차 - 측면충돌,안전거리미확보,건조,맑음,단일로 - 기타,승용,남,64세,상해없음,이륜,남,21세,경상
2017021100100525,2017년 2월 11일 21시,토요일,대전광역시 대덕구 중리동,경상사고,0,0,1,0,차대차 - 측면충돌,직진우회전진행방해,건조,맑음,교차로 - 교차로안,승용,남,36세,상해없음,원동기,남,23세,경상
2017021100100526,2017년 2월 11일 21시,토요일,대전광역시 유성구 지족동,경상사고,0,0,3,0,차대차 - 정면충돌,안전운전불이행,건조,맑음,교차로 - 교차로부근,승용,여,43세,상해없음,승용,여,27세,경상
2017021100100555,2017년 2월 11일 22시,토요일,대전광역시 유성구 봉산동,경상사고,0,0,1,0,차대차 - 정면충돌,신호위반,건조,맑음,교차로 - 교차로횡단보도내,승용,남,32세,상해없음,승용,남,55세,경상
2017021200100040,2017년 2월 12일 01시,일요일,대전광역시 동구 인동,중상사고,0,1,0,0,차대사람 - 횡단중,안전운전불이행,건조,맑음,단일로 - 기타,승용,남,54세,상해없음,보행자,남,64세,중상
2017021200100052,2017년 2월 12일 02시,일요일,대전광역시 대덕구 대화동,사망사고,1,0,0,0,차량단독 - 도로외이탈 - 기타,안전운전불이행,건조,맑음,단일로 - 기타,승용,남,36세,사망,,,,
2017021200100085,2017년 2월 12일 05시,일요일,대전광역시 중구 유천동,경상사고,0,0,2,0,차량단독 - 기타,안전운전불이행,건조,맑음,단일로 - 기타,승용,남,55세,상해없음,,,,
2017021200100086,2017년 2월 12일 05시,일요일,대전광역시 동구 대성동,사망사고,1,1,0,0,차대차 - 정면충돌,안전운전불이행,건조,맑음,교차로 - 교차로부근,승용,남,26세,상해없음,승용,남,30세,중상
2017021200100097,2017년 2월 12일 06시,일요일,대전광역시 동구 삼성동,중상사고,0,1,1,0,차대차 - 측면충돌,신호위반,건조,맑음,교차로 - 교차로안,승용,남,47세,상해없음,승용,여,34세,경상
2017021200100120,2017년 2월 12일 08시,일요일,대전광역시 서구 월평동,경상사고,0,0,1,0,차대차 - 추돌,안전운전불이행,건조,맑음,단일로 - 기타,승용,남,31세,상해없음,승용,남,58세,경상
2017021200100121,2017년 2월 12일 08시,일요일,대전광역시 서구 갈마동,경상사고,0,0,1,0,차대차 - 정면충돌,안전운전불이행,건조,맑음,교차로 - 교차로부근,승용,남,27세,상해없음,승용,남,61세,경상
2017021200100122,2017년 2월 12일 08시,일요일,대전광역시 유성구 구암동,경상사고,0,0,1,0,차대차 - 기타,안전거리미확보,건조,맑음,단일로 - 기타,승용,여,51세,상해없음,승용,남,25세,경상
2017021200100179,2017년 2월 12일 11시,일요일,대전광역시 대덕구 와동,경상사고,0,0,4,0,차대차 - 추돌,안전운전불이행,건조,맑음,단일로 - 기타,화물,남,49세,상해없음,승용,남,52세,경상
2017021200100180,2017년 2월 12일 11시,일요일,대전광역시 대덕구 신탄진동,경상사고,0,0,1,0,차대차 - 추돌,안전거리미확보,건조,맑음,단일로 - 기타,승용,남,63세,상해없음,승용,여,41세,경상
2017021200100199,2017년 2월 12일 12시,일요일,대전광역시 유성구 반석동,중상사고,0,2,5,0,차대차 - 측면충돌,중앙선침범,건조,맑음,교차로 - 교차로부근,승용,여,29세,상해없음,승용,남,36세,중상
2017021200100273,2017년 2월 12일 16시,일요일,대전광역시 서구 괴정동,경상사고,0,0,2,0,차대차 - 정면충돌,중앙선침범,건조,맑음,교차로 - 교차로부근,승용,남,46세,상해없음,승용,남,33세,경상
2017021200100320,2017년 2월 12일 18시,일요일,대전광역시 대덕구 중리동,경상사고,0,0,1,0,차대차 - 추돌,안전운전불이행,건조,맑음,단일로 - 기타,승용,남,28세,상해없음,화물,남,47세,경상
2017021200100353,2017년 2월 12일 19시,일요일,대전광역시 유성구 하기동,경상사고,0,0,2,0,차대차 - 측면충돌,교차로운행방법위반,건조,맑음,교차로 - 교차로안,승용,남,58세,상해없음,승용,여,45세,경상
2017021300100028,2017년 2월 13일 00시,월요일,대전광역시 중구 태평동,경상사고,0,0,1,0,차대차 - 추돌,안전운전불이행,건조,맑음,단일로 - 교량,승용,남,41세,상해없음,승용,남,28세,경상
2017021300100093,2017년 2월 13일 07시,월요일,대전광역시 서구 도안동,경상사고,0,0,1,0,차대차 - 추돌,안전운전불이행,건조,맑음,단일로 - 기타,승용,남,33세,상해없음,승용,여,29세,경상
2017021300100094,2017년 2월 13일 07시,월요일,대전광역시 유성구 외삼동,경상사고,0,0,1,0,차대차 - 추돌,안전운전불이행,건조,맑음,단일로 - 기타,화물,남,29세,상해없음,승용,남,46세,경상
2017021300100129,2017년 2월 13일 08시,월요일,대전광역시 서구 내동,경상사고,0,0,1,0,차대차 - 측면충돌,교차로운행방법위반,건조,맑음,교차로 - 교차로안,승합,남,60세,상해없음,이륜,남,59세,경상
2017021300100148,2017년 2월 13일 09시,월요일,대전광역시 중구 목동,경상사고,0,0,1,0,차대차 - 정면충돌,안전운전불이행,건조,맑음,단일로 - 기타,승용,남,51세,상해없음,승용,남,67세,경상
2017021300100236,2017년 2월 13일 12시,월요일,대전광역시 중구 선화동,경상사고,0,0,1,0,차대사람 - 기타,안전운전불이행,건조,맑음,교차로 - 교차로부근,승합,남,44세,상해없음,보행자,여,80세,경상
2017021300100323,2017년 2월 13일 15시,월요일,대전광역시 서구 관저동,경상사고,0,0,1,0,차대사람 - 횡단중,보행자보호의무위반,건조,맑음,단일로 - 기타,화물,남,46세,상해없음,보행자,여,9세,경상
2017021300100324,2017년 2월 13일 15시,월요일,대전광역시 유성구 상대동,중상사고,0,1,0,0,차대사람 - 기타,안전운전불이행,건조,맑음,단일로 - 기타,자전거,남,12세,상해없음,보행자,남,8세,중상
2017021300100344,2017년 2월 13일 16시,월요일,대전광역시 서구 용문동,경상사고,0,0,1,0,차대차 - 측면충돌,교차로운행방법위반,건조,맑음,교차로 - 교차로안,승용,여,61세,상해없음,승용,여,61세,경상
2017021300100345,2017년 2월 13일 16시,월요일,대전광역시 유성구 장대동,경상사고,0,0,1,0,차대사람 - 횡단중,보행자보호의무위반,건조,맑음,교차로 - 교차로안,승용,남,45세,상해없음,보행자,남,32세,경상
2017021300100374,2017년 2월 13일 17시,월요일,대전광역시 동구 용전동,경상사고,0,0,1,0,차대차 - 기타,신호위반,젖음/습기,비,단일로 - 기타,승용,여,26세,상해없음,자전거,남,80세,경상
2017021300100375,2017년 2월 13일 17시,월요일,대전광역시 동구 삼성동,경상사고,0,0,1,0,차대사람 - 길가장자리구역통행중,안전운전불이행,건조,맑음,단일로 - 기타,승용,남,55세,상해없음,보행자,여,71세,경상
2017021300100408,2017년 2월 13일 18시,월요일,대전광역시 서구 둔산동,경상사고,0,0,1,0,차대사람 - 횡단중,보행자보호의무위반,건조,맑음,단일로 - 기타,승용,여,27세,상해없음,보행자,여,30세,경상
2017021300100458,2017년 2월 13일 19시,월요일,대전광역시 서구 갈마동,경상사고,0,0,2,0,차대차 - 기타,안전거리미확보,젖음/습기,흐림,단일로 - 기타,승용,여,42세,상해없음,승용,남,51세,경상
2017021300100459,2017년 2월 13일 19시,월요일,대전광역시 유성구 봉명동,경상사고,0,0,2,0,차대차 - 추돌,안전운전불이행,젖음/습기,흐림,교차로 - 교차로부근,승용,남,44세,상해없음,승용,남,64세,경상
2017021300100460,2017년 2월 13일 19시,월요일,대전광역시 유성구 궁동,경상사고,0,0,3,0,차대차 - 추돌,안전운전불이행,젖음/습기,비,단일로 - 기타,승합,남,49세,상해없음,승용,남,38세,경상
2017021300100461,2017년 2월 13일 19시,월요일,대전광역시 유성구 장대동,부상신고사고,0,0,0,1,차대사람 - 기타,안전운전불이행,건조,맑음,단일로 - 기타,이륜,남,34세,상해없음,보행자,남,57세,부상신고
2017021300100481,2017년 2월 13일 20시,월요일,대전광역시 대덕구 읍내동,사망사고,1,2,1,0,차대차 - 기타,안전운전불이행,젖음/습기,흐림,단일로 - 기타,화물,남,62세,사망,화물,남,52세,경상
2017021300100486,2017년 2월 13일 20시,월요일,대전광역시 동구 가양동,경상사고,0,0,1,0,차대사람 - 횡단중,신호위반,젖음/습기,비,교차로 - 교차로횡단보도내,승용,여,46세,상해없음,보행자,여,19세,경상
2017021300100487,2017년 2월 13일 20시,월요일,대전광역시 서구 탄방동,경상사고,0,0,1,0,차대차 - 추돌,안전운전불이행,건조,맑음,교차로 - 교차로부근,승용,남,48세,상해없음,승용,여,56세,경상
2017021300100519,2017년 2월 13일 21시,월요일,대전광역시 동구 용운동,경상사고,0,0,1,1,차대사람 - 횡단중,보행자보호의무위반,건조,맑음,교차로 - 교차로안,승용,남,48세,상해없음,보행자,남,29세,경상
2017021300100546,2017년 2월 13일 22시,월요일,대전광역시 유성구 도룡동,경상사고,0,0,3,0,차대차 - 측면충돌,교차로운행방법위반,젖음/습기,비,교차로 - 교차로안,승용,여,43세,경상,승용,남,45세,경상
2017021400100031,2017년 2월 14일 00시,화요일,대전광역시 대덕구 상서동,경상사고,0,0,2,0,차대차 - 추돌,안전운전불이행,건조,맑음,교차로 - 교차로부근,승용,남,36세,상해없음,화물,남,54세,경상
2017021400100088,2017년 2월 14일 06시,화요일,대전광역시 동구 가양동,중상사고,0,1,0,0,차대사람 - 횡단중,보행자보호의무위반,젖음/습기,흐림,교차로 - 교차로안,승용,남,57세,기타불명,보행자,여,56세,중상
2017021400100112,2017년 2월 14일 07시,화요일,대전광역시 중구 선화동,중상사고,0,1,1,0,차대차 - 측면충돌,교차로운행방법위반,건조,맑음,교차로 - 교차로안,승용,남,35세,중상,승용,여,24세,경상
2017021400100151,2017년 2월 14일 08시,화요일,대전광역시 중구 태평동,경상사고,0,0,1,0,차대사람 - 횡단중,신호위반,건조,맑음,교차로 - 교차로횡단보도내,승용,남,43세,상해없음,보행자,남,36세,경상
2017021400100152,2017년 2월 14일 08시,화요일,대전광역시 중구 용두동,경상사고,0,0,1,0,차대차 - 추돌,안전운전불이행,젖음/습기,비,단일로 - 고가도로위,승용,남,31세,상해없음,승용,남,43세,경상
2017021400100183,2017년 2월 14일 09시,화요일,대전광역시 중구 문창동,경상사고,0,0,1,0,차대사람 - 기타,안전운전불이행,건조,맑음,단일로 - 기타,승용,여,52세,상해없음,보행자,남,49세,경상
2017021400100184,2017년 2월 14일 09시,화요일,대전광역시 중구 대흥동,중상사고,0,1,0,0,차대차 - 측면충돌,안전운전불이행,건조,맑음,단일로 - 기타,화물,남,70세,상해없음,자전거,남,77세,중상
2017021400100185,2017년 2월 14일 09시,화요일,대전광역시 서구 탄방동,경상사고,0,0,3,0,차대차 - 측면충돌,안전운전불이행,건조,맑음,교차로 - 교차로부근,승용,여,51세,경상,승용,남,36세,경상
2017021400100211,2017년 2월 14일 10시,화요일,대전광역시 대덕구 평촌동,경상사고,0,0,1,0,차대차 - 추돌,안전거리미확보,건조,맑음,교차로 - 교차로부근,화물,남,72세,상해없음,승용,남,40세,경상
2017021400100212,2017년 2월 14일 10시,화요일,대전광역시 유성구 궁동,경상사고,0,0,3,0,차대차 - 추돌,안전운전불이행,건조,맑음,단일로 - 기타,승용,여,31세,상해없음,승용,여,40세,경상
2017021400100256,2017년 2월 14일 12시,화요일,대전광역시 중구 오류동,경상사고,0,0,2,0,차대차 - 측면충돌,안전운전불이행,건조,맑음,단일로 - 기타,승용,여,61세,상해없음,승용,여,45세,경상