사고번호,사고일시,요일,시군구,사고내용,사망자수,중상자수,경상자수,부상신고자수,사고유형,법규위반,노면상태,기상상태,도로형태,가해운전자 차종,가해운전자 성별,가해운전자 연령,가해운전자 상해정도,피해운전자 차종,피해운전자 성별,피해운전자 연령,피해운전자 상해정도
2017031600100489,2017년 3월 16일 20시,목요일,대전광역시 서구 가수원동,경상사고,0,0,1,0,차량단독 - 공작물충돌,안전운전불이행,건조,맑음,단일로 - 기타,승용,남,53세,경상,,,,
2017031600100490,2017년 3월 16일 20시,목요일,대전광역시 유성구 관평동,경상사고,0,0,2,0,차대차 - 기타,안전거리미확보,건조,맑음,단일로 - 기타,승용,남,51세,상해없음,승용,남,31세,경상
2017031600100491,2017년 3월 16일 20시,목요일,대전광역시 유성구 구암동,중상사고,0,2,0,0,차대차 - 기타,신호위반,건조,맑음,교차로 - 교차로안,승용,남,66세,중상,승용,여,46세,중상
2017031600100564,2017년 3월 16일 23시,목요일,대전광역시 서구 둔산동,사망사고,1,0,0,0,차대사람 - 기타,안전운전불이행,건조,맑음,단일로 - 기타,승용,남,38세,상해없음,보행자,남,75세,사망
2017031700100034,2017년 3월 17일 00시,금요일,대전광역시 서구 내동,경상사고,0,0,1,0,차대사람 - 기타,안전운전불이행,건조,맑음,단일로 - 기타,승용,남,59세,상해없음,보행자,남,22세,경상
2017031700100148,2017년 3월 17일 08시,금요일,대전광역시 유성구 학하동,중상사고,0,1,2,0,차대차 - 기타,안전운전불이행,건조,맑음,교차로 - 교차로안,승용,남,32세,상해없음,승용,여,39세,중상
2017031700100179,2017년 3월 17일 09시,금요일,대전광역시 서구 둔산동,경상사고,0,0,1,0,차대사람 - 차도통행중,안전운전불이행,건조,맑음,단일로 - 기타,기타불명,기타불명,미분류,기타불명,보행자,남,25세,경상
2017031700100207,2017년 3월 17일 10시,금요일,대전광역시 중구 선화동,중상사고,0,1,0,0,차대사람 - 횡단중,안전운전불이행,건조,맑음,교차로 - 교차로안,화물,남,45세,상해없음,보행자,남,58세,중상
2017031700100231,2017년 3월 17일 11시,금요일,대전광역시 유성구 관평동,경상사고,0,0,1,0,차대차 - 기타,신호위반,건조,맑음,교차로 - 교차로부근,화물,남,55세,상해없음,승용,여,48세,경상
2017031700100259,2017년 3월 17일 12시,금요일,대전광역시 중구 대흥동,경상사고,0,0,2,0,차대차 - 측면충돌,안전운전불이행,건조,맑음,교차로 - 교차로부근,승용,남,70세,상해없음,승용,남,45세,경상
2017031700100355,2017년 3월 17일 15시,금요일,대전광역시 중구 대흥동,경상사고,0,0,1,0,차대사람 - 횡단중,안전운전불이행,건조,맑음,교차로 - 교차로횡단보도내,승용,남,48세,상해없음,보행자,여,18세,경상
2017031700100356,2017년 3월 17일 15시,금요일,대전광역시 서구 용문동,경상사고,0,0,2,0,차대차 - 측면충돌,교차로운행방법위반,건조,맑음,교차로 - 교차로안,승용,여,48세,상해없음,승용,여,49세,경상
2017031700100357,2017년 3월 17일 15시,금요일,대전광역시 대덕구 대화동,부상신고사고,0,0,0,1,차대사람 - 길가장자리구역통행중,안전운전불이행,건조,맑음,단일로 - 기타,기타불명,기타불명,미분류,기타불명,보행자,남,10세,부상신고
2017031700100391,2017년 3월 17일 16시,금요일,대전광역시 서구 만년동,중상사고,0,1,1,0,차대차 - 기타,안전거리미확보,건조,맑음,단일로 - 기타,승용,남,56세,상해없음,승용,여,27세,중상
2017031700100460,2017년 3월 17일 18시,금요일,대전광역시 대덕구 오정동,경상사고,0,0,1,0,차대차 - 추돌,안전거리미확보,건조,맑음,교차로 - 교차로부근,승용,남,39세,상해없음,화물,남,58세,경상
2017031700100461,2017년 3월 17일 18시,금요일,대전광역시 서구 월평동,부상신고사고,0,0,0,1,차대차 - 기타,안전운전불이행,건조,맑음,교차로 - 교차로부근,승용,여,33세,상해없음,승용,남,29세,상해없음
2017031700100511,2017년 3월 17일 19시,금요일,대전광역시 대덕구 읍내동,경상사고,0,0,3,0,차대차 - 기타,중앙선침범,건조,맑음,교차로 - 교차로부근,승용,남,24세,상해없음,이륜,남,27세,경상
2017031700100542,2017년 3월 17일 20시,금요일,대전광역시 동구 용전동,경상사고,0,0,1,0,차대차 - 추돌,안전거리미확보,건조,맑음,단일로 - 기타,승용,여,50세,상해없음,원동기,남,36세,경상
2017031700100586,2017년 3월 17일 21시,금요일,대전광역시 동구 자양동,경상사고,0,0,1,0,차대사람 - 횡단중,안전운전불이행,건조,맑음,단일로 - 기타,승용,남,31세,상해없음,보행자,남,43세,경상
2017031700100587,2017년 3월 17일 21시,금요일,대전광역시 서구 둔산동,중상사고,0,1,0,0,차대사람 - 길가장자리구역통행중,안전운전불이행,건조,맑음,단일로 - 기타,승용,여,44세,상해없음,보행자,여,21세,중상
2017031700100636,2017년 3월 17일 23시,금요일,대전광역시 유성구 장대동,경상사고,0,0,1,0,차대차 - 추돌,안전거리미확보,건조,맑음,교차로 - 교차로안,승합,남,42세,상해없음,승용,남,27세,경상
2017031800100074,2017년 3월 18일 02시,토요일,대전광역시 서구 월평동,경상사고,0,0,3,0,차대차 - 추돌,안전운전불이행,건조,맑음,단일로 - 기타,승용,남,45세,상해없음,승용,남,53세,경상
2017031800100093,2017년 3월 18일 04시,토요일,대전광역시 서구 갈마동,경상사고,0,0,1,0,차대차 - 측면충돌,신호위반,건조,맑음,교차로 - 교차로안,승용,여,26세,상해없음,승용,여,66세,경상
2017031800100102,2017년 3월 18일 05시,토요일,대전광역시 서구 관저동,중상사고,0,1,0,0,차대차 - 측면충돌,신호위반,건조,맑음,교차로 - 교차로안,승용,남,50세,상해없음,이륜,남,69세,중상
2017031800100117,2017년 3월 18일 06시,토요일,대전광역시 동구 용운동,중상사고,0,1,0,0,차대사람 - 횡단중,안전운전불이행,건조,맑음,단일로 - 기타,승용,여,39세,상해없음,보행자,남,60세,중상
2017031800100118,2017년 3월 18일 06시,토요일,대전광역시 서구 괴정동,경상사고,0,0,2,0,차대차 - 후진중충돌,안전운전불이행,건조,맑음,주차장 - 주차장,승용,남,25세,상해없음,승용,남,28세,경상
2017031800100132,2017년 3월 18일 07시,토요일,대전광역시 중구 태평동,경상사고,0,0,1,0,차대차 - 측면충돌,안전거리미확보,건조,맑음,교차로 - 교차로부근,승용,남,63세,상해없음,승용,남,37세,경상
2017031800100133,2017년 3월 18일 07시,토요일,대전광역시 동구 삼성동,경상사고,0,0,1,0,차대사람 - 차도통행중,안전운전불이행,건조,맑음,단일로 - 기타,화물,남,48세,상해없음,보행자,여,28세,경상
2017031800100173,2017년 3월 18일 09시,토요일,대전광역시 서구 만년동,경상사고,0,0,1,0,차대차 - 추돌,안전거리미확보,건조,맑음,교차로 - 교차로안,승용,남,53세,상해없음,승용,남,51세,경상
2017031800100205,2017년 3월 18일 10시,토요일,대전광역시 서구 만년동,부상신고사고,0,0,0,1,차대사람 - 기타,안전운전불이행,건조,맑음,기타 - 기타,자전거,남,9세,상해없음,보행자,남,36세,부상신고
2017031800100237,2017년 3월 18일 11시,토요일,대전광역시 서구 복수동,중상사고,0,2,0,0,차대차 - 측면충돌,안전운전불이행,건조,맑음,교차로 - 교차로안,승용,남,45세,상해없음,승용,남,77세,중상
2017031800100238,2017년 3월 18일 11시,토요일,대전광역시 유성구 궁동,경상사고,0,0,4,0,차대차 - 측면충돌,안전거리미확보,건조,맑음,단일로 - 기타,승용,여,62세,경상,승용,여,29세,경상
2017031800100340,2017년 3월 18일 14시,토요일,대전광역시 서구 가장동,경상사고,0,0,2,0,차대차 - 추돌,안전운전불이행,건조,맑음,단일로 - 기타,승용,남,25세,상해없음,승용,남,54세,경상
2017031800100403,2017년 3월 18일 16시,토요일,대전광역시 중구 용두동,중상사고,0,1,1,0,차대차 - 측면충돌,안전운전불이행,건조,맑음,교차로 - 교차로안,승용,남,31세,상해없음,원동기,남,43세,중상
2017031800100404,2017년 3월 18일 16시,토요일,대전광역시 동구 대동,중상사고,0,1,1,0,차대차 - 정면충돌,신호위반,건조,맑음,교차로 - 교차로안,승용,여,39세,상해없음,승용,남,30세,중상
2017031800100405,2017년 3월 18일 16시,토요일,대전광역시 동구 삼정동,경상사고,0,0,1,0,차대사람 - 횡단중,신호위반,건조,맑음,교차로 - 교차로횡단보도내,화물,남,64세,상해없음,보행자,여,66세,경상
2017031800100406,2017년 3월 18일 16시,토요일,대전광역시 유성구 죽동,경상사고,0,0,1,0,차대차 - 측면충돌,안전운전불이행,건조,맑음,교차로 - 교차로안,승용,여,26세,상해없음,승용,남,31세,경상
2017031800100469,2017년 3월 18일 18시,토요일,대전광역시 대덕구 읍내동,경상사고,0,0,2,0,차대차 - 추돌,안전운전불이행,건조,맑음,교차로 - 교차로부근,승용,여,26세,상해없음,승용,남,66세,경상
2017031800100470,2017년 3월 18일 18시,토요일,대전광역시 서구 둔산동,경상사고,0,0,1,0,차량단독 - 기타,기타,건조,맑음,단일로 - 기타,승합,남,55세,상해없음,,,,
2017031800100510,2017년 3월 18일 19시,토요일,대전광역시 서구 가장동,경상사고,0,0,2,0,차대차 - 측면충돌,안전거리미확보,건조,맑음,단일로 - 기타,승용,남,31세,상해없음,승용,남,27세,경상
2017031800100511,2017년 3월 18일 19시,토요일,대전광역시 유성구 계산동,경상사고,0,0,1,0,차대차 - 기타,안전운전불이행,건조,맑음,단일로 - 기타,화물,남,62세,상해없음,승용,여,56세,경상
2017031800100545,2017년 3월 18일 20시,토요일,대전광역시 동구 용전동,경상사고,0,0,1,0,차대차 - 정면충돌,안전운전불이행,건조,맑음,교차로 - 교차로안,승합,여,42세,상해없음,원동기,남,19세,경상
2017031800100568,2017년 3월 18일 21시,토요일,대전광역시 동구 대성동,경상사고,0,0,1,0,차대사람 - 횡단중,보행자보호의무위반,건조,맑음,단일로 - 기타,승용,남,37세,상해없음,보행자,남,65세,경상
2017031900100042,2017년 3월 19일 00시,일요일,대전광역시 동구 가오동,경상사고,0,0,3,0,차대차 - 추돌,안전거리미확보,건조,맑음,단일로 - 기타,승용,남,65세,상해없음,승용,남,28세,경상
2017031900100043,2017년 3월 19일 00시,일요일,대전광역시 서구 관저동,경상사고,0,0,1,0,차대차 - 측면충돌,과속,건조,맑음,단일로 - 기타,승용,남,52세,경상,승용,남,57세,상해없음
2017031900100044,2017년 3월 19일 00시,일요일,대전광역시 서구 월평동,중상사고,0,1,4,0,차대차 - 측면충돌,신호위반,건조,맑음,교차로 - 교차로안,승용,여,56세,상해없음,승용,남,56세,경상
2017031900100055,2017년 3월 19일 01시,일요일,대전광역시 서구 둔산동,중상사고,0,1,1,0,차대차 - 측면충돌,신호위반,건조,맑음,교차로 - 교차로안,승용,여,49세,상해없음,승용,남,56세,경상
2017031900100082,2017년 3월 19일 03시,일요일,대전광역시 서구 둔산동,경상사고,0,0,1,0,차대사람 - 횡단중,안전운전불이행,건조,맑음,단일로 - 기타,승용,남,21세,상해없음,보행자,남,24세,경상
2017031900100128,2017년 3월 19일 08시,일요일,대전광역시 동구 용전동,경상사고,0,0,1,0,차대차 - 추돌,안전운전불이행,건조,맑음,단일로 - 기타,승용,여,22세,상해없음,승용,남,52세,경상
2017031900100166,2017년 3월 19일 10시,일요일,대전광역시 중구 대흥동,경상사고,0,0,1,0,차대차 - 추돌,안전거리미확보,건조,맑음,교차로 - 교차로안,승용,남,64세,상해없음,승용,남,70세,경상
2017031900100167,2017년 3월 19일 10시,일요일,대전광역시 동구 인동,경상사고,0,0,1,0,차대차 - 기타,안전운전불이행,건조,맑음,교차로 - 교차로부근,승용,남,79세,상해없음,자전거,여,10세,경상
2017031900100168,2017년 3월 19일 10시,일요일,대전광역시 유성구 봉명동,경상사고,0,0,2,0,차대차 - 추돌,안전운전불이행,건조,맑음,교차로 - 교차로안,승용,여,52세,상해없음,승용,남,27세,경상
2017031900100319,2017년 3월 19일 16시,일요일,대전광역시 유성구 죽동,중상사고,0,1,0,0,차대사람 - 횡단중,안전운전불이행,건조,맑음,단일로 - 기타,자전거,남,42세,상해없음,보행자,여,25세,중상
2017031900100347,2017년 3월 19일 17시,일요일,대전광역시 서구 정림동,경상사고,0,0,2,0,차대차 - 후진중충돌,안전운전불이행,건조,맑음,교차로 - 교차로부근,화물,남,58세,상해없음,승용,남,44세,경상
2017031900100369,2017년 3월 19일 18시,일요일,대전광역시 중구 목동,경상사고,0,0,1,0,차량단독 - 기타,기타,건조,맑음,단일로 - 기타,승합,남,56세,상해없음,,,,
2017031900100436,2017년 3월 19일 20시,일요일,대전광역시 대덕구 목상동,중상사고,0,1,0,0,차대차 - 기타,중앙선침범,건조,맑음,단일로 - 기타,승용,여,28세,상해없음,원동기,남,24세,중상
2017031900100437,2017년 3월 19일 20시,일요일,대전광역시 대덕구 오정동,경상사고,0,0,2,0,차대차 - 측면충돌,교차로운행방법위반,건조,맑음,교차로 - 교차로안,승용,여,48세,상해없음,승용,여,53세,경상
2017031900100463,2017년 3월 19일 21시,일요일,대전광역시 대덕구 중리동,사망사고,1,0,0,0,차대사람 - 횡단중,안전운전불이행,건조,맑음,교차로 - 교차로부근,승용,남,43세,상해없음,보행자,남,51세,사망
2017031900100487,2017년 3월 19일 23시,일요일,대전광역시 중구 산성동,경상사고,0,0,1,0,차대차 - 측면충돌,안전운전불이행,건조,맑음,교차로 - 교차로안,승용,남,27세,상해없음,원동기,남,25세,경상
2017032000100030,2017년 3월 20일 02시,월요일,대전광역시 유성구 봉명동,경상사고,0,0,2,0,차대차 - 측면충돌,안전운전불이행,건조,맑음,교차로 - 교차로안,승용,남,38세,기타불명,이륜,남,26세,경상
2017032000100048,2017년 3월 20일 05시,월요일,대전광역시 대덕구 중리동,중상사고,0,1,0,0,차대사람 - 횡단중,보행자보호의무위반,건조,흐림,교차로 - 교차로횡단보도내,승용,남,53세,기타불명,보행자,여,76세,중상
2017032000100057,2017년 3월 20일 06시,월요일,대전광역시 서구 탄방동,중상사고,0,1,1,0,차대차 - 측면충돌,신호위반,건조,맑음,교차로 - 교차로안,승용,남,75세,상해없음,승용,남,64세,중상
2017032000100116,2017년 3월 20일 08시,월요일,대전광역시 서구 둔산동,경상사고,0,0,3,0,차대차 - 추돌,안전운전불이행,건조,맑음,교차로 - 교차로안,승용,남,59세,상해없음,승용,여,46세,경상
2017032000100162,2017년 3월 20일 10시,월요일,대전광역시 서구 용문동,중상사고,0,1,0,0,차대차 - 측면충돌,신호위반,건조,맑음,단일로 - 기타,승용,남,39세,상해없음,자전거,남,56세,중상
2017032000100163,2017년 3월 20일 10시,월요일,대전광역시 대덕구 읍내동,경상사고,0,0,1,0,차대차 - 기타,안전운전불이행,건조,맑음,단일로 - 기타,승용,남,60세,기타불명,특수,남,30세,경상
2017032000100207,2017년 3월 20일 12시,월요일,대전광역시 서구 도마동,경상사고,0,0,1,0,차대차 - 측면충돌,안전운전불이행,건조,맑음,단일로 - 기타,승합,남,49세,상해없음,승용,남,28세,경상
2017032000100208,2017년 3월 20일 12시,월요일,대전광역시 서구 둔산동,경상사고,0,0,1,0,차대차 - 기타,안전거리미확보,건조,맑음,단일로 - 기타,승용,남,80세,상해없음,승용,남,27세,경상
2017032000100269,2017년 3월 20일 14시,월요일,대전광역시 동구 중동,경상사고,0,0,1,0,차대차 - 측면충돌,신호위반,건조,흐림,교차로 - 교차로안,승용,남,61세,상해없음,화물,남,65세,경상
2017032000100270,2017년 3월 20일 14시,월요일,대전광역시 유성구 지족동,경상사고,0,0,1,0,차대차 - 측면충돌,안전운전불이행,건조,맑음,교차로 - 교차로안,승용,여,40세,상해없음,승용,남,51세,경상
2017032000100302,2017년 3월 20일 15시,월요일,대전광역시 유성구 화암동,중상사고,0,1,0,0,차대차 - 측면충돌,신호위반,건조,맑음,교차로 - 교차로안,승용,남,54세,상해없음,승용,여,48세,중상
2017032000100322,2017년 3월 20일 16시,월요일,대전광역시 대덕구 신탄진동,중상사고,0,1,0,0,차량단독 - 기타,안전운전불이행,건조,맑음,단일로 - 기타,승합,남,53세,상해없음,,,,
2017032000100363,2017년 3월 20일 17시,월요일,대전광역시 서구 괴정동,경상사고,0,0,1,0,차대차 - 추돌,안전운전불이행,건조,맑음,단일로 - 기타,승용,여,39세,상해없음,승용,남,35세,경상
2017032000100407,2017년 3월 20일 18시,월요일,대전광역시 중구 산성동,경상사고,0,0,2,0,차대차 - 정면충돌,안전운전불이행,건조,맑음,교차로 - 교차로안,승용,남,54세,상해없음,승용,여,47세,경상
2017032000100462,2017년 3월 20일 19시,월요일,대전광역시 서구 용문동,경상사고,0,0,1,0,차대차 - 측면충돌,안전거리미확보,건조,맑음,교차로 - 교차로부근,화물,남,37세,상해없음,화물,남,34세,경상
2017032000100490,2017년 3월 20일 20시,월요일,대전광역시 동구 자양동,경상사고,0,0,5,0,차대차 - 측면충돌,안전운전불이행,건조,맑음,단일로 - 기타,이륜,남,21세,경상,승용,남,23세,경상
2017032000100491,2017년 3월 20일 20시,월요일,대전광역시 서구 관저동,경상사고,0,0,1,0,차대차 - 추돌,안전운전불이행,건조,맑음,교차로 - 교차로부근,승용,남,33세,상해없음,승용,여,61세,경상
2017032000100519,2017년 3월 20일 21시,월요일,대전광역시 유성구 봉명동,경상사고,0,0,1,0,차대차 - 측면충돌,중앙선침범,건조,맑음,교차로 - 교차로부근,이륜,남,19세,상해없음,이륜,남,45세,경상
2017032000100543,2017년 3월 20일 22시,월요일,대전광역시 대덕구 오정동,경상사고,0,0,1,0,차대사람 - 횡단중,신호위반,젖음/습기,흐림,교차로 - 교차로안,승용,남,27세,상해없음,보행자,여,20세,경상
2017032100100026,2017년 3월 21일 00시,화요일,대전광역시 동구 판암동,중상사고,0,1,0,0,차대사람 - 횡단중,안전운전불이행,건조,흐림,단일로 - 기타,승용,남,35세,상해없음,보행자,남,56세,중상
2017032100100027,2017년 3월 21일 00시,화요일,대전광역시 서구 복수동,중상사고,0,1,2,0,차대차 - 측면충돌,신호위반,건조,맑음,교차로 - 교차로안,승용,남,65세,상해없음,승용,남,43세,경상
2017032100100028,2017년 3월 21일 00시,화요일,대전광역시 유성구 봉명동,경상사고,0,0,2,0,차대차 - 측면충돌,신호위반,건조,맑음,교차로 - 교차로안,승용,여,58세,상해없음,승용,남,49세,경상
2017032100100036,2017년 3월 21일 01시,화요일,대전광역시 유성구 장대동,중상사고,0,1,0,0,차대차 - 추돌,안전운전불이행,젖음/습기,흐림,단일로 - 기타,화물,남,49세,상해없음,화물,남,63세,중상
2017032100100064,2017년 3월 21일 03시,화요일,대전광역시 서구 월평동,중상사고,0,2,0,0,차대차 - 측면충돌,신호위반,젖음/습기,맑음,교차로 - 교차로안,승용,남,37세,상해없음,승용,남,57세,중상
2017032100100071,2017년 3월 21일 04시,화요일,대전광역시 서구 용문동,경상사고,0,0,1,0,차대차 - 측면충돌,신호위반,건조,맑음,교차로 - 교차로안,승용,남,23세,상해없음,승용,여,44세,경상
2017032100100157,2017년 3월 21일 08시,화요일,대전광역시 서구 용문동,경상사고,0,0,1,0,차대사람 - 차도통행중,안전운전불이행,건조,맑음,단일로 - 기타,승용,남,48세,상해없음,보행자,여,46세,경상
2017032100100317,2017년 3월 21일 14시,화요일,대전광역시 서구 관저동,경상사고,0,0,1,0,차대차 - 측면충돌,중앙선침범,건조,맑음,교차로 - 교차로부근,승용,남,70세,상해없음,승용,여,29세,경상
2017032100100339,2017년 3월 21일 15시,화요일,대전광역시 동구 용전동,경상사고,0,0,1,0,차대차 - 기타,안전운전불이행,건조,맑음,교차로 - 교차로부근,승합,남,53세,상해없음,승용,남,37세,경상
2017032100100369,2017년 3월 21일 16시,화요일,대전광역시 서구 괴정동,경상사고,0,0,1,0,차대사람 - 보도통행중,보행자보호의무위반,건조,맑음,교차로 - 교차로횡단보도내,승용,여,56세,상해없음,보행자,여,52세,경상
2017032100100370,2017년 3월 21일 16시,화요일,대전광역시 대덕구 비래동,경상사고,0,0,1,1,차대차 - 측면충돌,안전운전불이행,건조,맑음,교차로 - 교차로안,승합,남,29세,상해없음,승용,여,52세,경상
2017032100100441,2017년 3월 21일 18시,화요일,대전광역시 동구 가양동,경상사고,0,0,1,0,차대차 - 측면충돌,안전거리미확보,건조,맑음,단일로 - 기타,원동기,남,23세,경상,화물,남,42세,상해없음
2017032100100474,2017년 3월 21일 19시,화요일,대전광역시 동구 가양동,경상사고,0,0,1,0,차대사람 - 기타,안전운전불이행,건조,맑음,단일로 - 기타,승용,남,57세,기타불명,보행자,여,12세,경상
2017032100100525,2017년 3월 21일 21시,화요일,대전광역시 서구 둔산동,경상사고,0,0,4,0,차대차 - 기타,차로위반,건조,맑음,단일로 - 기타,승용,여,56세,상해없음,승용,남,37세,경상
2017032100100544,2017년 3월 21일 22시,화요일,대전광역시 서구 탄방동,경상사고,0,0,1,0,차대차 - 추돌,안전운전불이행,건조,맑음,교차로 - 교차로부근,승용,남,47세,상해없음,승용,여,50세,경상
2017032100100567,2017년 3월 21일 23시,화요일,대전광역시 중구 오류동,경상사고,0,0,2,0,차대차 - 측면충돌,신호위반,건조,맑음,교차로 - 교차로안,승용,남,27세,상해없음,승용,남,58세,경상
2017032100100568,2017년 3월 21일 23시,화요일,대전광역시 서구 관저동,사망사고,1,1,0,0,차대차 - 측면충돌,안전운전불이행,건조,맑음,단일로 - 기타,화물,남,30세,상해없음,이륜,남,21세,사망
2017032200100168,2017년 3월 22일 09시,수요일,대전광역시 서구 둔산동,경상사고,0,0,1,0,차대차 - 측면충돌,안전거리미확보,건조,맑음,단일로 - 기타,승용,남,25세,상해없음,승용,남,44세,경상
2017032200100169,2017년 3월 22일 09시,수요일,대전광역시 서구 갈마동,경상사고,0,0,1,0,차대차 - 정면충돌,안전운전불이행,건조,맑음,교차로 - 교차로부근,승용,남,37세,상해없음,승용,여,20세,경상
2017032200100194,2017년 3월 22일 10시,수요일,대전광역시 중구 오류동,중상사고,0,1,1,0,차대차 - 측면충돌,신호위반,건조,맑음,교차로 - 교차로안,승용,여,40세,상해없음,승용,남,54세,경상
2017032200100195,2017년 3월 22일 10시,수요일,대전광역시 동구 홍도동,경상사고,0,0,2,0,차대차 - 추돌,안전거리미확보,건조,맑음,교차로 - 교차로부근,승용,남,51세,상해없음,승용,여,31세,경상
2017032200100246,2017년 3월 22일 12시,수요일,대전광역시 동구 용전동,경상사고,0,0,1,0,차대차 - 후진중충돌,안전운전불이행,건조,맑음,단일로 - 기타,승용,여,60세,상해없음,승용,여,58세,경상
2017032200100297,2017년 3월 22일 14시,수요일,대전광역시 중구 문화동,경상사고,0,0,2,0,차대차 - 추돌,안전거리미확보,건조,맑음,교차로 - 교차로안,승용,남,47세,상해없음,승용,남,53세,경상
2017032200100429,2017년 3월 22일 18시,수요일,대전광역시 대덕구 비래동,경상사고,0,0,2,0,차대차 - 측면충돌,안전운전불이행,건조,맑음,교차로 - 교차로안,승용,남,39세,상해없음,승용,남,50세,경상
2017032200100468,2017년 3월 22일 19시,수요일,대전광역시 서구 갈마동,경상사고,0,0,1,0,차대차 - 후진중충돌,불법유턴,건조,맑음,교차로 - 교차로안,승용,남,48세,상해없음,승용,여,42세,경상
2017032200100492,2017년 3월 22일 20시,수요일,대전광역시 동구 가양동,경상사고,0,0,1,0,차대차 - 추돌,안전운전불이행,건조,맑음,단일로 - 기타,승용,남,29세,상해없음,원동기,남,47세,경상
2017032200100578,2017년 3월 22일 23시,수요일,대전광역시 서구 용문동,중상사고,0,1,0,0,차대차 - 측면충돌,안전거리미확보,건조,맑음,교차로 - 교차로안,승용,남,49세,상해없음,이륜,남,18세,중상
2017032200100579,2017년 3월 22일 23시,수요일,대전광역시 유성구 덕명동,중상사고,0,1,1,0,차대차 - 정면충돌,신호위반,건조,맑음,교차로 - 교차로안,승용,여,51세,상해없음,승용,남,47세,경상
2017032300100031,2017년 3월 23일 00시,목요일,대전광역시 서구 둔산동,경상사고,0,0,1,0,차대차 - 추돌,안전운전불이행,건조,맑음,교차로 - 교차로부근,승용,여,47세,상해없음,승용,남,59세,상해없음
2017032300100045,2017년 3월 23일 01시,목요일,대전광역시 중구 대흥동,중상사고,0,1,0,0,차대사람 - 횡단중,보행자보호의무위반,건조,맑음,교차로 - 교차로횡단보도내,승용,남,55세,상해없음,보행자,남,45세,중상
2017032300100057,2017년 3월 23일 02시,목요일,대전광역시 중구 호동,중상사고,0,1,0,0,차대차 - 기타,안전운전불이행,건조,맑음,단일로 - 기타,승용,남,48세,상해없음,승합,남,53세,기타불명
2017032300100058,2017년 3월 23일 02시,목요일,대전광역시 서구 용문동,경상사고,0,0,2,0,차대차 - 추돌,안전운전불이행,건조,맑음,교차로 - 교차로부근,승용,남,37세,상해없음,화물,남,49세,경상
2017032300100129,2017년 3월 23일 08시,목요일,대전광역시 동구 홍도동,경상사고,0,0,1,0,차대차 - 측면충돌,교차로운행방법위반,건조,맑음,교차로 - 교차로안,승용,여,64세,상해없음,승용,남,57세,경상
2017032300100153,2017년 3월 23일 09시,목요일,대전광역시 대덕구 오정동,경상사고,0,0,1,0,차대차 - 측면충돌,안전운전불이행,건조,맑음,단일로 - 기타,승합,남,63세,상해없음,화물,남,43세,경상
2017032300100183,2017년 3월 23일 10시,목요일,대전광역시 서구 갈마동,경상사고,0,0,1,0,차대차 - 정면충돌,중앙선침범,건조,맑음,단일로 - 기타,승용,남,67세,상해없음,승용,남,22세,경상
2017032300100256,2017년 3월 23일 13시,목요일,대전광역시 유성구 궁동,경상사고,0,0,1,0,차대차 - 추돌,교차로운행방법위반,건조,맑음,교차로 - 교차로안,승용,여,51세,상해없음,원동기,남,41세,경상
2017032300100282,2017년 3월 23일 14시,목요일,대전광역시 서구 월평동,경상사고,0,0,1,0,차대차 - 기타,안전운전불이행,건조,맑음,교차로 - 교차로횡단보도내,승용,남,48세,상해없음,자전거,남,72세,경상
2017032300100315,2017년 3월 23일 15시,목요일,대전광역시 유성구 원내동,중상사고,0,1,0,0,차대사람 - 횡단중,안전운전불이행,건조,맑음,단일로 - 기타,승합,남,49세,상해없음,보행자,남,16세,중상
2017032300100422,2017년 3월 23일 18시,목요일,대전광역시 동구 정동,경상사고,0,0,1,0,차대사람 - 횡단중,안전운전불이행,건조,맑음,단일로 - 기타,승합,남,55세,상해없음,보행자,여,46세,경상
2017032300100423,2017년 3월 23일 18시,목요일,대전광역시 유성구 궁동,경상사고,0,0,3,0,차대차 - 측면충돌,직진우회전진행방해,건조,맑음,교차로 - 교차로안,승용,남,36세,기타불명,승용,여,35세,경상
2017032300100466,2017년 3월 23일 19시,목요일,대전광역시 대덕구 석봉동,경상사고,0,0,1,0,차대사람 - 기타,안전운전불이행,건조,맑음,단일로 - 기타,화물,여,61세,상해없음,보행자,여,61세,경상
2017032300100467,2017년 3월 23일 19시,목요일,대전광역시 유성구 구암동,경상사고,0,0,1,0,차량단독 - 기타,안전운전불이행,건조,맑음,단일로 - 기타,원동기,남,65세,경상,,,,
2017032300100543,2017년 3월 23일 21시,목요일,대전광역시 중구 대사동,경상사고,0,0,1,0,차대사람 - 기타,안전운전불이행,건조,맑음,단일로 - 기타,화물,남,33세,상해없음,보행자,여,57세,경상
2017032300100568,2017년 3월 23일 22시,목요일,대전광역시 대덕구 오정동,경상사고,0,0,1,0,차대차 - 측면충돌,안전운전불이행,건조,맑음,교차로 - 교차로안,승용,남,54세,상해없음,승용,남,33세,경상
2017032400100118,2017년 3월 24일 07시,금요일,대전광역시 동구 용전동,경상사고,0,0,1,0,차대차 - 측면충돌,교차로운행방법위반,건조,맑음,교차로 - 교차로안,승용,남,43세,상해없음,승용,남,27세,경상