사고번호,사고일시,요일,시군구,사고내용,사망자수,중상자수,경상자수,부상신고자수,사고유형,법규위반,노면상태,기상상태,도로형태,가해운전자 차종,가해운전자 성별,가해운전자 연령,가해운전자 상해정도,피해운전자 차종,피해운전자 성별,피해운전자 연령,피해운전자 상해정도
2017032400100119,2017년 3월 24일 07시,금요일,대전광역시 대덕구 신탄진동,경상사고,0,0,1,0,차대차 - 측면충돌,신호위반,건조,맑음,교차로 - 교차로횡단보도내,승용,남,64세,상해없음,자전거,여,51세,경상
2017032400100149,2017년 3월 24일 08시,금요일,대전광역시 중구 오류동,경상사고,0,0,1,0,차대사람 - 길가장자리구역통행중,안전운전불이행,건조,맑음,단일로 - 기타,화물,남,22세,상해없음,보행자,여,23세,경상
2017032400100150,2017년 3월 24일 08시,금요일,대전광역시 서구 도마동,경상사고,0,0,1,0,차대차 - 측면충돌,안전운전불이행,건조,맑음,교차로 - 교차로안,승용,여,48세,상해없음,승용,여,32세,경상
2017032400100151,2017년 3월 24일 08시,금요일,대전광역시 유성구 전민동,경상사고,0,0,1,0,차대사람 - 길가장자리구역통행중,안전운전불이행,건조,맑음,단일로 - 기타,승용,여,36세,상해없음,보행자,여,14세,경상
2017032400100202,2017년 3월 24일 10시,금요일,대전광역시 중구 유천동,경상사고,0,0,1,0,차대사람 - 기타,안전운전불이행,건조,맑음,단일로 - 기타,승용,남,47세,상해없음,보행자,남,71세,경상
2017032400100260,2017년 3월 24일 12시,금요일,대전광역시 동구 정동,경상사고,0,0,1,0,차대차 - 추돌,안전거리미확보,건조,맑음,단일로 - 기타,원동기,남,15세,상해없음,승용,여,47세,경상
2017032400100261,2017년 3월 24일 12시,금요일,대전광역시 유성구 관평동,경상사고,0,0,1,0,차대차 - 정면충돌,안전운전불이행,건조,맑음,교차로 - 교차로안,승용,남,36세,상해없음,승용,남,39세,경상
2017032400100316,2017년 3월 24일 14시,금요일,대전광역시 서구 용문동,경상사고,0,0,1,0,차대차 - 측면충돌,안전운전불이행,건조,맑음,교차로 - 교차로부근,승용,여,44세,상해없음,이륜,남,30세,경상
2017032400100317,2017년 3월 24일 14시,금요일,대전광역시 유성구 도룡동,경상사고,0,0,1,0,차대차 - 기타,안전운전불이행,건조,맑음,단일로 - 기타,승용,남,61세,상해없음,자전거,남,24세,경상
2017032400100356,2017년 3월 24일 15시,금요일,대전광역시 유성구 노은동,경상사고,0,0,2,0,차대차 - 기타,안전운전불이행,건조,맑음,단일로 - 기타,승용,여,27세,상해없음,승용,남,69세,경상
2017032400100389,2017년 3월 24일 16시,금요일,대전광역시 동구 가양동,경상사고,0,0,1,0,차대차 - 측면충돌,안전운전불이행,건조,맑음,교차로 - 교차로안,승용,남,64세,상해없음,자전거,여,52세,경상
2017032400100390,2017년 3월 24일 16시,금요일,대전광역시 대덕구 읍내동,경상사고,0,0,1,0,차대차 - 측면충돌,교차로운행방법위반,건조,맑음,교차로 - 교차로횡단보도내,승용,남,28세,상해없음,자전거,남,76세,경상
2017032400100391,2017년 3월 24일 16시,금요일,대전광역시 유성구 탑립동,경상사고,0,0,1,0,차대차 - 측면충돌,신호위반,건조,맑음,교차로 - 교차로안,승용,남,29세,상해없음,승용,남,33세,경상
2017032400100421,2017년 3월 24일 17시,금요일,대전광역시 서구 갈마동,경상사고,0,0,1,0,차대사람 - 길가장자리구역통행중,안전운전불이행,건조,맑음,단일로 - 기타,기타불명,기타불명,미분류,기타불명,보행자,여,24세,경상
2017032400100461,2017년 3월 24일 18시,금요일,대전광역시 중구 문화동,경상사고,0,0,1,0,차대차 - 추돌,안전운전불이행,건조,맑음,단일로 - 기타,승용,여,33세,상해없음,승용,여,31세,경상
2017032400100462,2017년 3월 24일 18시,금요일,대전광역시 서구 둔산동,경상사고,0,0,2,0,차대차 - 추돌,안전거리미확보,건조,맑음,단일로 - 기타,승합,남,45세,상해없음,승용,여,43세,경상
2017032400100511,2017년 3월 24일 19시,금요일,대전광역시 대덕구 평촌동,경상사고,0,0,1,0,차대차 - 측면충돌,안전운전불이행,건조,맑음,단일로 - 기타,승용,남,32세,상해없음,승용,여,33세,경상
2017032400100512,2017년 3월 24일 19시,금요일,대전광역시 유성구 전민동,경상사고,0,0,1,0,차대차 - 추돌,안전운전불이행,건조,맑음,교차로 - 교차로안,승용,남,45세,상해없음,승용,여,37세,경상
2017032400100544,2017년 3월 24일 20시,금요일,대전광역시 서구 가수원동,경상사고,0,0,3,0,차대차 - 추돌,안전운전불이행,건조,맑음,교차로 - 교차로부근,승용,여,63세,상해없음,승용,남,39세,경상
2017032400100545,2017년 3월 24일 20시,금요일,대전광역시 서구 갈마동,경상사고,0,0,2,0,차대차 - 기타,안전운전불이행,건조,맑음,단일로 - 기타,승용,남,50세,상해없음,승용,남,23세,경상
2017032400100546,2017년 3월 24일 20시,금요일,대전광역시 서구 둔산동,중상사고,0,1,0,0,차대차 - 추돌,안전운전불이행,건조,맑음,교차로 - 교차로안,승용,여,43세,상해없음,이륜,남,26세,중상
2017032400100583,2017년 3월 24일 21시,금요일,대전광역시 유성구 관평동,경상사고,0,0,4,0,차대차 - 추돌,안전거리미확보,건조,맑음,교차로 - 교차로부근,승용,남,63세,상해없음,승용,남,51세,상해없음
2017032400100625,2017년 3월 24일 22시,금요일,대전광역시 서구 괴정동,부상신고사고,0,0,0,1,차대사람 - 횡단중,안전운전불이행,건조,맑음,단일로 - 기타,이륜,남,33세,상해없음,보행자,여,38세,부상신고
2017032400100643,2017년 3월 24일 23시,금요일,대전광역시 대덕구 덕암동,중상사고,0,1,1,0,차대차 - 추돌,안전운전불이행,건조,맑음,단일로 - 기타,승용,남,30세,상해없음,승용,여,46세,경상
2017032400100649,2017년 3월 24일 23시,금요일,대전광역시 중구 선화동,중상사고,0,1,1,0,차대차 - 추돌,안전운전불이행,건조,맑음,단일로 - 기타,승용,남,37세,상해없음,승용,남,57세,경상
2017032500100037,2017년 3월 25일 00시,토요일,대전광역시 중구 은행동,중상사고,0,1,0,0,차대사람 - 횡단중,안전운전불이행,건조,맑음,단일로 - 기타,승용,남,63세,상해없음,보행자,남,42세,중상
2017032500100038,2017년 3월 25일 00시,토요일,대전광역시 서구 갈마동,중상사고,0,1,5,0,차대차 - 측면충돌,과속,건조,맑음,교차로 - 교차로안,승용,남,26세,경상,승용,남,26세,경상
2017032500100053,2017년 3월 25일 01시,토요일,대전광역시 서구 관저동,경상사고,0,0,3,0,차대차 - 측면충돌,신호위반,건조,맑음,교차로 - 교차로안,승용,남,63세,경상,승합,남,60세,경상
2017032500100079,2017년 3월 25일 03시,토요일,대전광역시 대덕구 신일동,사망사고,1,0,0,0,차대차 - 추돌,안전운전불이행,건조,맑음,단일로 - 기타,승용,남,29세,상해없음,특수,남,50세,상해없음
2017032500100114,2017년 3월 25일 06시,토요일,대전광역시 서구 갈마동,경상사고,0,0,1,0,차대차 - 정면충돌,안전운전불이행,건조,맑음,교차로 - 교차로부근,자전거,여,72세,경상,승합,남,54세,상해없음
2017032500100131,2017년 3월 25일 07시,토요일,대전광역시 대덕구 연축동,경상사고,0,0,2,0,차대차 - 기타,안전운전불이행,젖음/습기,비,교차로 - 교차로부근,화물,남,41세,상해없음,승용,남,58세,경상
2017032500100166,2017년 3월 25일 09시,토요일,대전광역시 대덕구 송촌동,경상사고,0,0,1,0,차대차 - 기타,안전운전불이행,건조,맑음,단일로 - 기타,승용,남,83세,상해없음,승용,남,46세,상해없음
2017032500100255,2017년 3월 25일 12시,토요일,대전광역시 중구 부사동,경상사고,0,0,1,0,차대사람 - 횡단중,보행자보호의무위반,젖음/습기,비,교차로 - 교차로안,승용,남,55세,상해없음,보행자,여,14세,경상
2017032500100256,2017년 3월 25일 12시,토요일,대전광역시 동구 효평동,경상사고,0,0,1,0,차대차 - 측면충돌,신호위반,젖음/습기,비,교차로 - 교차로안,승용,남,28세,상해없음,화물,남,52세,상해없음
2017032500100309,2017년 3월 25일 14시,토요일,대전광역시 서구 갈마동,경상사고,0,0,1,0,차대차 - 측면충돌,신호위반,건조,맑음,교차로 - 교차로안,승용,남,47세,상해없음,화물,남,36세,경상
2017032500100385,2017년 3월 25일 17시,토요일,대전광역시 동구 정동,경상사고,0,0,1,0,차대차 - 측면충돌,안전운전불이행,건조,맑음,교차로 - 교차로안,승용,남,46세,상해없음,자전거,남,75세,경상
2017032500100386,2017년 3월 25일 17시,토요일,대전광역시 동구 상소동,중상사고,0,1,2,0,차대차 - 정면충돌,중앙선침범,건조,맑음,단일로 - 기타,승용,남,46세,상해없음,승용,남,58세,경상
2017032500100415,2017년 3월 25일 18시,토요일,대전광역시 서구 도마동,중상사고,0,1,1,12,차대차 - 측면충돌,안전거리미확보,건조,맑음,단일로 - 기타,화물,남,39세,상해없음,승용,여,57세,중상
2017032500100416,2017년 3월 25일 18시,토요일,대전광역시 대덕구 비래동,경상사고,0,0,1,0,차대사람 - 횡단중,안전운전불이행,건조,맑음,단일로 - 기타,승용,남,53세,상해없음,보행자,여,48세,경상
2017032500100417,2017년 3월 25일 18시,토요일,대전광역시 유성구 반석동,경상사고,0,0,1,0,차대차 - 기타,안전거리미확보,젖음/습기,비,단일로 - 기타,승용,여,48세,상해없음,이륜,남,32세,경상
2017032500100462,2017년 3월 25일 19시,토요일,대전광역시 유성구 궁동,경상사고,0,0,1,0,차대차 - 기타,안전운전불이행,건조,맑음,단일로 - 기타,승용,남,50세,상해없음,이륜,남,28세,경상
2017032500100502,2017년 3월 25일 20시,토요일,대전광역시 중구 태평동,중상사고,0,1,0,0,차대사람 - 횡단중,보행자보호의무위반,건조,맑음,단일로 - 기타,승용,남,64세,상해없음,보행자,여,62세,중상
2017032500100503,2017년 3월 25일 20시,토요일,대전광역시 대덕구 오정동,경상사고,0,0,1,0,차대차 - 측면충돌,교차로운행방법위반,건조,맑음,교차로 - 교차로안,승용,남,26세,상해없음,승합,남,50세,경상
2017032500100569,2017년 3월 25일 22시,토요일,대전광역시 대덕구 중리동,경상사고,0,0,2,0,차대사람 - 횡단중,안전운전불이행,건조,맑음,교차로 - 교차로횡단보도내,화물,남,44세,상해없음,보행자,남,57세,경상
2017032600100015,2017년 3월 26일 00시,일요일,대전광역시 서구 갈마동,경상사고,0,0,3,0,차대차 - 측면충돌,안전거리미확보,건조,맑음,단일로 - 기타,승용,남,39세,상해없음,승용,여,23세,경상
2017032600100048,2017년 3월 26일 02시,일요일,대전광역시 대덕구 읍내동,경상사고,0,0,1,0,차량단독 - 공작물충돌,안전운전불이행,건조,맑음,교차로 - 교차로안,승용,남,62세,상해없음,,,,
2017032600100071,2017년 3월 26일 04시,일요일,대전광역시 대덕구 송촌동,경상사고,0,0,2,0,차대차 - 측면충돌,교차로운행방법위반,건조,맑음,교차로 - 교차로안,승용,남,54세,상해없음,승용,남,48세,상해없음
2017032600100077,2017년 3월 26일 05시,일요일,대전광역시 중구 유천동,경상사고,0,0,3,0,차대차 - 측면충돌,신호위반,건조,맑음,교차로 - 교차로안,승용,남,71세,상해없음,승용,남,54세,경상
2017032600100136,2017년 3월 26일 10시,일요일,대전광역시 대덕구 중리동,경상사고,0,0,2,0,차대차 - 측면충돌,안전운전불이행,건조,흐림,단일로 - 기타,승용,남,84세,상해없음,승용,남,34세,경상
2017032600100137,2017년 3월 26일 10시,일요일,대전광역시 유성구 봉명동,경상사고,0,0,3,0,차대차 - 추돌,안전운전불이행,건조,맑음,교차로 - 교차로부근,승용,남,28세,상해없음,승용,여,42세,경상
2017032600100156,2017년 3월 26일 11시,일요일,대전광역시 대덕구 송촌동,경상사고,0,0,1,3,차대차 - 기타,교차로운행방법위반,건조,맑음,교차로 - 교차로안,승용,여,44세,상해없음,승용,남,62세,경상
2017032600100157,2017년 3월 26일 11시,일요일,대전광역시 유성구 원신흥동,경상사고,0,0,1,0,차대차 - 측면충돌,신호위반,건조,맑음,교차로 - 교차로안,승용,여,61세,상해없음,승용,남,37세,경상
2017032600100201,2017년 3월 26일 13시,일요일,대전광역시 유성구 덕명동,경상사고,0,0,1,0,차대차 - 측면충돌,안전운전불이행,건조,맑음,교차로 - 교차로부근,승용,남,25세,상해없음,자전거,남,43세,경상
2017032600100248,2017년 3월 26일 15시,일요일,대전광역시 서구 갈마동,부상신고사고,0,0,0,1,차대차 - 측면충돌,안전운전불이행,건조,맑음,교차로 - 교차로안,이륜,남,23세,부상신고,승용,남,46세,상해없음
2017032600100366,2017년 3월 26일 20시,일요일,대전광역시 동구 대성동,경상사고,0,0,1,0,차대차 - 측면충돌,안전거리미확보,건조,흐림,교차로 - 교차로부근,승용,여,44세,상해없음,원동기,남,22세,경상
2017032600100367,2017년 3월 26일 20시,일요일,대전광역시 유성구 봉명동,중상사고,0,1,1,0,차대차 - 정면충돌,신호위반,건조,맑음,교차로 - 교차로안,승용,남,50세,상해없음,승용,여,59세,중상
2017032600100418,2017년 3월 26일 22시,일요일,대전광역시 동구 용전동,중상사고,0,1,0,0,차대차 - 측면충돌,안전운전불이행,건조,맑음,교차로 - 교차로부근,승용,남,44세,상해없음,원동기,남,25세,중상
2017032700100033,2017년 3월 27일 01시,월요일,대전광역시 서구 갈마동,경상사고,0,0,2,0,차대차 - 측면충돌,안전거리미확보,건조,맑음,단일로 - 지하차도(도로)내,승용,남,68세,상해없음,승용,남,28세,경상
2017032700100042,2017년 3월 27일 03시,월요일,대전광역시 중구 은행동,중상사고,0,1,1,0,차대차 - 측면충돌,신호위반,건조,흐림,교차로 - 교차로안,승합,남,20세,상해없음,승용,남,49세,경상
2017032700100060,2017년 3월 27일 05시,월요일,대전광역시 유성구 구암동,경상사고,0,0,1,0,차대차 - 추돌,안전운전불이행,건조,맑음,교차로 - 교차로부근,승합,남,37세,상해없음,승용,여,51세,경상
2017032700100121,2017년 3월 27일 08시,월요일,대전광역시 유성구 궁동,중상사고,0,1,2,0,차대차 - 기타,안전운전불이행,건조,맑음,단일로 - 기타,특수,남,27세,중상,승합,남,49세,상해없음
2017032700100143,2017년 3월 27일 09시,월요일,대전광역시 유성구 화암동,경상사고,0,0,2,0,차대차 - 기타,안전운전불이행,건조,맑음,교차로 - 교차로부근,승용,남,60세,상해없음,승용,남,39세,경상
2017032700100184,2017년 3월 27일 11시,월요일,대전광역시 유성구 노은동,경상사고,0,0,1,0,차대차 - 기타,안전운전불이행,건조,맑음,교차로 - 교차로안,승합,여,63세,상해없음,승용,남,52세,경상
2017032700100217,2017년 3월 27일 12시,월요일,대전광역시 서구 둔산동,경상사고,0,0,2,0,차대차 - 추돌,안전운전불이행,건조,맑음,단일로 - 기타,승용,여,47세,상해없음,승용,남,47세,경상
2017032700100247,2017년 3월 27일 13시,월요일,대전광역시 유성구 어은동,경상사고,0,0,1,0,차대사람 - 보도통행중,안전운전불이행,건조,맑음,단일로 - 기타,승용,남,83세,상해없음,보행자,남,27세,경상
2017032700100351,2017년 3월 27일 16시,월요일,대전광역시 서구 관저동,경상사고,0,0,1,0,차대차 - 측면충돌,중앙선침범,건조,맑음,단일로 - 기타,승합,남,72세,상해없음,승용,여,46세,경상
2017032700100388,2017년 3월 27일 17시,월요일,대전광역시 서구 내동,경상사고,0,0,1,0,차대차 - 후진중충돌,안전운전불이행,건조,맑음,교차로 - 교차로부근,화물,남,52세,상해없음,승용,남,36세,경상
2017032700100389,2017년 3월 27일 17시,월요일,대전광역시 서구 가장동,중상사고,0,1,0,0,차대사람 - 횡단중,안전운전불이행,건조,맑음,단일로 - 기타,승용,여,48세,상해없음,보행자,남,8세,중상
2017032700100491,2017년 3월 27일 21시,월요일,대전광역시 동구 자양동,경상사고,0,0,1,0,차대차 - 측면충돌,안전운전불이행,건조,맑음,단일로 - 기타,승용,남,18세,상해없음,원동기,남,52세,경상
2017032700100515,2017년 3월 27일 22시,월요일,대전광역시 동구 용운동,경상사고,0,0,1,0,차대차 - 측면충돌,교차로운행방법위반,건조,맑음,교차로 - 교차로안,승용,여,43세,상해없음,승용,남,22세,경상
2017032700100541,2017년 3월 27일 23시,월요일,대전광역시 중구 태평동,경상사고,0,0,4,0,차대차 - 추돌,안전운전불이행,건조,맑음,단일로 - 기타,승용,남,58세,경상,승용,남,36세,경상
2017032700100542,2017년 3월 27일 23시,월요일,대전광역시 서구 괴정동,경상사고,0,0,1,0,차대사람 - 횡단중,안전운전불이행,건조,맑음,주차장 - 주차장,승용,남,24세,상해없음,보행자,여,49세,경상
2017032800100027,2017년 3월 28일 00시,화요일,대전광역시 중구 유천동,경상사고,0,0,1,0,차대차 - 정면충돌,직진우회전진행방해,건조,맑음,교차로 - 교차로안,승용,남,24세,상해없음,이륜,남,23세,경상
2017032800100042,2017년 3월 28일 02시,화요일,대전광역시 서구 만년동,중상사고,0,2,0,0,차대차 - 측면충돌,신호위반,건조,맑음,교차로 - 교차로안,승용,남,46세,상해없음,승용,남,21세,중상
2017032800100065,2017년 3월 28일 05시,화요일,대전광역시 서구 둔산동,경상사고,0,0,1,0,차대차 - 추돌,신호위반,건조,맑음,교차로 - 교차로안,승합,남,52세,상해없음,화물,남,55세,경상
2017032800100081,2017년 3월 28일 06시,화요일,대전광역시 중구 오류동,경상사고,0,0,1,0,차대차 - 측면충돌,안전운전불이행,건조,맑음,단일로 - 기타,화물,남,54세,기타불명,승용,남,24세,경상
2017032800100101,2017년 3월 28일 07시,화요일,대전광역시 서구 둔산동,경상사고,0,0,2,0,차대차 - 정면충돌,안전운전불이행,건조,맑음,교차로 - 교차로안,승용,여,53세,경상,승용,여,28세,경상
2017032800100219,2017년 3월 28일 11시,화요일,대전광역시 대덕구 읍내동,중상사고,0,1,0,0,차대차 - 측면충돌,안전운전불이행,건조,맑음,교차로 - 교차로부근,화물,남,55세,상해없음,원동기,남,61세,중상
2017032800100240,2017년 3월 28일 12시,화요일,대전광역시 서구 탄방동,경상사고,0,0,1,0,차대차 - 기타,안전운전불이행,건조,맑음,단일로 - 기타,건설기계,남,63세,상해없음,승용,여,54세,경상
2017032800100282,2017년 3월 28일 14시,화요일,대전광역시 동구 인동,경상사고,0,0,1,0,차대차 - 측면충돌,안전운전불이행,건조,맑음,교차로 - 교차로횡단보도내,승용,남,73세,상해없음,자전거,남,47세,경상
2017032800100283,2017년 3월 28일 14시,화요일,대전광역시 서구 가수원동,중상사고,0,1,0,0,차대사람 - 횡단중,안전운전불이행,건조,맑음,단일로 - 기타,화물,남,33세,상해없음,보행자,여,75세,중상
2017032800100284,2017년 3월 28일 14시,화요일,대전광역시 대덕구 신대동,경상사고,0,0,5,0,차대차 - 추돌,안전운전불이행,건조,맑음,단일로 - 기타,화물,남,59세,상해없음,승용,남,29세,경상
2017032800100309,2017년 3월 28일 15시,화요일,대전광역시 중구 대사동,경상사고,0,0,5,0,차대차 - 측면충돌,안전운전불이행,건조,맑음,단일로 - 기타,화물,남,60세,경상,화물,남,60세,경상
2017032800100332,2017년 3월 28일 16시,화요일,대전광역시 유성구 관평동,경상사고,0,0,1,0,차대차 - 기타,안전운전불이행,건조,맑음,기타 - 기타,승용,남,46세,기타불명,화물,남,37세,경상
2017032800100378,2017년 3월 28일 17시,화요일,대전광역시 중구 문화동,경상사고,0,0,1,0,차량단독 - 전도전복,안전운전불이행,건조,맑음,단일로 - 기타,승합,남,58세,상해없음,미분류,미분류,미분류,미분류
2017032800100409,2017년 3월 28일 18시,화요일,대전광역시 유성구 신성동,중상사고,0,1,1,0,차대차 - 추돌,안전운전불이행,건조,맑음,단일로 - 기타,승용,남,39세,상해없음,승용,남,37세,중상
2017032800100447,2017년 3월 28일 19시,화요일,대전광역시 동구 대동,중상사고,0,1,0,0,차대차 - 측면충돌,안전운전불이행,건조,맑음,교차로 - 교차로안,승용,남,57세,상해없음,원동기,남,26세,중상
2017032800100448,2017년 3월 28일 19시,화요일,대전광역시 서구 갈마동,경상사고,0,0,1,0,차대차 - 측면충돌,중앙선침범,건조,맑음,단일로 - 기타,승용,남,55세,상해없음,이륜,남,26세,경상
2017032800100449,2017년 3월 28일 19시,화요일,대전광역시 유성구 원내동,중상사고,0,1,0,0,차대차 - 기타,신호위반,건조,맑음,교차로 - 교차로안,승용,남,47세,상해없음,승용,여,39세,중상
2017032800100504,2017년 3월 28일 21시,화요일,대전광역시 유성구 봉명동,경상사고,0,0,1,0,차대차 - 기타,기타,건조,맑음,단일로 - 기타,승용,남,50세,상해없음,자전거,남,27세,경상
2017032800100547,2017년 3월 28일 23시,화요일,대전광역시 중구 중촌동,경상사고,0,0,1,0,차대차 - 추돌,안전운전불이행,건조,맑음,교차로 - 교차로부근,승용,남,43세,상해없음,승용,남,28세,경상
2017032800100548,2017년 3월 28일 23시,화요일,대전광역시 서구 정림동,경상사고,0,0,4,0,차대차 - 측면충돌,안전운전불이행,젖음/습기,비,교차로 - 교차로부근,승용,남,28세,경상,승용,남,62세,경상
2017032900100027,2017년 3월 29일 00시,수요일,대전광역시 서구 갈마동,중상사고,0,1,1,0,차대차 - 측면충돌,신호위반,젖음/습기,비,교차로 - 교차로안,승용,남,49세,상해없음,승합,남,53세,경상
2017032900100028,2017년 3월 29일 00시,수요일,대전광역시 유성구 봉명동,중상사고,0,1,2,0,차대차 - 기타,안전운전불이행,젖음/습기,비,단일로 - 기타,승용,남,28세,경상,승용,남,46세,중상
2017032900100053,2017년 3월 29일 02시,수요일,대전광역시 동구 용전동,경상사고,0,0,3,0,차대차 - 측면충돌,안전운전불이행,건조,맑음,단일로 - 기타,승용,남,28세,상해없음,승용,남,21세,경상
2017032900100076,2017년 3월 29일 05시,수요일,대전광역시 서구 월평동,경상사고,0,0,1,0,차대차 - 추돌,안전운전불이행,젖음/습기,비,단일로 - 기타,승용,여,41세,상해없음,승용,남,67세,경상
2017032900100143,2017년 3월 29일 08시,수요일,대전광역시 중구 중촌동,중상사고,0,1,0,0,차대차 - 측면충돌,안전운전불이행,건조,맑음,단일로 - 기타,화물,남,47세,상해없음,자전거,남,13세,중상
2017032900100144,2017년 3월 29일 08시,수요일,대전광역시 동구 판암동,경상사고,0,0,1,0,차대차 - 측면충돌,안전운전불이행,건조,맑음,교차로 - 교차로안,승용,남,23세,상해없음,승용,여,42세,경상
2017032900100145,2017년 3월 29일 08시,수요일,대전광역시 대덕구 중리동,경상사고,0,0,1,0,차대사람 - 보도통행중,안전운전불이행,건조,맑음,단일로 - 기타,승용,여,27세,기타불명,보행자,여,15세,경상
2017032900100174,2017년 3월 29일 09시,수요일,대전광역시 서구 월평동,경상사고,0,0,1,0,차대차 - 기타,안전운전불이행,건조,맑음,단일로 - 기타,승용,여,64세,상해없음,자전거,여,30세,경상
2017032900100194,2017년 3월 29일 10시,수요일,대전광역시 유성구 봉명동,경상사고,0,0,1,0,차대차 - 기타,안전운전불이행,건조,맑음,교차로 - 교차로부근,승용,남,43세,상해없음,자전거,남,23세,경상
2017032900100315,2017년 3월 29일 15시,수요일,대전광역시 동구 대성동,경상사고,0,0,2,0,차대사람 - 횡단중,안전운전불이행,건조,맑음,교차로 - 교차로안,승용,여,37세,상해없음,보행자,여,58세,경상
2017032900100343,2017년 3월 29일 16시,수요일,대전광역시 유성구 궁동,경상사고,0,0,2,0,차대차 - 측면충돌,안전운전불이행,건조,맑음,교차로 - 교차로부근,승용,여,48세,경상,승용,남,34세,경상
2017032900100374,2017년 3월 29일 17시,수요일,대전광역시 서구 둔산동,경상사고,0,0,1,0,차대차 - 측면충돌,안전운전불이행,건조,맑음,단일로 - 기타,승용,남,49세,상해없음,자전거,여,20세,경상
2017032900100409,2017년 3월 29일 18시,수요일,대전광역시 중구 사정동,중상사고,0,1,0,0,차대차 - 측면충돌,중앙선침범,건조,맑음,단일로 - 기타,승용,남,20세,상해없음,이륜,남,63세,중상
2017032900100410,2017년 3월 29일 18시,수요일,대전광역시 동구 성남동,경상사고,0,0,1,0,차대사람 - 횡단중,안전운전불이행,건조,맑음,단일로 - 기타,승용,남,41세,상해없음,보행자,남,56세,경상
2017032900100411,2017년 3월 29일 18시,수요일,대전광역시 동구 가양동,경상사고,0,0,5,0,차대차 - 기타,안전운전불이행,건조,맑음,교차로 - 교차로안,승용,남,73세,상해없음,승용,남,18세,경상
2017032900100412,2017년 3월 29일 18시,수요일,대전광역시 대덕구 신대동,경상사고,0,0,2,0,차대차 - 측면충돌,교차로운행방법위반,건조,맑음,교차로 - 교차로안,승용,남,42세,상해없음,승용,남,72세,경상
2017032900100460,2017년 3월 29일 19시,수요일,대전광역시 중구 대사동,경상사고,0,0,1,0,차대차 - 측면충돌,신호위반,건조,맑음,교차로 - 교차로안,승용,남,25세,상해없음,승용,남,69세,경상
2017032900100461,2017년 3월 29일 19시,수요일,대전광역시 서구 탄방동,경상사고,0,0,1,0,차대차 - 후진중충돌,안전운전불이행,건조,맑음,단일로 - 기타,승용,여,52세,상해없음,승용,여,31세,경상
2017032900100513,2017년 3월 29일 21시,수요일,대전광역시 서구 탄방동,경상사고,0,0,1,0,차대차 - 측면충돌,교차로운행방법위반,건조,맑음,교차로 - 교차로안,승용,여,30세,상해없음,승용,남,46세,경상
2017032900100514,2017년 3월 29일 21시,수요일,대전광역시 유성구 봉명동,경상사고,0,0,1,0,차대차 - 추돌,안전운전불이행,건조,맑음,단일로 - 기타,승용,남,46세,상해없음,승용,여,31세,경상
2017032900100537,2017년 3월 29일 22시,수요일,대전광역시 동구 용운동,경상사고,0,0,2,0,차대차 - 정면충돌,안전운전불이행,건조,맑음,교차로 - 교차로안,승용,남,25세,상해없음,승용,남,66세,경상
2017033000100030,2017년 3월 30일 00시,목요일,대전광역시 유성구 궁동,사망사고,1,0,0,0,차대차 - 정면충돌,신호위반,건조,맑음,교차로 - 교차로안,이륜,남,39세,사망,승용,남,58세,상해없음
2017033000100031,2017년 3월 30일 00시,목요일,대전광역시 유성구 상대동,경상사고,0,0,1,0,차대차 - 측면충돌,안전운전불이행,건조,맑음,단일로 - 기타,승용,남,26세,상해없음,승용,남,59세,경상
2017033000100088,2017년 3월 30일 06시,목요일,대전광역시 유성구 송강동,경상사고,0,0,1,0,차대차 - 측면충돌,신호위반,건조,맑음,교차로 - 교차로안,화물,남,56세,상해없음,승용,남,48세,경상
2017033000100114,2017년 3월 30일 07시,목요일,대전광역시 동구 비룡동,경상사고,0,0,1,0,차대차 - 추돌,안전운전불이행,건조,맑음,단일로 - 기타,승용,여,50세,상해없음,승용,여,56세,경상
2017033000100115,2017년 3월 30일 07시,목요일,대전광역시 유성구 용계동,경상사고,0,0,1,0,차대차 - 측면충돌,중앙선침범,건조,맑음,교차로 - 교차로부근,승용,남,60세,상해없음,승용,남,44세,경상
2017033000100149,2017년 3월 30일 08시,목요일,대전광역시 서구 용문동,중상사고,0,1,0,0,차대차 - 정면충돌,안전운전불이행,건조,맑음,교차로 - 교차로안,승용,여,64세,상해없음,이륜,남,73세,중상
2017033000100174,2017년 3월 30일 09시,목요일,대전광역시 대덕구 중리동,경상사고,0,0,2,0,차대차 - 추돌,안전운전불이행,건조,맑음,단일로 - 기타,승용,여,38세,상해없음,승용,여,38세,경상
2017033000100219,2017년 3월 30일 11시,목요일,대전광역시 동구 대성동,경상사고,0,0,2,0,차대차 - 추돌,안전운전불이행,건조,맑음,교차로 - 교차로부근,승용,남,77세,상해없음,승용,여,36세,경상
2017033000100220,2017년 3월 30일 11시,목요일,대전광역시 서구 둔산동,중상사고,0,1,1,0,차대차 - 측면충돌,신호위반,건조,맑음,교차로 - 교차로안,승용,남,63세,상해없음,승용,여,37세,중상
2017033000100270,2017년 3월 30일 13시,목요일,대전광역시 서구 갈마동,경상사고,0,0,1,0,차대차 - 기타,기타,건조,맑음,단일로 - 기타,승용,남,37세,상해없음,이륜,남,62세,경상
2017033000100325,2017년 3월 30일 15시,목요일,대전광역시 중구 문화동,경상사고,0,0,1,0,차대차 - 추돌,안전운전불이행,건조,맑음,교차로 - 교차로안,승용,남,60세,상해없음,자전거,남,78세,경상