사고번호,사고일시,요일,시군구,사고내용,사망자수,중상자수,경상자수,부상신고자수,사고유형,법규위반,노면상태,기상상태,도로형태,가해운전자 차종,가해운전자 성별,가해운전자 연령,가해운전자 상해정도,피해운전자 차종,피해운전자 성별,피해운전자 연령,피해운전자 상해정도
2017033000100326,2017년 3월 30일 15시,목요일,대전광역시 중구 산성동,경상사고,0,0,2,0,차대차 - 측면충돌,안전거리미확보,건조,맑음,단일로 - 기타,승용,남,58세,상해없음,승용,남,36세,경상
2017033000100327,2017년 3월 30일 15시,목요일,대전광역시 유성구 갑동,경상사고,0,0,1,0,차대차 - 추돌,안전운전불이행,건조,맑음,단일로 - 기타,화물,남,28세,상해없음,승용,여,59세,경상
2017033000100361,2017년 3월 30일 16시,목요일,대전광역시 서구 도마동,경상사고,0,0,2,0,차대차 - 정면충돌,안전운전불이행,건조,맑음,단일로 - 기타,승용,남,76세,상해없음,승용,여,34세,경상
2017033000100362,2017년 3월 30일 16시,목요일,대전광역시 유성구 용산동,경상사고,0,0,1,0,차대차 - 측면충돌,신호위반,건조,맑음,교차로 - 교차로안,승용,여,58세,상해없음,승용,여,31세,경상
2017033000100402,2017년 3월 30일 17시,목요일,대전광역시 대덕구 중리동,경상사고,0,0,1,0,차대차 - 기타,신호위반,건조,맑음,교차로 - 교차로안,화물,남,34세,상해없음,승용,여,57세,경상
2017033000100465,2017년 3월 30일 19시,목요일,대전광역시 서구 탄방동,중상사고,0,1,0,0,차대차 - 기타,안전운전불이행,건조,맑음,단일로 - 기타,승용,남,18세,상해없음,승용,여,45세,중상
2017033000100466,2017년 3월 30일 19시,목요일,대전광역시 유성구 도룡동,경상사고,0,0,1,0,차대차 - 기타,안전운전불이행,건조,맑음,교차로 - 교차로안,승용,남,47세,상해없음,자전거,남,11세,경상
2017033000100574,2017년 3월 30일 23시,목요일,대전광역시 대덕구 오정동,경상사고,0,0,1,0,차대차 - 측면충돌,교차로운행방법위반,젖음/습기,비,교차로 - 교차로부근,승용,남,66세,상해없음,승합,여,57세,경상
2017033000100575,2017년 3월 30일 23시,목요일,대전광역시 서구 탄방동,중상사고,0,1,4,1,차대차 - 추돌,안전운전불이행,건조,맑음,교차로 - 교차로부근,승용,여,63세,부상신고,승용,남,44세,경상
2017033100100023,2017년 3월 31일 00시,금요일,대전광역시 대덕구 신탄진동,경상사고,0,0,1,0,차대차 - 측면충돌,교차로운행방법위반,젖음/습기,흐림,교차로 - 교차로안,승용,남,63세,상해없음,이륜,남,27세,경상
2017033100100083,2017년 3월 31일 06시,금요일,대전광역시 서구 정림동,경상사고,0,0,1,0,차대차 - 추돌,안전거리미확보,건조,맑음,교차로 - 교차로부근,승용,남,49세,상해없음,승용,남,62세,경상
2017033100100151,2017년 3월 31일 08시,금요일,대전광역시 서구 내동,중상사고,0,1,0,0,차대사람 - 횡단중,안전운전불이행,젖음/습기,비,단일로 - 기타,승용,남,34세,상해없음,보행자,여,45세,중상
2017033100100152,2017년 3월 31일 08시,금요일,대전광역시 유성구 봉산동,경상사고,0,0,1,0,차대차 - 측면충돌,안전거리미확보,젖음/습기,흐림,단일로 - 기타,건설기계,남,25세,상해없음,승용,남,37세,경상
2017033100100153,2017년 3월 31일 08시,금요일,대전광역시 유성구 관평동,경상사고,0,0,1,0,차대차 - 측면충돌,교차로운행방법위반,젖음/습기,흐림,교차로 - 교차로부근,승용,여,37세,상해없음,승용,여,39세,경상
2017033100100204,2017년 3월 31일 09시,금요일,대전광역시 서구 갈마동,경상사고,0,0,1,0,차대차 - 기타,교차로운행방법위반,젖음/습기,비,교차로 - 교차로안,승용,여,28세,상해없음,승용,여,48세,경상
2017033100100252,2017년 3월 31일 11시,금요일,대전광역시 대덕구 신일동,경상사고,0,0,2,0,차대차 - 정면충돌,안전운전불이행,건조,맑음,교차로 - 교차로부근,승용,여,57세,상해없음,화물,남,44세,경상
2017033100100277,2017년 3월 31일 12시,금요일,대전광역시 중구 부사동,경상사고,0,0,1,0,차대차 - 측면충돌,신호위반,건조,맑음,교차로 - 교차로안,승용,남,35세,상해없음,원동기,남,20세,경상
2017033100100304,2017년 3월 31일 13시,금요일,대전광역시 유성구 봉명동,경상사고,0,0,2,0,차대차 - 추돌,안전운전불이행,건조,맑음,단일로 - 기타,승용,남,53세,상해없음,승용,여,54세,경상
2017033100100353,2017년 3월 31일 15시,금요일,대전광역시 중구 호동,경상사고,0,0,2,0,차대차 - 측면충돌,차로위반,젖음/습기,비,단일로 - 기타,화물,남,68세,상해없음,승용,남,57세,경상
2017033100100354,2017년 3월 31일 15시,금요일,대전광역시 동구 신상동,경상사고,0,0,2,0,차대차 - 측면충돌,안전운전불이행,건조,맑음,단일로 - 교량,승용,남,70세,경상,승용,여,41세,경상
2017033100100423,2017년 3월 31일 17시,금요일,대전광역시 중구 석교동,경상사고,0,0,1,0,차대차 - 측면충돌,안전운전불이행,건조,맑음,교차로 - 교차로안,승용,남,61세,상해없음,승용,여,57세,경상
2017033100100457,2017년 3월 31일 18시,금요일,대전광역시 중구 문화동,중상사고,0,1,3,0,차대차 - 추돌,안전거리미확보,젖음/습기,비,단일로 - 기타,승용,여,59세,상해없음,승용,여,59세,경상
2017033100100458,2017년 3월 31일 18시,금요일,대전광역시 중구 대사동,중상사고,0,1,0,0,차대사람 - 횡단중,보행자보호의무위반,젖음/습기,비,교차로 - 교차로횡단보도내,승용,남,48세,상해없음,보행자,남,81세,중상
2017033100100459,2017년 3월 31일 18시,금요일,대전광역시 중구 석교동,경상사고,0,0,2,0,차대차 - 추돌,안전운전불이행,젖음/습기,비,단일로 - 기타,승용,남,41세,상해없음,승합,남,46세,경상
2017033100100460,2017년 3월 31일 18시,금요일,대전광역시 서구 관저동,중상사고,0,1,0,0,차대차 - 측면충돌,신호위반,건조,맑음,교차로 - 교차로안,자전거,남,13세,중상,승용,여,43세,상해없음
2017033100100461,2017년 3월 31일 18시,금요일,대전광역시 서구 용문동,경상사고,0,0,1,0,차대차 - 기타,신호위반,젖음/습기,비,교차로 - 교차로안,기타불명,기타불명,미분류,기타불명,승합,남,55세,상해없음
2017033100100462,2017년 3월 31일 18시,금요일,대전광역시 서구 둔산동,경상사고,0,0,1,0,차대차 - 기타,중앙선침범,젖음/습기,비,단일로 - 기타,승용,남,45세,상해없음,승용,남,50세,경상
2017033100100540,2017년 3월 31일 20시,금요일,대전광역시 중구 유천동,경상사고,0,0,1,0,차대차 - 추돌,직진우회전진행방해,젖음/습기,비,교차로 - 교차로안,승용,남,62세,기타불명,원동기,남,20세,경상
2017033100100618,2017년 3월 31일 22시,금요일,대전광역시 유성구 지족동,경상사고,0,0,1,0,차대차 - 추돌,안전운전불이행,젖음/습기,비,교차로 - 교차로부근,승용,남,41세,상해없음,승용,남,59세,경상
2017033100100647,2017년 3월 31일 23시,금요일,대전광역시 서구 갈마동,경상사고,0,0,2,0,차대차 - 추돌,안전운전불이행,젖음/습기,비,교차로 - 교차로부근,승용,남,26세,상해없음,승용,남,29세,경상
2017040100100042,2017년 4월 1일 00시,토요일,대전광역시 서구 가수원동,경상사고,0,0,1,0,차대차 - 측면충돌,안전운전불이행,건조,맑음,단일로 - 기타,승용,남,23세,상해없음,승용,남,38세,경상
2017040100100129,2017년 4월 1일 06시,토요일,대전광역시 서구 가장동,경상사고,0,0,2,0,차대차 - 측면충돌,신호위반,젖음/습기,비,교차로 - 교차로안,승용,남,64세,상해없음,승용,남,62세,경상
2017040100100193,2017년 4월 1일 10시,토요일,대전광역시 서구 내동,경상사고,0,0,1,0,차대차 - 정면충돌,중앙선침범,건조,맑음,교차로 - 교차로부근,승용,남,23세,기타불명,승용,남,23세,경상
2017040100100245,2017년 4월 1일 12시,토요일,대전광역시 대덕구 오정동,중상사고,0,2,4,1,차대차 - 측면충돌,차로위반,건조,맑음,단일로 - 교량,승용,남,67세,상해없음,승합,남,53세,경상
2017040100100274,2017년 4월 1일 13시,토요일,대전광역시 중구 목동,중상사고,0,1,0,0,차대차 - 추돌,안전운전불이행,젖음/습기,비,교차로 - 교차로안,화물,남,54세,상해없음,자전거,남,73세,중상
2017040100100275,2017년 4월 1일 13시,토요일,대전광역시 동구 대동,중상사고,0,1,0,0,차대차 - 측면충돌,교차로운행방법위반,건조,맑음,교차로 - 교차로안,승용,남,50세,상해없음,원동기,남,72세,중상
2017040100100305,2017년 4월 1일 14시,토요일,대전광역시 대덕구 법동,경상사고,0,0,2,0,차대차 - 기타,안전운전불이행,건조,맑음,교차로 - 교차로부근,승합,남,55세,상해없음,승용,남,45세,경상
2017040100100423,2017년 4월 1일 17시,토요일,대전광역시 유성구 봉명동,경상사고,0,0,2,0,차대차 - 기타,안전거리미확보,건조,맑음,단일로 - 기타,승용,남,40세,상해없음,승합,남,58세,상해없음
2017040100100459,2017년 4월 1일 18시,토요일,대전광역시 대덕구 중리동,경상사고,0,0,1,0,차대차 - 측면충돌,안전운전불이행,건조,맑음,교차로 - 교차로부근,승용,여,25세,상해없음,승용,남,24세,경상
2017040100100492,2017년 4월 1일 19시,토요일,대전광역시 서구 갈마동,경상사고,0,0,1,0,차대차 - 기타,신호위반,건조,맑음,교차로 - 교차로안,승용,여,45세,상해없음,승합,남,33세,경상
2017040100100517,2017년 4월 1일 20시,토요일,대전광역시 중구 중촌동,경상사고,0,0,1,0,차대사람 - 횡단중,안전운전불이행,건조,맑음,단일로 - 기타,승용,남,51세,상해없음,보행자,남,43세,경상
2017040100100518,2017년 4월 1일 20시,토요일,대전광역시 동구 판암동,경상사고,0,0,2,0,차대차 - 측면충돌,신호위반,건조,맑음,교차로 - 교차로부근,승용,여,70세,상해없음,승용,남,19세,경상
2017040100100566,2017년 4월 1일 22시,토요일,대전광역시 중구 오류동,경상사고,0,0,5,0,차대차 - 추돌,안전운전불이행,건조,맑음,단일로 - 기타,승용,남,39세,상해없음,승용,남,28세,경상
2017040200100061,2017년 4월 2일 01시,일요일,대전광역시 동구 가양동,중상사고,0,1,3,0,차대차 - 추돌,안전운전불이행,건조,맑음,교차로 - 교차로부근,승합,남,39세,기타불명,승용,여,34세,중상
2017040200100087,2017년 4월 2일 04시,일요일,대전광역시 서구 관저동,경상사고,0,0,1,0,차대사람 - 횡단중,중앙선침범,건조,맑음,단일로 - 기타,승용,남,60세,상해없음,보행자,여,21세,경상
2017040200100121,2017년 4월 2일 07시,일요일,대전광역시 서구 복수동,경상사고,0,0,2,0,차대차 - 추돌,안전거리미확보,건조,맑음,단일로 - 기타,승용,남,22세,상해없음,승용,남,57세,경상
2017040200100170,2017년 4월 2일 10시,일요일,대전광역시 서구 둔산동,중상사고,0,2,0,0,차대차 - 측면충돌,안전거리미확보,건조,맑음,교차로 - 교차로부근,승용,남,37세,상해없음,승용,남,65세,중상
2017040200100217,2017년 4월 2일 12시,일요일,대전광역시 유성구 구성동,경상사고,0,0,1,0,차대차 - 측면충돌,안전운전불이행,건조,맑음,단일로 - 기타,자전거,여,52세,상해없음,자전거,여,42세,경상
2017040200100248,2017년 4월 2일 13시,일요일,대전광역시 동구 신흥동,경상사고,0,0,2,0,차대차 - 기타,안전운전불이행,건조,맑음,교차로 - 교차로부근,승용,여,51세,상해없음,승용,남,54세,경상
2017040200100249,2017년 4월 2일 13시,일요일,대전광역시 서구 둔산동,경상사고,0,0,1,0,차대차 - 추돌,안전운전불이행,건조,맑음,교차로 - 교차로안,승용,남,26세,경상,승용,남,43세,상해없음
2017040200100280,2017년 4월 2일 14시,일요일,대전광역시 유성구 원내동,경상사고,0,0,4,0,차대차 - 측면충돌,안전운전불이행,건조,맑음,단일로 - 기타,승용,남,48세,상해없음,승용,남,38세,경상
2017040200100306,2017년 4월 2일 15시,일요일,대전광역시 대덕구 오정동,중상사고,0,1,0,0,차대차 - 측면충돌,교차로운행방법위반,건조,맑음,교차로 - 교차로안,승용,남,66세,상해없음,이륜,남,35세,중상
2017040200100307,2017년 4월 2일 15시,일요일,대전광역시 서구 둔산동,경상사고,0,0,3,0,차대차 - 기타,안전운전불이행,건조,맑음,교차로 - 교차로안,승용,여,25세,상해없음,승용,여,37세,경상
2017040200100366,2017년 4월 2일 17시,일요일,대전광역시 대덕구 읍내동,경상사고,0,0,3,0,차대차 - 추돌,교차로운행방법위반,건조,맑음,교차로 - 교차로부근,건설기계,남,37세,기타불명,승용,여,33세,경상
2017040200100367,2017년 4월 2일 17시,일요일,대전광역시 서구 탄방동,경상사고,0,0,1,0,차대사람 - 길가장자리구역통행중,안전운전불이행,건조,맑음,단일로 - 기타,기타불명,기타불명,미분류,기타불명,보행자,여,18세,경상
2017040200100386,2017년 4월 2일 18시,일요일,대전광역시 동구 정동,경상사고,0,0,1,0,차대사람 - 횡단중,안전운전불이행,건조,맑음,단일로 - 기타,승용,남,62세,상해없음,보행자,여,62세,경상
2017040200100387,2017년 4월 2일 18시,일요일,대전광역시 유성구 지족동,부상신고사고,0,0,0,1,차대사람 - 보도통행중,안전운전불이행,건조,맑음,단일로 - 기타,자전거,남,12세,상해없음,보행자,여,미분류,부상신고
2017040200100441,2017년 4월 2일 20시,일요일,대전광역시 동구 자양동,경상사고,0,0,2,1,차대차 - 추돌,안전운전불이행,건조,맑음,단일로 - 기타,화물,남,63세,상해없음,승용,남,50세,경상
2017040200100442,2017년 4월 2일 20시,일요일,대전광역시 서구 월평동,경상사고,0,0,3,0,차대차 - 기타,안전운전불이행,건조,맑음,단일로 - 기타,승용,남,48세,상해없음,승용,남,37세,상해없음
2017040200100474,2017년 4월 2일 22시,일요일,대전광역시 서구 갈마동,중상사고,0,1,1,0,차대차 - 정면충돌,신호위반,건조,맑음,교차로 - 교차로안,승용,남,71세,상해없음,승용,남,51세,경상
2017040200100475,2017년 4월 2일 22시,일요일,대전광역시 서구 둔산동,경상사고,0,0,1,0,차대차 - 추돌,안전운전불이행,건조,맑음,단일로 - 기타,승용,남,39세,상해없음,승용,남,40세,경상
2017040200100485,2017년 4월 2일 23시,일요일,대전광역시 중구 대흥동,중상사고,0,1,0,0,차대차 - 추돌,안전거리미확보,건조,맑음,교차로 - 교차로부근,승용,여,60세,상해없음,승용,남,30세,중상
2017040300100067,2017년 4월 3일 06시,월요일,대전광역시 대덕구 송촌동,중상사고,0,1,1,0,차량단독 - 전도전복 - 전도,안전운전불이행,건조,맑음,단일로 - 기타,화물,남,58세,상해없음,,,,
2017040300100140,2017년 4월 3일 08시,월요일,대전광역시 중구 태평동,경상사고,0,0,3,0,차대차 - 추돌,안전거리미확보,건조,맑음,단일로 - 기타,화물,남,48세,상해없음,승용,여,53세,경상
2017040300100141,2017년 4월 3일 08시,월요일,대전광역시 서구 가수원동,중상사고,0,1,0,0,차대사람 - 횡단중,보행자보호의무위반,건조,맑음,단일로 - 기타,화물,남,59세,상해없음,보행자,남,68세,중상
2017040300100142,2017년 4월 3일 08시,월요일,대전광역시 유성구 원신흥동,중상사고,0,1,1,0,차대차 - 추돌,안전운전불이행,건조,맑음,단일로 - 기타,승용,남,35세,상해없음,승용,여,46세,중상
2017040300100169,2017년 4월 3일 09시,월요일,대전광역시 중구 대흥동,중상사고,0,1,0,0,차량단독 - 기타,안전운전불이행,건조,맑음,단일로 - 기타,승합,남,49세,상해없음,,,,
2017040300100170,2017년 4월 3일 09시,월요일,대전광역시 유성구 구성동,중상사고,0,1,0,0,차대차 - 측면충돌,신호위반,건조,맑음,교차로 - 교차로안,승용,남,28세,상해없음,승용,여,54세,중상
2017040300100231,2017년 4월 3일 11시,월요일,대전광역시 대덕구 평촌동,중상사고,0,1,0,0,차대차 - 측면충돌,안전운전불이행,건조,맑음,단일로 - 기타,승합,남,46세,상해없음,자전거,남,86세,중상
2017040300100323,2017년 4월 3일 14시,월요일,대전광역시 동구 용운동,경상사고,0,0,1,0,차대차 - 측면충돌,교차로운행방법위반,건조,맑음,교차로 - 교차로안,승용,여,60세,상해없음,원동기,남,62세,경상
2017040300100324,2017년 4월 3일 14시,월요일,대전광역시 서구 용문동,중상사고,0,1,0,0,차대차 - 측면충돌,신호위반,건조,맑음,교차로 - 교차로안,승용,남,54세,상해없음,이륜,남,70세,중상
2017040300100325,2017년 4월 3일 14시,월요일,대전광역시 서구 둔산동,경상사고,0,0,1,0,차대차 - 추돌,안전운전불이행,건조,맑음,단일로 - 기타,승용,남,59세,상해없음,이륜,남,40세,경상
2017040300100353,2017년 4월 3일 15시,월요일,대전광역시 중구 부사동,중상사고,0,1,0,0,차대차 - 측면충돌,안전운전불이행,건조,맑음,교차로 - 교차로안,승용,남,24세,상해없음,원동기,남,82세,중상
2017040300100430,2017년 4월 3일 17시,월요일,대전광역시 중구 은행동,중상사고,0,1,0,0,차대사람 - 횡단중,보행자보호의무위반,건조,맑음,교차로 - 교차로횡단보도내,승합,남,42세,상해없음,보행자,여,64세,중상
2017040300100431,2017년 4월 3일 17시,월요일,대전광역시 서구 괴정동,경상사고,0,0,1,0,차대사람 - 횡단중,안전운전불이행,건조,맑음,단일로 - 기타,승용,남,57세,상해없음,보행자,남,33세,경상
2017040300100547,2017년 4월 3일 20시,월요일,대전광역시 서구 도마동,중상사고,0,1,0,0,차대차 - 측면충돌,중앙선침범,건조,맑음,교차로 - 교차로부근,승용,남,53세,상해없음,이륜,남,30세,중상
2017040300100548,2017년 4월 3일 20시,월요일,대전광역시 대덕구 법동,중상사고,0,1,0,0,차대차 - 측면충돌,교차로운행방법위반,건조,맑음,교차로 - 교차로안,승용,여,34세,상해없음,승용,여,38세,중상
2017040300100569,2017년 4월 3일 21시,월요일,대전광역시 대덕구 중리동,경상사고,0,0,1,0,차대차 - 측면충돌,교차로운행방법위반,건조,맑음,교차로 - 교차로안,승용,여,25세,상해없음,승용,여,23세,경상
2017040300100570,2017년 4월 3일 21시,월요일,대전광역시 유성구 지족동,경상사고,0,0,1,0,차대차 - 추돌,안전운전불이행,건조,맑음,단일로 - 기타,원동기,남,41세,상해없음,승용,남,31세,경상
2017040300100571,2017년 4월 3일 21시,월요일,대전광역시 유성구 도룡동,경상사고,0,0,10,0,차대차 - 추돌,안전운전불이행,건조,맑음,단일로 - 기타,승용,남,52세,상해없음,승합,남,47세,경상
2017040300100592,2017년 4월 3일 22시,월요일,대전광역시 중구 선화동,경상사고,0,0,2,0,차대차 - 추돌,안전운전불이행,건조,맑음,단일로 - 기타,승용,여,60세,상해없음,승용,남,59세,경상
2017040300100605,2017년 4월 3일 23시,월요일,대전광역시 서구 관저동,경상사고,0,0,1,0,차대사람 - 기타,안전운전불이행,건조,맑음,단일로 - 기타,승용,여,42세,상해없음,보행자,남,61세,경상
2017040300100606,2017년 4월 3일 23시,월요일,대전광역시 서구 탄방동,경상사고,0,0,1,0,차대차 - 측면충돌,안전운전불이행,건조,맑음,교차로 - 교차로부근,승용,여,18세,상해없음,원동기,남,36세,경상
2017040300100607,2017년 4월 3일 23시,월요일,대전광역시 유성구 장대동,경상사고,0,0,1,0,차대차 - 측면충돌,안전운전불이행,건조,맑음,단일로 - 기타,승용,남,41세,상해없음,승용,기타불명,미분류,기타불명
2017040400100084,2017년 4월 4일 07시,화요일,대전광역시 유성구 관평동,중상사고,0,1,1,0,차대차 - 측면충돌,안전운전불이행,건조,맑음,단일로 - 기타,승용,남,48세,상해없음,화물,남,70세,중상
2017040400100085,2017년 4월 4일 07시,화요일,대전광역시 유성구 관평동,경상사고,0,0,3,0,차대차 - 추돌,안전운전불이행,건조,맑음,단일로 - 기타,승용,남,61세,상해없음,승용,남,56세,경상
2017040400100124,2017년 4월 4일 08시,화요일,대전광역시 대덕구 석봉동,중상사고,0,1,0,0,차대사람 - 횡단중,안전운전불이행,건조,맑음,단일로 - 기타,승용,여,37세,상해없음,보행자,남,6세,중상
2017040400100180,2017년 4월 4일 10시,화요일,대전광역시 동구 대동,경상사고,0,0,1,0,차대사람 - 횡단중,보행자보호의무위반,건조,맑음,교차로 - 교차로횡단보도내,기타불명,기타불명,미분류,기타불명,보행자,여,19세,경상
2017040400100205,2017년 4월 4일 11시,화요일,대전광역시 유성구 봉산동,중상사고,0,1,0,0,차대차 - 측면충돌,신호위반,건조,맑음,교차로 - 교차로안,승용,남,61세,상해없음,승용,남,56세,중상
2017040400100228,2017년 4월 4일 12시,화요일,대전광역시 동구 삼성동,중상사고,0,1,0,0,차대사람 - 횡단중,안전운전불이행,건조,맑음,교차로 - 교차로안,승용,남,25세,상해없음,보행자,남,60세,중상
2017040400100229,2017년 4월 4일 12시,화요일,대전광역시 서구 용문동,경상사고,0,0,4,0,차대차 - 추돌,안전운전불이행,건조,맑음,단일로 - 기타,승용,남,23세,상해없음,승용,남,55세,경상
2017040400100251,2017년 4월 4일 13시,화요일,대전광역시 대덕구 목상동,경상사고,0,0,1,0,차대차 - 추돌,안전운전불이행,건조,맑음,단일로 - 기타,승용,남,56세,상해없음,승용,남,52세,경상
2017040400100287,2017년 4월 4일 14시,화요일,대전광역시 대덕구 오정동,경상사고,0,0,1,0,차대차 - 기타,안전운전불이행,건조,맑음,단일로 - 기타,승용,여,40세,상해없음,승합,남,55세,경상
2017040400100315,2017년 4월 4일 15시,화요일,대전광역시 중구 사정동,중상사고,0,1,0,0,차대차 - 측면충돌,안전운전불이행,건조,맑음,단일로 - 기타,승용,남,50세,상해없음,자전거,여,70세,중상
2017040400100386,2017년 4월 4일 17시,화요일,대전광역시 중구 대흥동,경상사고,0,0,1,1,차대차 - 추돌,안전운전불이행,건조,맑음,단일로 - 기타,승용,남,21세,상해없음,승용,남,48세,경상
2017040400100405,2017년 4월 4일 18시,화요일,대전광역시 서구 도안동,경상사고,0,0,1,0,차대차 - 측면충돌,안전운전불이행,건조,맑음,교차로 - 교차로횡단보도내,승용,여,38세,상해없음,원동기,여,29세,경상
2017040400100427,2017년 4월 4일 19시,화요일,대전광역시 서구 내동,경상사고,0,0,1,0,차대사람 - 차도통행중,안전운전불이행,건조,맑음,단일로 - 기타,화물,남,54세,상해없음,보행자,남,37세,경상
2017040400100519,2017년 4월 4일 23시,화요일,대전광역시 동구 용전동,경상사고,0,0,1,0,차량단독 - 기타,기타,건조,맑음,단일로 - 기타,승용,남,50세,상해없음,,,,
2017040400100520,2017년 4월 4일 23시,화요일,대전광역시 대덕구 문평동,경상사고,0,0,1,0,차대차 - 기타,안전운전불이행,젖음/습기,흐림,단일로 - 기타,승용,여,38세,기타불명,승용,여,38세,경상
2017040500100031,2017년 4월 5일 00시,수요일,대전광역시 서구 내동,경상사고,0,0,1,0,차대차 - 측면충돌,안전운전불이행,건조,맑음,단일로 - 기타,승용,여,35세,상해없음,승용,여,46세,경상
2017040500100086,2017년 4월 5일 06시,수요일,대전광역시 유성구 구암동,중상사고,0,1,0,0,차대차 - 측면충돌,신호위반,건조,흐림,교차로 - 교차로안,승용,남,62세,상해없음,승용,남,51세,중상
2017040500100098,2017년 4월 5일 07시,수요일,대전광역시 서구 둔산동,부상신고사고,0,0,0,1,차대사람 - 길가장자리구역통행중,안전운전불이행,건조,맑음,단일로 - 기타,승용,여,66세,상해없음,보행자,남,24세,부상신고
2017040500100129,2017년 4월 5일 08시,수요일,대전광역시 대덕구 중리동,부상신고사고,0,0,0,1,차대사람 - 횡단중,안전운전불이행,건조,맑음,단일로 - 기타,화물,남,49세,상해없음,보행자,여,13세,부상신고
2017040500100176,2017년 4월 5일 10시,수요일,대전광역시 동구 중동,경상사고,0,0,1,0,차대사람 - 횡단중,안전운전불이행,젖음/습기,비,단일로 - 기타,승용,남,65세,상해없음,보행자,여,18세,경상
2017040500100177,2017년 4월 5일 10시,수요일,대전광역시 대덕구 상서동,경상사고,0,0,1,0,차대차 - 추돌,안전거리미확보,젖음/습기,비,교차로 - 교차로부근,화물,남,41세,상해없음,화물,남,55세,경상
2017040500100202,2017년 4월 5일 11시,수요일,대전광역시 동구 가오동,경상사고,0,0,1,0,차대사람 - 횡단중,안전운전불이행,젖음/습기,비,단일로 - 기타,승용,남,57세,상해없음,보행자,남,44세,경상
2017040500100203,2017년 4월 5일 11시,수요일,대전광역시 유성구 어은동,경상사고,0,0,1,0,차대차 - 기타,안전운전불이행,젖음/습기,비,교차로 - 교차로안,화물,남,35세,상해없음,승용,여,32세,경상
2017040500100226,2017년 4월 5일 12시,수요일,대전광역시 서구 내동,경상사고,0,0,2,0,차대차 - 정면충돌,안전운전불이행,젖음/습기,비,단일로 - 기타,승용,남,41세,상해없음,승용,남,46세,경상
2017040500100284,2017년 4월 5일 14시,수요일,대전광역시 대덕구 송촌동,경상사고,0,0,1,0,차대사람 - 횡단중,보행자보호의무위반,젖음/습기,비,교차로 - 교차로안,승합,남,51세,상해없음,보행자,남,미분류,경상
2017040500100317,2017년 4월 5일 15시,수요일,대전광역시 서구 둔산동,경상사고,0,0,1,0,차대차 - 정면충돌,안전운전불이행,건조,맑음,교차로 - 교차로부근,승용,남,62세,상해없음,승용,남,40세,경상
2017040500100318,2017년 4월 5일 15시,수요일,대전광역시 유성구 구암동,중상사고,0,1,0,0,차대사람 - 횡단중,보행자보호의무위반,젖음/습기,비,단일로 - 기타,승용,남,27세,상해없음,보행자,여,70세,중상
2017040500100395,2017년 4월 5일 17시,수요일,대전광역시 대덕구 비래동,경상사고,0,0,1,0,차대차 - 기타,중앙선침범,젖음/습기,흐림,단일로 - 기타,승용,남,39세,상해없음,승용,남,50세,경상
2017040500100441,2017년 4월 5일 18시,수요일,대전광역시 대덕구 신대동,경상사고,0,0,1,0,차대차 - 추돌,안전운전불이행,건조,맑음,단일로 - 고가도로위,승용,남,26세,상해없음,승용,남,35세,상해없음
2017040500100501,2017년 4월 5일 19시,수요일,대전광역시 대덕구 상서동,경상사고,0,0,1,0,차대차 - 기타,안전운전불이행,건조,맑음,단일로 - 기타,승용,여,43세,상해없음,승용,남,51세,상해없음
2017040500100502,2017년 4월 5일 19시,수요일,대전광역시 서구 월평동,중상사고,0,1,0,0,차대사람 - 횡단중,안전운전불이행,젖음/습기,비,교차로 - 교차로안,승용,남,36세,상해없음,보행자,여,55세,중상
2017040500100503,2017년 4월 5일 19시,수요일,대전광역시 서구 탄방동,중상사고,0,1,0,0,차대사람 - 횡단중,안전운전불이행,젖음/습기,비,교차로 - 교차로부근,승용,남,56세,상해없음,보행자,여,76세,중상
2017040500100504,2017년 4월 5일 19시,수요일,대전광역시 서구 만년동,중상사고,0,1,2,0,차대차 - 측면충돌,신호위반,젖음/습기,비,교차로 - 교차로안,승용,남,27세,상해없음,승용,남,46세,중상
2017040500100505,2017년 4월 5일 19시,수요일,대전광역시 유성구 죽동,경상사고,0,0,1,0,차대사람 - 횡단중,보행자보호의무위반,젖음/습기,비,교차로 - 교차로횡단보도내,승용,여,28세,상해없음,보행자,남,43세,경상
2017040500100603,2017년 4월 5일 21시,수요일,대전광역시 유성구 구암동,경상사고,0,0,2,0,차대차 - 추돌,안전운전불이행,젖음/습기,비,교차로 - 교차로부근,승용,여,51세,상해없음,승용,여,53세,경상
2017040500100662,2017년 4월 5일 22시,수요일,대전광역시 서구 둔산동,중상사고,0,1,0,0,차대사람 - 횡단중,보행자보호의무위반,젖음/습기,비,교차로 - 교차로횡단보도내,승용,남,27세,상해없음,보행자,남,40세,중상
2017040500100663,2017년 4월 5일 22시,수요일,대전광역시 서구 월평동,경상사고,0,0,1,0,차대차 - 측면충돌,안전운전불이행,젖음/습기,비,교차로 - 교차로부근,승용,여,46세,상해없음,이륜,남,26세,경상
2017040600100047,2017년 4월 6일 00시,목요일,대전광역시 서구 월평동,경상사고,0,0,2,0,차대차 - 추돌,안전운전불이행,젖음/습기,비,단일로 - 기타,승용,남,63세,상해없음,승용,남,41세,경상
2017040600100097,2017년 4월 6일 03시,목요일,대전광역시 서구 월평동,경상사고,0,0,1,0,차대차 - 기타,중앙선침범,젖음/습기,비,단일로 - 기타,기타불명,기타불명,미분류,기타불명,승용,남,64세,상해없음