사고번호,사고일시,요일,시군구,사고내용,사망자수,중상자수,경상자수,부상신고자수,사고유형,법규위반,노면상태,기상상태,도로형태,가해운전자 차종,가해운전자 성별,가해운전자 연령,가해운전자 상해정도,피해운전자 차종,피해운전자 성별,피해운전자 연령,피해운전자 상해정도
2017042500100027,2017년 4월 25일 00시,화요일,대전광역시 유성구 화암동,경상사고,0,0,1,0,차대차 - 정면충돌,중앙선침범,건조,맑음,교차로 - 교차로부근,승용,남,72세,상해없음,승용,남,26세,경상
2017042500100064,2017년 4월 25일 06시,화요일,대전광역시 서구 가수원동,사망사고,1,0,0,0,차대차 - 기타,중앙선침범,건조,맑음,단일로 - 기타,자전거,남,54세,사망,승합,남,49세,상해없음
2017042500100087,2017년 4월 25일 07시,화요일,대전광역시 중구 선화동,경상사고,0,0,2,0,차대차 - 측면충돌,신호위반,건조,맑음,교차로 - 교차로안,승용,여,32세,상해없음,승용,남,52세,경상
2017042500100088,2017년 4월 25일 07시,화요일,대전광역시 유성구 노은동,경상사고,0,0,1,0,차량단독 - 기타,안전운전불이행,건조,맑음,단일로 - 기타,승합,남,55세,상해없음,,,,
2017042500100202,2017년 4월 25일 11시,화요일,대전광역시 중구 옥계동,경상사고,0,0,1,0,차대사람 - 기타,안전운전불이행,건조,맑음,단일로 - 기타,화물,남,55세,상해없음,보행자,여,69세,경상
2017042500100203,2017년 4월 25일 11시,화요일,대전광역시 대덕구 송촌동,경상사고,0,0,2,0,차대차 - 측면충돌,신호위반,건조,맑음,교차로 - 교차로안,승용,남,61세,상해없음,승용,여,22세,경상
2017042500100204,2017년 4월 25일 11시,화요일,대전광역시 서구 둔산동,경상사고,0,0,1,0,차대차 - 추돌,안전운전불이행,건조,맑음,교차로 - 교차로안,승용,남,65세,상해없음,승용,여,37세,경상
2017042500100233,2017년 4월 25일 12시,화요일,대전광역시 대덕구 송촌동,경상사고,0,0,1,0,차대차 - 추돌,신호위반,건조,맑음,교차로 - 교차로안,승용,여,49세,상해없음,승용,남,65세,경상
2017042500100234,2017년 4월 25일 12시,화요일,대전광역시 대덕구 중리동,경상사고,0,0,1,0,차대차 - 측면충돌,안전운전불이행,건조,맑음,단일로 - 기타,승용,남,63세,상해없음,승용,남,34세,경상
2017042500100272,2017년 4월 25일 13시,화요일,대전광역시 중구 선화동,경상사고,0,0,3,0,차대차 - 측면충돌,안전거리미확보,건조,맑음,단일로 - 기타,승용,여,36세,상해없음,승합,남,55세,경상
2017042500100302,2017년 4월 25일 14시,화요일,대전광역시 유성구 원촌동,경상사고,0,0,3,0,차대차 - 측면충돌,중앙선침범,건조,맑음,단일로 - 기타,승용,남,26세,경상,화물,남,32세,경상
2017042500100303,2017년 4월 25일 14시,화요일,대전광역시 유성구 원내동,경상사고,0,0,1,0,차대사람 - 횡단중,안전운전불이행,건조,맑음,교차로 - 교차로부근,승용,여,65세,상해없음,보행자,여,49세,경상
2017042500100338,2017년 4월 25일 15시,화요일,대전광역시 서구 갈마동,중상사고,0,1,0,0,차대사람 - 횡단중,안전운전불이행,건조,맑음,교차로 - 교차로부근,승용,남,35세,상해없음,보행자,남,72세,중상
2017042500100435,2017년 4월 25일 18시,화요일,대전광역시 서구 월평동,중상사고,0,1,0,0,차대차 - 측면충돌,신호위반,건조,맑음,교차로 - 교차로안,승용,남,34세,상해없음,승용,남,55세,중상
2017042500100488,2017년 4월 25일 20시,화요일,대전광역시 동구 자양동,경상사고,0,0,1,0,차대차 - 측면충돌,안전운전불이행,건조,맑음,교차로 - 교차로부근,승용,여,54세,상해없음,이륜,남,22세,경상
2017042500100509,2017년 4월 25일 21시,화요일,대전광역시 동구 용전동,경상사고,0,0,1,0,차대차 - 측면충돌,안전거리미확보,건조,맑음,단일로 - 기타,승용,남,63세,상해없음,이륜,남,21세,경상
2017042500100510,2017년 4월 25일 21시,화요일,대전광역시 대덕구 대화동,중상사고,0,1,0,0,차대차 - 기타,안전운전불이행,건조,맑음,교차로 - 교차로안,승용,남,49세,상해없음,이륜,남,46세,중상
2017042500100511,2017년 4월 25일 21시,화요일,대전광역시 유성구 봉명동,경상사고,0,0,1,0,차대차 - 측면충돌,교차로운행방법위반,건조,흐림,교차로 - 교차로안,승용,남,24세,상해없음,이륜,남,37세,경상
2017042500100534,2017년 4월 25일 22시,화요일,대전광역시 유성구 상대동,경상사고,0,0,1,0,차대차 - 추돌,안전운전불이행,건조,흐림,교차로 - 교차로부근,승용,남,57세,상해없음,승용,남,46세,경상
2017042500100551,2017년 4월 25일 23시,화요일,대전광역시 동구 홍도동,경상사고,0,0,1,0,차대차 - 측면충돌,안전운전불이행,건조,맑음,단일로 - 기타,승용,남,52세,기타불명,자전거,남,33세,경상
2017042600100050,2017년 4월 26일 02시,수요일,대전광역시 유성구 구성동,경상사고,0,0,1,0,차량단독 - 공작물충돌,안전운전불이행,젖음/습기,비,단일로 - 기타,화물,남,22세,상해없음,,,,
2017042600100051,2017년 4월 26일 02시,수요일,대전광역시 유성구 노은동,경상사고,0,0,1,0,차대차 - 추돌,안전운전불이행,젖음/습기,비,교차로 - 교차로부근,승용,남,33세,상해없음,승용,남,60세,경상
2017042600100064,2017년 4월 26일 04시,수요일,대전광역시 서구 갈마동,중상사고,0,2,1,0,차대차 - 측면충돌,신호위반,건조,맑음,교차로 - 교차로안,승용,남,22세,상해없음,승용,남,61세,경상
2017042600100074,2017년 4월 26일 05시,수요일,대전광역시 동구 용운동,경상사고,0,0,2,0,차량단독 - 전도전복 - 전도,안전운전불이행,건조,맑음,단일로 - 기타,승용,여,62세,경상,,,,
2017042600100075,2017년 4월 26일 05시,수요일,대전광역시 대덕구 오정동,경상사고,0,0,1,0,차대차 - 추돌,중앙선침범,건조,맑음,교차로 - 교차로부근,승용,남,63세,상해없음,승용,여,45세,경상
2017042600100117,2017년 4월 26일 07시,수요일,대전광역시 동구 소제동,경상사고,0,0,1,0,차대차 - 측면충돌,신호위반,건조,맑음,단일로 - 기타,승용,남,57세,상해없음,승용,남,26세,경상
2017042600100157,2017년 4월 26일 08시,수요일,대전광역시 동구 가양동,경상사고,0,0,1,0,차대차 - 추돌,안전운전불이행,건조,맑음,단일로 - 기타,승용,남,27세,상해없음,승용,여,64세,경상
2017042600100193,2017년 4월 26일 09시,수요일,대전광역시 서구 내동,경상사고,0,0,1,0,차대차 - 측면충돌,안전거리미확보,건조,맑음,교차로 - 교차로부근,승용,여,65세,상해없음,승용,남,35세,경상
2017042600100218,2017년 4월 26일 10시,수요일,대전광역시 대덕구 중리동,부상신고사고,0,0,0,1,차대차 - 추돌,안전운전불이행,건조,맑음,단일로 - 기타,승용,여,31세,상해없음,승용,남,38세,부상신고
2017042600100219,2017년 4월 26일 10시,수요일,대전광역시 대덕구 읍내동,경상사고,0,0,1,0,차대차 - 측면충돌,안전운전불이행,건조,맑음,교차로 - 교차로부근,승용,남,52세,상해없음,이륜,남,68세,경상
2017042600100313,2017년 4월 26일 13시,수요일,대전광역시 동구 판암동,경상사고,0,0,1,0,차대차 - 추돌,안전운전불이행,건조,맑음,교차로 - 교차로부근,승용,남,64세,상해없음,화물,남,54세,경상
2017042600100314,2017년 4월 26일 13시,수요일,대전광역시 서구 변동,경상사고,0,0,1,0,차대차 - 추돌,안전운전불이행,건조,맑음,단일로 - 기타,승용,여,51세,상해없음,승용,남,36세,경상
2017042600100342,2017년 4월 26일 14시,수요일,대전광역시 동구 가양동,중상사고,0,1,0,0,차대차 - 측면충돌,교차로운행방법위반,건조,맑음,교차로 - 교차로안,이륜,남,71세,중상,승용,남,22세,상해없음
2017042600100343,2017년 4월 26일 14시,수요일,대전광역시 서구 용문동,경상사고,0,0,1,0,차대차 - 측면충돌,안전운전불이행,건조,맑음,단일로 - 기타,승용,남,32세,상해없음,승용,남,57세,경상
2017042600100344,2017년 4월 26일 14시,수요일,대전광역시 대덕구 대화동,중상사고,0,1,0,0,차대차 - 추돌,안전운전불이행,건조,맑음,단일로 - 기타,승용,남,24세,상해없음,승용,남,34세,중상
2017042600100425,2017년 4월 26일 16시,수요일,대전광역시 동구 가오동,중상사고,0,2,0,0,차대사람 - 횡단중,기타,건조,맑음,단일로 - 기타,승합,남,35세,상해없음,보행자,여,38세,중상
2017042600100426,2017년 4월 26일 16시,수요일,대전광역시 대덕구 읍내동,경상사고,0,0,3,0,차대차 - 측면충돌,교차로운행방법위반,건조,맑음,교차로 - 교차로안,승용,여,45세,상해없음,승용,여,55세,경상
2017042600100427,2017년 4월 26일 16시,수요일,대전광역시 서구 둔산동,중상사고,0,1,0,0,차대사람 - 횡단중,보행자보호의무위반,건조,맑음,교차로 - 교차로안,화물,남,59세,상해없음,보행자,여,50세,중상
2017042600100460,2017년 4월 26일 17시,수요일,대전광역시 서구 도마동,중상사고,0,1,0,0,차대사람 - 횡단중,보행자보호의무위반,건조,맑음,단일로 - 기타,승용,남,54세,상해없음,보행자,여,53세,중상
2017042600100461,2017년 4월 26일 17시,수요일,대전광역시 서구 둔산동,경상사고,0,0,1,0,차대사람 - 길가장자리구역통행중,안전운전불이행,건조,맑음,교차로 - 교차로부근,승용,여,62세,기타불명,보행자,여,62세,경상
2017042600100462,2017년 4월 26일 17시,수요일,대전광역시 유성구 구성동,경상사고,0,0,5,0,차대차 - 추돌,안전운전불이행,건조,맑음,교차로 - 교차로부근,승용,남,68세,상해없음,승용,여,55세,경상
2017042600100542,2017년 4월 26일 19시,수요일,대전광역시 유성구 봉명동,부상신고사고,0,0,0,1,차대차 - 측면충돌,불법유턴,건조,맑음,교차로 - 교차로안,자전거,여,29세,부상신고,승용,여,39세,상해없음
2017042600100631,2017년 4월 26일 22시,수요일,대전광역시 서구 갈마동,경상사고,0,0,2,0,차대차 - 추돌,안전거리미확보,건조,맑음,교차로 - 교차로부근,승용,남,25세,상해없음,승용,남,23세,경상
2017042600100632,2017년 4월 26일 22시,수요일,대전광역시 유성구 장대동,중상사고,0,1,2,0,차대차 - 추돌,안전거리미확보,건조,맑음,단일로 - 기타,승용,남,30세,상해없음,승용,남,64세,경상
2017042600100648,2017년 4월 26일 23시,수요일,대전광역시 서구 정림동,중상사고,0,1,0,0,차대사람 - 횡단중,안전운전불이행,건조,맑음,주차장 - 주차장,승합,남,49세,상해없음,보행자,여,52세,중상
2017042700100036,2017년 4월 27일 01시,목요일,대전광역시 대덕구 비래동,경상사고,0,0,1,0,차대차 - 측면충돌,신호위반,건조,맑음,교차로 - 교차로안,승용,남,69세,상해없음,승용,남,55세,경상
2017042700100060,2017년 4월 27일 04시,목요일,대전광역시 서구 가수원동,중상사고,0,1,0,0,차대차 - 측면충돌,신호위반,건조,맑음,교차로 - 교차로안,승용,남,36세,상해없음,승합,남,42세,중상
2017042700100078,2017년 4월 27일 06시,목요일,대전광역시 대덕구 상서동,경상사고,0,0,1,0,차대사람 - 횡단중,보행자보호의무위반,건조,맑음,교차로 - 교차로안,승용,남,62세,상해없음,보행자,여,43세,경상
2017042700100108,2017년 4월 27일 07시,목요일,대전광역시 중구 유천동,중상사고,0,1,0,0,차대차 - 정면충돌,안전운전불이행,건조,맑음,교차로 - 교차로안,승용,남,28세,상해없음,승용,여,40세,중상
2017042700100155,2017년 4월 27일 08시,목요일,대전광역시 동구 삼성동,경상사고,0,0,1,0,차대사람 - 횡단중,안전운전불이행,건조,맑음,교차로 - 교차로횡단보도내,승용,여,50세,기타불명,보행자,여,80세,경상
2017042700100232,2017년 4월 27일 11시,목요일,대전광역시 유성구 구암동,경상사고,0,0,1,0,차대차 - 추돌,안전거리미확보,건조,맑음,단일로 - 기타,승용,남,56세,상해없음,승합,남,36세,경상
2017042700100286,2017년 4월 27일 13시,목요일,대전광역시 중구 문화동,중상사고,0,1,0,0,차대차 - 측면충돌,교차로운행방법위반,건조,맑음,교차로 - 교차로안,화물,남,50세,상해없음,승용,남,24세,상해없음
2017042700100287,2017년 4월 27일 13시,목요일,대전광역시 서구 월평동,경상사고,0,0,1,0,차대차 - 정면충돌,안전운전불이행,건조,맑음,교차로 - 교차로안,승용,여,26세,상해없음,승용,남,51세,경상
2017042700100354,2017년 4월 27일 15시,목요일,대전광역시 서구 괴정동,경상사고,0,0,1,0,차대차 - 정면충돌,안전운전불이행,건조,맑음,교차로 - 교차로안,승용,여,39세,상해없음,승용,여,52세,경상
2017042700100390,2017년 4월 27일 16시,목요일,대전광역시 대덕구 비래동,중상사고,0,1,0,0,차대차 - 기타,안전운전불이행,건조,맑음,단일로 - 기타,승용,남,61세,상해없음,자전거,남,73세,중상
2017042700100447,2017년 4월 27일 17시,목요일,대전광역시 중구 오류동,경상사고,0,0,5,0,차대차 - 기타,안전거리미확보,건조,맑음,단일로 - 기타,승용,여,66세,상해없음,승합,남,56세,상해없음
2017042700100448,2017년 4월 27일 17시,목요일,대전광역시 대덕구 중리동,중상사고,0,1,0,0,차대차 - 정면충돌,안전운전불이행,건조,맑음,단일로 - 기타,승합,남,64세,상해없음,승용,남,42세,중상
2017042700100449,2017년 4월 27일 17시,목요일,대전광역시 서구 월평동,중상사고,0,1,0,0,차대차 - 정면충돌,안전운전불이행,건조,맑음,단일로 - 기타,승용,여,27세,상해없음,원동기,남,67세,중상
2017042700100498,2017년 4월 27일 18시,목요일,대전광역시 유성구 지족동,경상사고,0,0,1,0,차대차 - 기타,안전운전불이행,건조,맑음,교차로 - 교차로안,승용,남,40세,상해없음,자전거,여,27세,경상
2017042700100531,2017년 4월 27일 19시,목요일,대전광역시 서구 도마동,경상사고,0,0,2,0,차대차 - 측면충돌,안전거리미확보,건조,맑음,단일로 - 기타,승합,남,53세,상해없음,승용,남,49세,경상
2017042700100532,2017년 4월 27일 19시,목요일,대전광역시 대덕구 비래동,경상사고,0,0,1,0,차대차 - 측면충돌,안전운전불이행,건조,맑음,교차로 - 교차로안,승용,여,51세,상해없음,이륜,남,30세,경상
2017042700100566,2017년 4월 27일 20시,목요일,대전광역시 서구 정림동,경상사고,0,0,1,0,차대차 - 측면충돌,안전거리미확보,건조,맑음,단일로 - 기타,승용,여,55세,상해없음,승용,남,63세,경상
2017042800100032,2017년 4월 28일 00시,금요일,대전광역시 유성구 반석동,경상사고,0,0,2,0,차대차 - 측면충돌,신호위반,건조,맑음,교차로 - 교차로안,승용,남,34세,상해없음,승용,남,58세,경상
2017042800100050,2017년 4월 28일 02시,금요일,대전광역시 서구 만년동,중상사고,0,1,1,0,차대차 - 정면충돌,중앙선침범,건조,맑음,교차로 - 교차로부근,승용,남,40세,상해없음,승용,남,61세,중상
2017042800100060,2017년 4월 28일 03시,금요일,대전광역시 대덕구 송촌동,경상사고,0,0,2,0,차대차 - 측면충돌,신호위반,건조,맑음,교차로 - 교차로안,승용,여,47세,상해없음,승용,남,24세,경상
2017042800100074,2017년 4월 28일 05시,금요일,대전광역시 유성구 봉명동,경상사고,0,0,3,0,차대차 - 측면충돌,교차로운행방법위반,건조,맑음,교차로 - 교차로안,승용,남,53세,상해없음,승용,남,52세,경상
2017042800100075,2017년 4월 28일 05시,금요일,대전광역시 유성구 송강동,경상사고,0,0,1,0,차대차 - 기타,신호위반,건조,맑음,교차로 - 교차로안,화물,남,58세,상해없음,승용,남,60세,경상
2017042800100117,2017년 4월 28일 07시,금요일,대전광역시 동구 인동,경상사고,0,0,1,0,차대차 - 측면충돌,신호위반,건조,맑음,교차로 - 교차로안,승용,여,49세,상해없음,승용,남,52세,경상
2017042800100166,2017년 4월 28일 08시,금요일,대전광역시 동구 중동,중상사고,0,1,0,0,차대차 - 기타,기타,건조,맑음,단일로 - 기타,승용,남,64세,상해없음,자전거,남,58세,중상
2017042800100167,2017년 4월 28일 08시,금요일,대전광역시 서구 갈마동,경상사고,0,0,1,0,차대사람 - 기타,안전운전불이행,건조,맑음,단일로 - 기타,승용,여,46세,상해없음,보행자,여,18세,경상
2017042800100168,2017년 4월 28일 08시,금요일,대전광역시 유성구 지족동,중상사고,0,1,0,0,차대사람 - 횡단중,보행자보호의무위반,건조,맑음,교차로 - 교차로부근,승용,여,35세,상해없음,보행자,여,63세,중상
2017042800100206,2017년 4월 28일 09시,금요일,대전광역시 동구 인동,중상사고,0,1,0,0,차대차 - 기타,안전운전불이행,건조,맑음,교차로 - 교차로안,승용,여,34세,상해없음,승합,남,52세,상해없음
2017042800100240,2017년 4월 28일 10시,금요일,대전광역시 서구 둔산동,경상사고,0,0,1,0,차대사람 - 기타,안전운전불이행,건조,맑음,단일로 - 기타,승용,여,50세,상해없음,보행자,남,79세,경상
2017042800100304,2017년 4월 28일 12시,금요일,대전광역시 동구 대동,경상사고,0,0,2,0,차대차 - 추돌,안전운전불이행,건조,맑음,교차로 - 교차로부근,승용,남,28세,상해없음,화물,남,42세,경상
2017042800100371,2017년 4월 28일 14시,금요일,대전광역시 서구 도마동,경상사고,0,0,1,0,차대사람 - 횡단중,안전운전불이행,건조,맑음,주차장 - 주차장,화물,남,76세,상해없음,보행자,여,72세,경상
2017042800100372,2017년 4월 28일 14시,금요일,대전광역시 대덕구 신대동,경상사고,0,0,5,0,차대차 - 기타,안전운전불이행,건조,맑음,단일로 - 기타,화물,남,55세,상해없음,승용,남,48세,상해없음
2017042800100373,2017년 4월 28일 14시,금요일,대전광역시 유성구 송강동,경상사고,0,0,2,1,차대차 - 추돌,안전운전불이행,건조,맑음,단일로 - 기타,승용,남,51세,상해없음,승용,남,32세,경상
2017042800100408,2017년 4월 28일 15시,금요일,대전광역시 동구 정동,경상사고,0,0,1,0,차대사람 - 횡단중,안전운전불이행,건조,맑음,단일로 - 기타,승용,남,65세,상해없음,보행자,여,55세,경상
2017042800100409,2017년 4월 28일 15시,금요일,대전광역시 서구 관저동,중상사고,0,1,0,0,차대사람 - 기타,안전운전불이행,건조,맑음,기타 - 기타,자전거,남,11세,상해없음,보행자,남,3세,중상
2017042800100410,2017년 4월 28일 15시,금요일,대전광역시 유성구 봉명동,경상사고,0,0,1,0,차대차 - 추돌,안전운전불이행,건조,맑음,교차로 - 교차로부근,승용,남,60세,상해없음,승용,여,47세,경상
2017042800100446,2017년 4월 28일 16시,금요일,대전광역시 서구 복수동,경상사고,0,0,1,0,차대사람 - 횡단중,기타,건조,맑음,단일로 - 기타,승합,남,65세,상해없음,보행자,남,10세,경상
2017042800100447,2017년 4월 28일 16시,금요일,대전광역시 서구 관저동,경상사고,0,0,1,0,차대차 - 측면충돌,안전운전불이행,건조,맑음,교차로 - 교차로안,화물,남,31세,상해없음,승용,여,54세,경상
2017042800100448,2017년 4월 28일 16시,금요일,대전광역시 유성구 장대동,경상사고,0,0,3,1,차대차 - 추돌,안전운전불이행,건조,맑음,교차로 - 교차로안,승용,여,54세,상해없음,승용,여,67세,경상
2017042800100488,2017년 4월 28일 17시,금요일,대전광역시 대덕구 법동,중상사고,0,1,0,0,차대사람 - 횡단중,보행자보호의무위반,건조,맑음,교차로 - 교차로횡단보도내,승용,여,21세,상해없음,보행자,남,83세,중상
2017042800100533,2017년 4월 28일 18시,금요일,대전광역시 동구 가오동,중상사고,0,1,0,0,차대사람 - 횡단중,보행자보호의무위반,건조,맑음,단일로 - 기타,승용,남,58세,상해없음,보행자,여,49세,중상
2017042800100534,2017년 4월 28일 18시,금요일,대전광역시 동구 용전동,경상사고,0,0,2,0,차대차 - 기타,안전운전불이행,건조,맑음,단일로 - 기타,승합,남,51세,상해없음,승용,남,30세,경상
2017042800100535,2017년 4월 28일 18시,금요일,대전광역시 대덕구 비래동,경상사고,0,0,1,0,차대차 - 기타,안전운전불이행,건조,맑음,단일로 - 기타,화물,남,28세,상해없음,승용,여,53세,경상
2017042800100536,2017년 4월 28일 18시,금요일,대전광역시 서구 월평동,경상사고,0,0,1,0,차대차 - 측면충돌,교차로운행방법위반,건조,맑음,교차로 - 교차로안,승용,여,42세,상해없음,승용,남,41세,경상
2017042800100576,2017년 4월 28일 19시,금요일,대전광역시 서구 탄방동,경상사고,0,0,1,0,차대차 - 측면충돌,안전운전불이행,건조,맑음,단일로 - 기타,화물,남,62세,상해없음,승용,남,27세,경상
2017042800100614,2017년 4월 28일 20시,금요일,대전광역시 유성구 구성동,경상사고,0,0,1,0,차대사람 - 기타,안전운전불이행,건조,맑음,단일로 - 기타,승용,남,59세,상해없음,보행자,남,32세,경상
2017042800100646,2017년 4월 28일 21시,금요일,대전광역시 서구 둔산동,경상사고,0,0,3,0,차대차 - 기타,안전운전불이행,건조,맑음,교차로 - 교차로부근,승용,남,54세,상해없음,승용,남,44세,경상
2017042800100676,2017년 4월 28일 22시,금요일,대전광역시 중구 안영동,경상사고,0,0,1,0,차량단독 - 기타,안전운전불이행,건조,맑음,단일로 - 기타,승합,남,54세,상해없음,,,,
2017042800100677,2017년 4월 28일 22시,금요일,대전광역시 유성구 궁동,부상신고사고,0,0,0,1,차대사람 - 길가장자리구역통행중,안전운전불이행,건조,맑음,단일로 - 기타,승용,여,24세,상해없음,보행자,남,19세,부상신고
2017042800100701,2017년 4월 28일 23시,금요일,대전광역시 서구 둔산동,경상사고,0,0,1,0,차대차 - 추돌,안전운전불이행,건조,맑음,교차로 - 교차로안,승용,남,58세,상해없음,승용,남,33세,경상
2017042800100702,2017년 4월 28일 23시,금요일,대전광역시 유성구 궁동,경상사고,0,0,3,2,차대차 - 기타,교차로운행방법위반,건조,맑음,교차로 - 교차로안,승용,남,25세,상해없음,승용,여,58세,경상
2017042900100037,2017년 4월 29일 00시,토요일,대전광역시 서구 도마동,경상사고,0,0,2,0,차대차 - 추돌,안전운전불이행,건조,맑음,단일로 - 기타,승용,남,37세,상해없음,승용,남,60세,경상
2017042900100103,2017년 4월 29일 05시,토요일,대전광역시 대덕구 신탄진동,중상사고,0,1,0,0,차대사람 - 기타,안전운전불이행,건조,맑음,단일로 - 기타,승합,남,55세,기타불명,보행자,여,70세,중상
2017042900100202,2017년 4월 29일 09시,토요일,대전광역시 동구 홍도동,경상사고,0,0,2,0,차대차 - 추돌,안전운전불이행,건조,맑음,단일로 - 기타,승용,남,75세,상해없음,승용,남,69세,상해없음
2017042900100235,2017년 4월 29일 10시,토요일,대전광역시 유성구 봉명동,경상사고,0,0,1,0,차대차 - 추돌,안전운전불이행,건조,맑음,단일로 - 교량,승용,여,29세,상해없음,승용,여,49세,경상
2017042900100301,2017년 4월 29일 12시,토요일,대전광역시 서구 월평동,경상사고,0,0,1,0,차대차 - 기타,안전운전불이행,건조,맑음,단일로 - 기타,승용,남,54세,상해없음,승용,남,59세,경상
2017042900100345,2017년 4월 29일 13시,토요일,대전광역시 중구 대흥동,경상사고,0,0,2,0,차대차 - 추돌,안전운전불이행,건조,맑음,단일로 - 기타,승용,여,50세,상해없음,승용,남,32세,경상
2017042900100346,2017년 4월 29일 13시,토요일,대전광역시 유성구 갑동,경상사고,0,0,5,0,차대차 - 기타,안전운전불이행,건조,맑음,단일로 - 기타,승용,여,41세,상해없음,승용,여,39세,경상
2017042900100381,2017년 4월 29일 14시,토요일,대전광역시 서구 괴정동,경상사고,0,0,2,0,차대차 - 추돌,안전거리미확보,건조,맑음,단일로 - 기타,승용,남,59세,상해없음,승용,남,24세,경상
2017042900100421,2017년 4월 29일 15시,토요일,대전광역시 서구 가수원동,경상사고,0,0,1,0,차대차 - 기타,안전운전불이행,건조,맑음,단일로 - 기타,승합,남,62세,상해없음,자전거,남,82세,경상
2017042900100476,2017년 4월 29일 16시,토요일,대전광역시 중구 부사동,경상사고,0,0,1,0,차대차 - 기타,안전운전불이행,건조,맑음,단일로 - 기타,승용,남,53세,상해없음,승용,남,50세,경상
2017042900100477,2017년 4월 29일 16시,토요일,대전광역시 유성구 원내동,중상사고,0,1,0,0,차대차 - 기타,안전운전불이행,건조,맑음,단일로 - 기타,자전거,남,84세,중상,화물,남,54세,상해없음
2017042900100517,2017년 4월 29일 17시,토요일,대전광역시 동구 삼성동,경상사고,0,0,2,0,차대차 - 측면충돌,안전거리미확보,건조,맑음,단일로 - 기타,승합,남,79세,상해없음,승용,남,45세,경상
2017042900100518,2017년 4월 29일 17시,토요일,대전광역시 서구 탄방동,중상사고,0,1,0,0,차대사람 - 횡단중,안전운전불이행,건조,맑음,교차로 - 교차로횡단보도내,승용,남,52세,상해없음,보행자,여,19세,중상
2017042900100552,2017년 4월 29일 18시,토요일,대전광역시 중구 은행동,경상사고,0,0,1,0,차대차 - 기타,중앙선침범,건조,맑음,단일로 - 기타,승용,남,18세,상해없음,승용,남,57세,상해없음
2017042900100553,2017년 4월 29일 18시,토요일,대전광역시 서구 괴정동,중상사고,0,1,0,0,차대사람 - 횡단중,보행자보호의무위반,건조,맑음,교차로 - 교차로횡단보도내,승용,여,40세,상해없음,보행자,여,74세,중상
2017042900100554,2017년 4월 29일 18시,토요일,대전광역시 유성구 용산동,경상사고,0,0,4,0,차대차 - 추돌,교차로운행방법위반,건조,맑음,교차로 - 교차로안,승용,남,46세,상해없음,승용,여,53세,경상
2017042900100582,2017년 4월 29일 19시,토요일,대전광역시 서구 갈마동,경상사고,0,0,1,0,차대차 - 기타,안전운전불이행,건조,맑음,단일로 - 기타,자전거,남,47세,경상,승용,남,55세,상해없음
2017042900100618,2017년 4월 29일 20시,토요일,대전광역시 중구 태평동,경상사고,0,0,2,0,차대차 - 측면충돌,신호위반,건조,맑음,교차로 - 교차로안,승용,남,26세,경상,원동기,남,22세,경상
2017042900100619,2017년 4월 29일 20시,토요일,대전광역시 중구 부사동,경상사고,0,0,2,0,차대차 - 측면충돌,안전거리미확보,건조,맑음,단일로 - 기타,승용,남,55세,상해없음,승용,여,46세,경상
2017042900100668,2017년 4월 29일 22시,토요일,대전광역시 동구 삼성동,경상사고,0,0,1,0,차대차 - 기타,안전운전불이행,건조,맑음,교차로 - 교차로안,승용,남,63세,상해없음,이륜,남,40세,경상
2017043000100029,2017년 4월 30일 00시,일요일,대전광역시 서구 둔산동,경상사고,0,0,1,0,차대차 - 기타,안전운전불이행,건조,맑음,교차로 - 교차로안,이륜,남,35세,상해없음,개인형이동수단(PM),남,41세,경상
2017043000100044,2017년 4월 30일 01시,일요일,대전광역시 중구 대흥동,경상사고,0,0,1,0,차대차 - 추돌,안전운전불이행,건조,맑음,단일로 - 기타,승용,남,48세,상해없음,승용,남,51세,경상
2017043000100066,2017년 4월 30일 03시,일요일,대전광역시 서구 탄방동,경상사고,0,0,1,0,차대차 - 기타,신호위반,건조,맑음,교차로 - 교차로안,승용,여,51세,상해없음,이륜,남,48세,경상
2017043000100161,2017년 4월 30일 10시,일요일,대전광역시 유성구 봉명동,중상사고,0,1,0,0,차대사람 - 횡단중,중앙선침범,건조,맑음,교차로 - 교차로부근,승용,남,55세,상해없음,보행자,남,64세,중상
2017043000100187,2017년 4월 30일 11시,일요일,대전광역시 서구 가수원동,경상사고,0,0,1,0,차대차 - 측면충돌,안전거리미확보,건조,맑음,교차로 - 교차로부근,승용,여,44세,상해없음,승용,여,35세,경상
2017043000100188,2017년 4월 30일 11시,일요일,대전광역시 서구 갈마동,경상사고,0,0,1,0,차대차 - 추돌,안전운전불이행,건조,맑음,교차로 - 교차로부근,승용,남,64세,상해없음,승용,남,54세,경상
2017043000100237,2017년 4월 30일 13시,일요일,대전광역시 서구 복수동,경상사고,0,0,1,0,차대차 - 정면충돌,중앙선침범,건조,맑음,교차로 - 교차로부근,승용,여,41세,상해없음,이륜,남,35세,경상
2017043000100238,2017년 4월 30일 13시,일요일,대전광역시 대덕구 오정동,경상사고,0,0,1,0,차대차 - 추돌,안전운전불이행,건조,맑음,단일로 - 기타,승용,남,69세,상해없음,이륜,남,19세,경상
2017043000100272,2017년 4월 30일 14시,일요일,대전광역시 중구 대흥동,경상사고,0,0,1,0,차대차 - 추돌,안전거리미확보,건조,맑음,단일로 - 기타,원동기,남,54세,경상,승용,남,59세,상해없음