사고번호,사고일시,요일,시군구,사고내용,사망자수,중상자수,경상자수,부상신고자수,사고유형,법규위반,노면상태,기상상태,도로형태,가해운전자 차종,가해운전자 성별,가해운전자 연령,가해운전자 상해정도,피해운전자 차종,피해운전자 성별,피해운전자 연령,피해운전자 상해정도
2017050600100404,2017년 5월 6일 17시,토요일,대전광역시 중구 중촌동,경상사고,0,0,3,0,차대차 - 측면충돌,차로위반,건조,맑음,단일로 - 기타,승용,남,59세,상해없음,승용,남,50세,경상
2017050600100462,2017년 5월 6일 19시,토요일,대전광역시 동구 대동,중상사고,0,1,2,0,차대차 - 정면충돌,안전운전불이행,건조,맑음,교차로 - 교차로부근,승용,남,67세,상해없음,화물,남,35세,중상
2017050600100463,2017년 5월 6일 19시,토요일,대전광역시 동구 중동,경상사고,0,0,1,0,차대차 - 측면충돌,안전운전불이행,건조,맑음,단일로 - 기타,승합,남,62세,상해없음,승용,남,53세,경상
2017050600100522,2017년 5월 6일 21시,토요일,대전광역시 서구 월평동,경상사고,0,0,2,0,차대차 - 정면충돌,안전운전불이행,건조,맑음,교차로 - 교차로부근,승용,남,58세,상해없음,승용,남,26세,경상
2017050600100523,2017년 5월 6일 21시,토요일,대전광역시 유성구 구암동,경상사고,0,0,1,0,차대차 - 추돌,안전운전불이행,건조,맑음,교차로 - 교차로부근,승용,남,24세,기타불명,승용,여,39세,경상
2017050600100541,2017년 5월 6일 22시,토요일,대전광역시 서구 변동,중상사고,0,1,1,0,차대차 - 추돌,안전운전불이행,건조,맑음,단일로 - 기타,승용,남,39세,상해없음,승용,남,28세,중상
2017050600100555,2017년 5월 6일 23시,토요일,대전광역시 중구 문화동,경상사고,0,0,2,1,차대차 - 측면충돌,신호위반,건조,맑음,교차로 - 교차로안,승용,여,34세,상해없음,승용,남,67세,경상
2017050600100556,2017년 5월 6일 23시,토요일,대전광역시 서구 둔산동,경상사고,0,0,1,0,차대사람 - 차도통행중,안전운전불이행,건조,맑음,단일로 - 기타,승용,남,28세,상해없음,보행자,남,25세,경상
2017050700100054,2017년 5월 7일 03시,일요일,대전광역시 서구 만년동,경상사고,0,0,1,0,차대차 - 정면충돌,신호위반,건조,맑음,교차로 - 교차로안,승용,남,45세,상해없음,승용,남,61세,경상
2017050700100070,2017년 5월 7일 05시,일요일,대전광역시 유성구 봉명동,경상사고,0,0,1,0,차대차 - 정면충돌,안전운전불이행,건조,맑음,교차로 - 교차로안,이륜,남,24세,상해없음,승용,남,54세,경상
2017050700100118,2017년 5월 7일 09시,일요일,대전광역시 동구 용전동,경상사고,0,0,1,0,차대차 - 측면충돌,교차로운행방법위반,건조,맑음,교차로 - 교차로안,원동기,남,59세,경상,승용,남,30세,상해없음
2017050700100119,2017년 5월 7일 09시,일요일,대전광역시 서구 갈마동,경상사고,0,0,1,0,차대차 - 측면충돌,안전운전불이행,건조,맑음,교차로 - 교차로안,승용,남,33세,상해없음,이륜,남,49세,경상
2017050700100133,2017년 5월 7일 10시,일요일,대전광역시 서구 도안동,경상사고,0,0,1,0,차대차 - 정면충돌,안전운전불이행,건조,맑음,단일로 - 기타,승용,남,57세,상해없음,승용,남,33세,경상
2017050700100176,2017년 5월 7일 12시,일요일,대전광역시 동구 대동,경상사고,0,0,1,0,차대차 - 측면충돌,신호위반,건조,맑음,교차로 - 교차로안,승용,남,56세,상해없음,원동기,남,73세,경상
2017050700100197,2017년 5월 7일 13시,일요일,대전광역시 유성구 신성동,경상사고,0,0,4,0,차대차 - 기타,안전운전불이행,건조,맑음,단일로 - 기타,승용,남,64세,상해없음,승용,여,31세,경상
2017050700100281,2017년 5월 7일 16시,일요일,대전광역시 동구 자양동,경상사고,0,0,1,0,차대차 - 측면충돌,안전거리미확보,건조,맑음,교차로 - 교차로안,승용,남,60세,상해없음,승용,남,43세,경상
2017050700100282,2017년 5월 7일 16시,일요일,대전광역시 유성구 구암동,경상사고,0,0,1,0,차대차 - 추돌,안전운전불이행,건조,맑음,교차로 - 교차로부근,승합,남,55세,상해없음,화물,남,31세,경상
2017050700100313,2017년 5월 7일 17시,일요일,대전광역시 유성구 도룡동,중상사고,0,1,4,0,차대차 - 추돌,안전운전불이행,건조,맑음,단일로 - 기타,승합,남,45세,상해없음,승용,여,25세,경상
2017050700100339,2017년 5월 7일 18시,일요일,대전광역시 동구 추동,경상사고,0,0,2,0,차대차 - 측면충돌,중앙선침범,건조,맑음,단일로 - 기타,승용,여,30세,상해없음,승용,여,56세,경상
2017050700100340,2017년 5월 7일 18시,일요일,대전광역시 동구 가오동,경상사고,0,0,2,0,차대차 - 측면충돌,안전운전불이행,건조,맑음,교차로 - 교차로부근,이륜,남,20세,경상,승용,여,33세,경상
2017050700100387,2017년 5월 7일 20시,일요일,대전광역시 대덕구 송촌동,부상신고사고,0,0,0,1,차대사람 - 횡단중,안전운전불이행,건조,맑음,단일로 - 기타,승용,남,56세,상해없음,보행자,남,4세,부상신고
2017050700100388,2017년 5월 7일 20시,일요일,대전광역시 서구 월평동,경상사고,0,0,1,0,차대차 - 기타,안전운전불이행,건조,맑음,단일로 - 기타,자전거,남,17세,경상,승용,남,45세,상해없음
2017050800100031,2017년 5월 8일 00시,월요일,대전광역시 서구 괴정동,경상사고,0,0,2,0,차대차 - 추돌,안전운전불이행,건조,맑음,교차로 - 교차로부근,승용,남,29세,상해없음,승용,남,31세,경상
2017050800100032,2017년 5월 8일 00시,월요일,대전광역시 서구 둔산동,경상사고,0,0,2,0,차대차 - 추돌,안전운전불이행,건조,맑음,교차로 - 교차로부근,승용,남,50세,상해없음,승용,남,30세,경상
2017050800100040,2017년 5월 8일 02시,월요일,대전광역시 서구 둔산동,경상사고,0,0,1,0,차대사람 - 기타,안전운전불이행,건조,맑음,단일로 - 기타,승용,남,19세,상해없음,보행자,남,23세,경상
2017050800100140,2017년 5월 8일 08시,월요일,대전광역시 중구 문화동,경상사고,0,0,1,0,차대사람 - 보도통행중,기타,건조,맑음,기타 - 기타,화물,남,44세,상해없음,보행자,남,24세,경상
2017050800100141,2017년 5월 8일 08시,월요일,대전광역시 유성구 방동,경상사고,0,0,1,0,차대차 - 추돌,안전거리미확보,건조,맑음,단일로 - 기타,승용,남,38세,상해없음,승용,여,47세,경상
2017050800100178,2017년 5월 8일 09시,월요일,대전광역시 서구 도안동,경상사고,0,0,1,0,차대차 - 측면충돌,안전거리미확보,건조,맑음,교차로 - 교차로부근,승용,남,57세,상해없음,승용,여,39세,경상
2017050800100179,2017년 5월 8일 09시,월요일,대전광역시 대덕구 중리동,경상사고,0,0,1,0,차대차 - 측면충돌,안전운전불이행,건조,맑음,교차로 - 교차로안,승용,남,44세,상해없음,이륜,남,30세,경상
2017050800100180,2017년 5월 8일 09시,월요일,대전광역시 유성구 방동,경상사고,0,0,2,0,차대차 - 추돌,안전운전불이행,건조,맑음,단일로 - 기타,승용,여,37세,상해없음,승용,여,48세,경상
2017050800100246,2017년 5월 8일 11시,월요일,대전광역시 서구 괴정동,중상사고,0,1,0,0,차대차 - 측면충돌,교차로운행방법위반,건조,맑음,교차로 - 교차로안,승용,여,38세,상해없음,자전거,남,80세,중상
2017050800100289,2017년 5월 8일 13시,월요일,대전광역시 유성구 노은동,경상사고,0,0,1,0,차대차 - 추돌,안전거리미확보,건조,맑음,단일로 - 기타,승용,남,74세,상해없음,승용,여,37세,경상
2017050800100330,2017년 5월 8일 14시,월요일,대전광역시 중구 선화동,중상사고,0,1,0,0,차대사람 - 횡단중,안전운전불이행,건조,맑음,단일로 - 기타,이륜,남,42세,상해없음,보행자,남,13세,중상
2017050800100331,2017년 5월 8일 14시,월요일,대전광역시 대덕구 덕암동,경상사고,0,0,1,0,차대차 - 기타,교차로운행방법위반,건조,맑음,교차로 - 교차로안,이륜,여,59세,경상,승용,남,36세,상해없음
2017050800100373,2017년 5월 8일 15시,월요일,대전광역시 대덕구 오정동,부상신고사고,0,0,0,1,차대차 - 기타,교차로운행방법위반,건조,맑음,교차로 - 교차로안,승용,남,64세,상해없음,승합,남,54세,상해없음
2017050800100417,2017년 5월 8일 16시,월요일,대전광역시 유성구 관평동,경상사고,0,0,3,0,차대차 - 측면충돌,안전운전불이행,건조,맑음,단일로 - 기타,화물,남,27세,경상,승용,남,59세,경상
2017050800100457,2017년 5월 8일 17시,월요일,대전광역시 중구 대사동,중상사고,0,1,0,0,차대사람 - 횡단중,보행자보호의무위반,건조,맑음,교차로 - 교차로부근,승용,남,32세,상해없음,보행자,여,60세,중상
2017050800100496,2017년 5월 8일 18시,월요일,대전광역시 중구 태평동,경상사고,0,0,2,0,차대차 - 측면충돌,안전운전불이행,건조,맑음,단일로 - 기타,승용,남,44세,상해없음,승용,남,48세,경상
2017050800100497,2017년 5월 8일 18시,월요일,대전광역시 동구 성남동,경상사고,0,0,1,0,차대사람 - 횡단중,안전운전불이행,건조,맑음,교차로 - 교차로안,기타불명,기타불명,미분류,기타불명,보행자,여,75세,경상
2017050800100498,2017년 5월 8일 18시,월요일,대전광역시 유성구 화암동,경상사고,0,0,2,0,차대차 - 추돌,안전운전불이행,건조,맑음,단일로 - 기타,승용,여,39세,경상,승용,남,61세,경상
2017050800100534,2017년 5월 8일 19시,월요일,대전광역시 대덕구 오정동,경상사고,0,0,1,2,차대차 - 추돌,안전운전불이행,건조,맑음,단일로 - 기타,승용,남,53세,상해없음,승용,여,25세,경상
2017050800100535,2017년 5월 8일 19시,월요일,대전광역시 대덕구 중리동,경상사고,0,0,1,2,차대차 - 기타,교차로운행방법위반,건조,맑음,교차로 - 교차로안,승용,남,54세,부상신고,승용,남,28세,경상
2017050800100536,2017년 5월 8일 19시,월요일,대전광역시 유성구 반석동,경상사고,0,0,1,0,차대차 - 추돌,안전운전불이행,건조,맑음,교차로 - 교차로안,승용,남,35세,상해없음,승용,남,27세,경상
2017050800100570,2017년 5월 8일 20시,월요일,대전광역시 동구 용전동,경상사고,0,0,1,0,차대차 - 측면충돌,안전운전불이행,건조,맑음,단일로 - 기타,승용,남,61세,상해없음,이륜,남,42세,경상
2017050800100633,2017년 5월 8일 23시,월요일,대전광역시 유성구 방현동,경상사고,0,0,1,0,차대차 - 기타,안전운전불이행,건조,흐림,단일로 - 기타,승용,남,28세,상해없음,승용,남,30세,경상
2017050900100019,2017년 5월 9일 00시,화요일,대전광역시 유성구 방현동,중상사고,0,1,0,0,차대차 - 기타,안전운전불이행,건조,흐림,단일로 - 기타,승용,남,25세,상해없음,승용,여,47세,중상
2017050900100094,2017년 5월 9일 06시,화요일,대전광역시 유성구 관평동,경상사고,0,0,1,0,차대차 - 측면충돌,신호위반,젖음/습기,흐림,교차로 - 교차로안,승용,남,27세,상해없음,승용,남,28세,경상
2017050900100199,2017년 5월 9일 11시,화요일,대전광역시 중구 선화동,경상사고,0,0,1,0,차대차 - 측면충돌,안전운전불이행,건조,맑음,교차로 - 교차로안,화물,남,74세,상해없음,승합,남,48세,상해없음
2017050900100227,2017년 5월 9일 12시,화요일,대전광역시 중구 대흥동,경상사고,0,0,1,0,차대차 - 기타,안전운전불이행,건조,맑음,교차로 - 교차로안,건설기계,남,41세,상해없음,승용,여,58세,경상
2017050900100228,2017년 5월 9일 12시,화요일,대전광역시 유성구 관평동,경상사고,0,0,1,0,차대차 - 측면충돌,신호위반,건조,맑음,교차로 - 교차로안,승용,여,21세,상해없음,승용,남,44세,경상
2017050900100286,2017년 5월 9일 14시,화요일,대전광역시 중구 은행동,경상사고,0,0,1,0,차대사람 - 횡단중,안전운전불이행,건조,맑음,단일로 - 기타,승용,남,18세,상해없음,보행자,남,59세,경상
2017050900100314,2017년 5월 9일 15시,화요일,대전광역시 서구 관저동,경상사고,0,0,1,0,차대사람 - 횡단중,안전운전불이행,젖음/습기,비,단일로 - 기타,승용,여,58세,상해없음,보행자,남,15세,경상
2017050900100315,2017년 5월 9일 15시,화요일,대전광역시 대덕구 읍내동,중상사고,0,1,0,0,차대차 - 측면충돌,안전운전불이행,건조,맑음,교차로 - 교차로부근,승용,여,51세,상해없음,자전거,남,77세,중상
2017050900100316,2017년 5월 9일 15시,화요일,대전광역시 유성구 장대동,경상사고,0,0,1,0,차대사람 - 기타,안전운전불이행,건조,맑음,교차로 - 교차로안,승용,여,43세,상해없음,보행자,여,55세,경상
2017050900100344,2017년 5월 9일 16시,화요일,대전광역시 서구 용문동,경상사고,0,0,1,0,차대차 - 추돌,안전운전불이행,젖음/습기,비,교차로 - 교차로부근,승용,남,66세,상해없음,화물,남,44세,상해없음
2017050900100379,2017년 5월 9일 17시,화요일,대전광역시 서구 가수원동,경상사고,0,0,3,0,차대차 - 측면충돌,신호위반,젖음/습기,비,교차로 - 교차로안,승용,남,60세,상해없음,승용,남,48세,경상
2017050900100380,2017년 5월 9일 17시,화요일,대전광역시 대덕구 신대동,경상사고,0,0,1,1,차대차 - 추돌,안전거리미확보,젖음/습기,비,단일로 - 기타,승용,여,27세,상해없음,승용,여,26세,경상
2017050900100440,2017년 5월 9일 19시,화요일,대전광역시 동구 신흥동,경상사고,0,0,1,0,차대차 - 추돌,안전운전불이행,젖음/습기,흐림,교차로 - 교차로부근,화물,남,35세,상해없음,승용,여,35세,경상
2017050900100441,2017년 5월 9일 19시,화요일,대전광역시 유성구 노은동,중상사고,0,1,0,0,차대차 - 측면충돌,신호위반,젖음/습기,비,교차로 - 교차로안,승용,남,73세,상해없음,원동기,남,56세,중상
2017050900100489,2017년 5월 9일 20시,화요일,대전광역시 대덕구 송촌동,중상사고,0,1,0,0,차대차 - 정면충돌,중앙선침범,젖음/습기,비,교차로 - 교차로부근,승용,남,43세,상해없음,승용,남,26세,상해없음
2017050900100490,2017년 5월 9일 20시,화요일,대전광역시 서구 둔산동,중상사고,0,1,0,0,차대차 - 정면충돌,안전운전불이행,젖음/습기,비,단일로 - 기타,승용,남,36세,상해없음,이륜,남,43세,중상
2017050900100524,2017년 5월 9일 21시,화요일,대전광역시 중구 산성동,중상사고,0,1,0,0,차대사람 - 횡단중,안전운전불이행,건조,맑음,교차로 - 교차로부근,승용,남,66세,상해없음,보행자,여,59세,중상
2017050900100525,2017년 5월 9일 21시,화요일,대전광역시 서구 둔산동,중상사고,0,1,0,0,차대차 - 정면충돌,안전운전불이행,젖음/습기,비,교차로 - 교차로부근,승용,여,32세,상해없음,이륜,남,48세,중상
2017050900100526,2017년 5월 9일 21시,화요일,대전광역시 유성구 반석동,경상사고,0,0,1,0,차대차 - 측면충돌,신호위반,젖음/습기,비,교차로 - 교차로안,승용,남,32세,상해없음,승용,여,44세,경상
2017050900100527,2017년 5월 9일 21시,화요일,대전광역시 유성구 궁동,경상사고,0,0,1,0,차대차 - 기타,안전운전불이행,젖음/습기,비,교차로 - 교차로안,승용,남,30세,상해없음,이륜,남,33세,경상
2017050900100528,2017년 5월 9일 21시,화요일,대전광역시 유성구 봉명동,경상사고,0,0,5,0,차대차 - 추돌,안전운전불이행,건조,맑음,단일로 - 기타,승용,여,32세,상해없음,승용,여,49세,경상
2017050900100550,2017년 5월 9일 22시,화요일,대전광역시 중구 중촌동,중상사고,0,1,1,0,차대차 - 측면충돌,신호위반,건조,맑음,교차로 - 교차로안,승용,남,26세,상해없음,승용,남,25세,경상
2017050900100551,2017년 5월 9일 22시,화요일,대전광역시 서구 내동,중상사고,0,1,0,0,차대차 - 측면충돌,안전거리미확보,젖음/습기,비,단일로 - 기타,화물,남,35세,상해없음,승용,여,34세,중상
2017050900100552,2017년 5월 9일 22시,화요일,대전광역시 유성구 봉명동,경상사고,0,0,1,0,차대차 - 측면충돌,안전운전불이행,젖음/습기,비,단일로 - 기타,승용,남,31세,상해없음,원동기,남,34세,경상
2017050900100568,2017년 5월 9일 23시,화요일,대전광역시 서구 도마동,경상사고,0,0,1,0,차대차 - 측면충돌,기타,젖음/습기,비,교차로 - 교차로부근,승용,남,20세,상해없음,승용,여,58세,경상
2017050900100569,2017년 5월 9일 23시,화요일,대전광역시 유성구 봉명동,경상사고,0,0,1,1,차대차 - 추돌,안전거리미확보,젖음/습기,흐림,단일로 - 기타,기타불명,남,51세,상해없음,건설기계,남,56세,상해없음
2017051000100022,2017년 5월 10일 00시,수요일,대전광역시 대덕구 오정동,경상사고,0,0,1,0,차대차 - 기타,기타,젖음/습기,비,단일로 - 기타,화물,남,47세,상해없음,이륜,남,30세,경상
2017051000100034,2017년 5월 10일 01시,수요일,대전광역시 서구 갈마동,경상사고,0,0,1,0,차량단독 - 공작물충돌,안전운전불이행,건조,흐림,단일로 - 기타,승용,남,67세,상해없음,,,,
2017051000100054,2017년 5월 10일 05시,수요일,대전광역시 동구 성남동,중상사고,0,2,0,0,차대차 - 측면충돌,중앙선침범,젖음/습기,비,단일로 - 교량,승용,남,25세,상해없음,승용,남,68세,중상
2017051000100055,2017년 5월 10일 05시,수요일,대전광역시 서구 둔산동,경상사고,0,0,1,0,차대차 - 기타,신호위반,건조,맑음,교차로 - 교차로안,승합,남,62세,상해없음,화물,남,42세,경상
2017051000100119,2017년 5월 10일 08시,수요일,대전광역시 서구 도마동,경상사고,0,0,2,0,차대차 - 측면충돌,안전운전불이행,젖음/습기,비,교차로 - 교차로안,승용,여,49세,경상,승용,여,30세,경상
2017051000100120,2017년 5월 10일 08시,수요일,대전광역시 서구 둔산동,경상사고,0,0,2,0,차대차 - 추돌,안전거리미확보,젖음/습기,비,교차로 - 교차로부근,승합,남,44세,상해없음,화물,남,71세,경상
2017051000100161,2017년 5월 10일 09시,수요일,대전광역시 서구 갈마동,경상사고,0,0,2,0,차대차 - 측면충돌,안전운전불이행,건조,흐림,교차로 - 교차로안,승용,남,38세,상해없음,승용,남,62세,경상
2017051000100162,2017년 5월 10일 09시,수요일,대전광역시 유성구 장대동,경상사고,0,0,2,0,차대차 - 측면충돌,안전운전불이행,건조,기타,교차로 - 교차로횡단보도내,승용,남,36세,기타불명,승용,여,35세,경상
2017051000100192,2017년 5월 10일 10시,수요일,대전광역시 유성구 구암동,중상사고,0,1,0,0,차대사람 - 횡단중,안전운전불이행,건조,맑음,단일로 - 기타,이륜,남,33세,상해없음,보행자,남,66세,중상
2017051000100218,2017년 5월 10일 11시,수요일,대전광역시 중구 오류동,사망사고,1,0,0,0,차대사람 - 횡단중,안전운전불이행,건조,맑음,단일로 - 기타,승용,남,65세,상해없음,보행자,남,47세,사망
2017051000100247,2017년 5월 10일 12시,수요일,대전광역시 유성구 봉명동,경상사고,0,0,1,0,차대차 - 기타,안전거리미확보,건조,맑음,단일로 - 기타,승용,여,62세,기타불명,승용,남,38세,경상
2017051000100268,2017년 5월 10일 13시,수요일,대전광역시 중구 대사동,중상사고,0,2,0,0,차대차 - 측면충돌,교차로운행방법위반,건조,맑음,교차로 - 교차로안,승용,남,66세,상해없음,원동기,남,76세,중상
2017051000100280,2017년 5월 10일 14시,수요일,대전광역시 서구 내동,경상사고,0,0,1,0,차대차 - 측면충돌,안전운전불이행,건조,맑음,교차로 - 교차로부근,이륜,여,50세,상해없음,승용,남,36세,경상
2017051000100281,2017년 5월 10일 14시,수요일,대전광역시 유성구 노은동,경상사고,0,0,2,0,차대차 - 정면충돌,신호위반,건조,맑음,교차로 - 교차로안,승용,여,36세,상해없음,승용,여,43세,경상
2017051000100308,2017년 5월 10일 15시,수요일,대전광역시 서구 둔산동,중상사고,0,1,0,0,차대사람 - 횡단중,안전운전불이행,건조,맑음,단일로 - 기타,자전거,남,33세,상해없음,보행자,여,60세,중상
2017051000100332,2017년 5월 10일 16시,수요일,대전광역시 동구 성남동,경상사고,0,0,1,0,차대차 - 기타,기타,건조,맑음,단일로 - 기타,승합,남,50세,상해없음,자전거,남,73세,경상
2017051000100333,2017년 5월 10일 16시,수요일,대전광역시 대덕구 신대동,중상사고,0,1,1,0,차대차 - 추돌,안전운전불이행,건조,맑음,단일로 - 기타,화물,남,44세,상해없음,화물,남,32세,중상
2017051000100334,2017년 5월 10일 16시,수요일,대전광역시 유성구 장대동,경상사고,0,0,1,0,차대차 - 추돌,신호위반,건조,맑음,교차로 - 교차로안,승용,남,41세,경상,승용,남,76세,상해없음
2017051000100440,2017년 5월 10일 19시,수요일,대전광역시 서구 용문동,경상사고,0,0,1,0,차대차 - 추돌,안전운전불이행,건조,맑음,단일로 - 교량,승용,남,28세,상해없음,승용,남,30세,경상
2017051000100441,2017년 5월 10일 19시,수요일,대전광역시 서구 관저동,경상사고,0,0,3,0,차대차 - 측면충돌,안전운전불이행,건조,맑음,교차로 - 교차로부근,승합,남,55세,경상,승용,여,37세,경상
2017051000100484,2017년 5월 10일 21시,수요일,대전광역시 중구 석교동,경상사고,0,0,1,0,차대차 - 측면충돌,신호위반,건조,맑음,교차로 - 교차로횡단보도내,승용,남,59세,상해없음,자전거,남,45세,경상
2017051000100485,2017년 5월 10일 21시,수요일,대전광역시 동구 용전동,경상사고,0,0,1,0,차대차 - 측면충돌,교차로운행방법위반,건조,맑음,단일로 - 기타,승용,여,46세,경상,화물,남,44세,상해없음
2017051000100486,2017년 5월 10일 21시,수요일,대전광역시 유성구 장대동,경상사고,0,0,1,0,차대차 - 측면충돌,신호위반,건조,맑음,교차로 - 교차로안,승용,여,27세,상해없음,이륜,남,28세,경상
2017051100100052,2017년 5월 11일 03시,목요일,대전광역시 서구 도마동,경상사고,0,0,1,0,차대차 - 측면충돌,신호위반,젖음/습기,맑음,교차로 - 교차로안,승용,남,28세,상해없음,화물,남,63세,경상
2017051100100053,2017년 5월 11일 03시,목요일,대전광역시 대덕구 오정동,경상사고,0,0,2,1,차대차 - 정면충돌,신호위반,젖음/습기,비,교차로 - 교차로부근,승용,남,26세,상해없음,승합,남,51세,부상신고
2017051100100054,2017년 5월 11일 03시,목요일,대전광역시 서구 둔산동,경상사고,0,0,1,0,차대사람 - 횡단중,신호위반,건조,맑음,교차로 - 교차로횡단보도내,승용,남,43세,상해없음,보행자,남,53세,경상
2017051100100080,2017년 5월 11일 05시,목요일,대전광역시 대덕구 신탄진동,중상사고,0,1,0,0,차대사람 - 횡단중,보행자보호의무위반,건조,맑음,교차로 - 교차로횡단보도내,승용,여,28세,상해없음,보행자,남,82세,중상
2017051100100159,2017년 5월 11일 08시,목요일,대전광역시 서구 정림동,경상사고,0,0,2,0,차대차 - 추돌,안전운전불이행,건조,맑음,단일로 - 기타,승용,남,34세,상해없음,승용,남,63세,경상
2017051100100194,2017년 5월 11일 09시,목요일,대전광역시 중구 태평동,경상사고,0,0,1,0,차대차 - 추돌,교차로운행방법위반,건조,맑음,교차로 - 교차로안,승용,여,37세,상해없음,승용,남,38세,경상
2017051100100220,2017년 5월 11일 10시,목요일,대전광역시 서구 월평동,경상사고,0,0,1,0,차대사람 - 길가장자리구역통행중,안전운전불이행,건조,맑음,단일로 - 기타,승용,여,41세,상해없음,보행자,여,59세,경상
2017051100100258,2017년 5월 11일 12시,목요일,대전광역시 서구 갈마동,경상사고,0,0,1,0,차대차 - 기타,안전운전불이행,건조,맑음,교차로 - 교차로부근,승용,남,46세,상해없음,이륜,남,26세,경상
2017051100100288,2017년 5월 11일 13시,목요일,대전광역시 동구 홍도동,경상사고,0,0,1,0,차대사람 - 횡단중,중앙선침범,건조,맑음,단일로 - 기타,승용,남,38세,상해없음,보행자,여,22세,경상
2017051100100344,2017년 5월 11일 15시,목요일,대전광역시 중구 대사동,경상사고,0,0,2,0,차대차 - 추돌,안전거리미확보,건조,맑음,단일로 - 기타,화물,남,68세,상해없음,승용,남,46세,경상
2017051100100345,2017년 5월 11일 15시,목요일,대전광역시 유성구 송강동,경상사고,0,0,1,0,차대차 - 기타,기타,건조,맑음,단일로 - 기타,승용,여,50세,상해없음,자전거,남,90세 이상,경상
2017051100100346,2017년 5월 11일 15시,목요일,대전광역시 유성구 봉명동,경상사고,0,0,1,0,차대차 - 기타,안전운전불이행,건조,맑음,단일로 - 기타,승용,남,38세,상해없음,승용,남,27세,경상
2017051100100380,2017년 5월 11일 16시,목요일,대전광역시 유성구 송강동,경상사고,0,0,1,0,차대사람 - 횡단중,신호위반,건조,맑음,단일로 - 기타,승용,여,49세,상해없음,보행자,남,7세,경상
2017051100100381,2017년 5월 11일 16시,목요일,대전광역시 유성구 봉명동,경상사고,0,0,1,0,차대차 - 추돌,안전운전불이행,건조,맑음,단일로 - 기타,승용,여,35세,상해없음,승용,남,37세,경상
2017051100100382,2017년 5월 11일 16시,목요일,대전광역시 유성구 상대동,부상신고사고,0,0,0,1,차대차 - 추돌,안전운전불이행,건조,맑음,교차로 - 교차로부근,승용,남,34세,상해없음,승용,여,38세,부상신고
2017051100100410,2017년 5월 11일 17시,목요일,대전광역시 중구 중촌동,경상사고,0,0,1,0,차대차 - 기타,안전운전불이행,건조,맑음,단일로 - 기타,화물,남,31세,상해없음,승합,남,54세,경상
2017051100100411,2017년 5월 11일 17시,목요일,대전광역시 중구 대흥동,경상사고,0,0,1,0,차대차 - 기타,안전운전불이행,건조,맑음,단일로 - 기타,화물,남,68세,상해없음,자전거,남,16세,경상
2017051100100412,2017년 5월 11일 17시,목요일,대전광역시 유성구 반석동,중상사고,0,1,0,1,차대차 - 측면충돌,교차로운행방법위반,건조,맑음,교차로 - 교차로안,승합,여,35세,상해없음,승합,남,63세,상해없음
2017051100100446,2017년 5월 11일 18시,목요일,대전광역시 중구 문화동,중상사고,0,1,0,0,차대차 - 정면충돌,신호위반,건조,맑음,교차로 - 교차로안,이륜,남,32세,중상,승용,남,47세,상해없음
2017051100100447,2017년 5월 11일 18시,목요일,대전광역시 대덕구 오정동,중상사고,0,1,0,0,차대차 - 기타,교차로운행방법위반,건조,맑음,교차로 - 교차로안,승용,남,44세,상해없음,자전거,남,16세,중상
2017051100100448,2017년 5월 11일 18시,목요일,대전광역시 대덕구 중리동,경상사고,0,0,1,0,차대사람 - 횡단중,안전운전불이행,건조,맑음,단일로 - 기타,승용,여,52세,상해없음,보행자,남,24세,경상
2017051100100449,2017년 5월 11일 18시,목요일,대전광역시 서구 둔산동,중상사고,0,1,0,0,차대사람 - 횡단중,안전운전불이행,건조,맑음,단일로 - 기타,승용,여,53세,상해없음,보행자,여,34세,중상
2017051100100517,2017년 5월 11일 20시,목요일,대전광역시 대덕구 평촌동,경상사고,0,0,1,0,차대차 - 측면충돌,안전운전불이행,건조,맑음,단일로 - 기타,승용,남,24세,상해없음,승용,여,42세,경상
2017051100100518,2017년 5월 11일 20시,목요일,대전광역시 유성구 봉산동,중상사고,0,1,0,0,차대차 - 측면충돌,과속,건조,흐림,단일로 - 기타,승합,남,37세,상해없음,승용,남,65세,중상
2017051100100547,2017년 5월 11일 21시,목요일,대전광역시 서구 복수동,경상사고,0,0,1,0,차대차 - 정면충돌,중앙선침범,건조,맑음,단일로 - 기타,승용,여,43세,상해없음,승용,남,26세,경상
2017051100100548,2017년 5월 11일 21시,목요일,대전광역시 대덕구 신탄진동,경상사고,0,0,1,0,차대사람 - 차도통행중,안전운전불이행,건조,맑음,단일로 - 기타,승용,여,54세,상해없음,보행자,남,44세,경상
2017051100100587,2017년 5월 11일 22시,목요일,대전광역시 유성구 노은동,경상사고,0,0,1,0,차대차 - 측면충돌,불법유턴,건조,흐림,단일로 - 기타,승용,남,46세,상해없음,승용,남,37세,경상
2017051100100588,2017년 5월 11일 22시,목요일,대전광역시 유성구 노은동,중상사고,0,2,0,0,차대차 - 측면충돌,교차로운행방법위반,건조,맑음,교차로 - 교차로안,승용,여,30세,상해없음,승용,여,45세,중상
2017051200100052,2017년 5월 12일 01시,금요일,대전광역시 중구 대흥동,경상사고,0,0,2,0,차대차 - 추돌,안전운전불이행,건조,맑음,교차로 - 교차로부근,승용,남,25세,상해없음,승용,남,59세,경상
2017051200100096,2017년 5월 12일 06시,금요일,대전광역시 동구 가양동,경상사고,0,0,1,0,차대사람 - 기타,안전운전불이행,건조,맑음,단일로 - 기타,화물,남,59세,상해없음,보행자,여,54세,경상