사고번호,사고일시,요일,시군구,사고내용,사망자수,중상자수,경상자수,부상신고자수,사고유형,법규위반,노면상태,기상상태,도로형태,가해운전자 차종,가해운전자 성별,가해운전자 연령,가해운전자 상해정도,피해운전자 차종,피해운전자 성별,피해운전자 연령,피해운전자 상해정도
2017052300100375,2017년 5월 23일 15시,화요일,대전광역시 유성구 덕명동,경상사고,0,0,1,0,차대차 - 기타,안전운전불이행,건조,맑음,교차로 - 교차로부근,승용,남,41세,상해없음,승용,여,59세,경상
2017052300100411,2017년 5월 23일 16시,화요일,대전광역시 서구 탄방동,경상사고,0,0,1,0,차대차 - 기타,안전운전불이행,건조,맑음,교차로 - 교차로부근,승용,남,55세,상해없음,승용,남,43세,경상
2017052300100412,2017년 5월 23일 16시,화요일,대전광역시 서구 탄방동,경상사고,0,0,1,0,차대사람 - 기타,안전운전불이행,건조,맑음,교차로 - 교차로부근,기타불명,기타불명,미분류,기타불명,보행자,남,11세,경상
2017052300100487,2017년 5월 23일 18시,화요일,대전광역시 유성구 봉명동,부상신고사고,0,0,0,1,차량단독 - 공작물충돌,안전운전불이행,건조,흐림,교차로 - 교차로부근,승용,여,30세,상해없음,,,,
2017052300100488,2017년 5월 23일 18시,화요일,대전광역시 유성구 봉명동,경상사고,0,0,1,0,차대사람 - 횡단중,안전운전불이행,건조,맑음,단일로 - 기타,승용,남,43세,상해없음,보행자,남,35세,경상
2017052300100593,2017년 5월 23일 21시,화요일,대전광역시 동구 인동,경상사고,0,0,1,0,차대차 - 추돌,안전거리미확보,건조,맑음,단일로 - 교량,승용,남,45세,상해없음,승용,남,41세,경상
2017052400100054,2017년 5월 24일 01시,수요일,대전광역시 서구 둔산동,경상사고,0,0,1,0,차대차 - 정면충돌,중앙선침범,건조,맑음,단일로 - 기타,이륜,남,16세,기타불명,승용,여,37세,경상
2017052400100090,2017년 5월 24일 05시,수요일,대전광역시 중구 중촌동,중상사고,0,2,1,0,차대차 - 측면충돌,안전운전불이행,젖음/습기,비,단일로 - 기타,승용,여,22세,상해없음,화물,남,55세,기타불명
2017052400100126,2017년 5월 24일 07시,수요일,대전광역시 유성구 신성동,경상사고,0,0,2,0,차대차 - 측면충돌,안전거리미확보,건조,맑음,단일로 - 기타,승용,남,61세,경상,승용,남,54세,경상
2017052400100165,2017년 5월 24일 08시,수요일,대전광역시 유성구 구암동,경상사고,0,0,1,0,차대차 - 추돌,안전운전불이행,건조,맑음,교차로 - 교차로부근,승용,남,48세,상해없음,승용,남,41세,경상
2017052400100198,2017년 5월 24일 09시,수요일,대전광역시 중구 석교동,경상사고,0,0,1,0,차대차 - 측면충돌,안전거리미확보,건조,맑음,단일로 - 기타,화물,남,46세,상해없음,승용,남,54세,경상
2017052400100226,2017년 5월 24일 10시,수요일,대전광역시 서구 관저동,경상사고,0,0,1,0,차대차 - 측면충돌,교차로운행방법위반,건조,맑음,교차로 - 교차로안,승용,여,33세,상해없음,승용,여,41세,경상
2017052400100227,2017년 5월 24일 10시,수요일,대전광역시 서구 탄방동,경상사고,0,0,1,0,차대차 - 측면충돌,안전거리미확보,건조,맑음,단일로 - 기타,이륜,남,42세,상해없음,승합,남,46세,경상
2017052400100228,2017년 5월 24일 10시,수요일,대전광역시 유성구 문지동,중상사고,0,1,0,0,차대차 - 측면충돌,교차로운행방법위반,건조,맑음,교차로 - 교차로안,승용,남,36세,기타불명,승용,여,60세,중상
2017052400100247,2017년 5월 24일 11시,수요일,대전광역시 중구 대흥동,경상사고,0,0,1,0,차대차 - 추돌,안전운전불이행,건조,맑음,교차로 - 교차로안,승용,남,60세,상해없음,화물,남,45세,경상
2017052400100248,2017년 5월 24일 11시,수요일,대전광역시 서구 탄방동,경상사고,0,0,1,0,차대차 - 기타,안전운전불이행,건조,맑음,단일로 - 기타,승용,남,45세,상해없음,자전거,남,76세,경상
2017052400100286,2017년 5월 24일 12시,수요일,대전광역시 중구 부사동,경상사고,0,0,1,0,차대차 - 측면충돌,교차로운행방법위반,건조,맑음,교차로 - 교차로부근,화물,남,25세,상해없음,승용,여,58세,경상
2017052400100287,2017년 5월 24일 12시,수요일,대전광역시 서구 괴정동,경상사고,0,0,1,0,차대차 - 기타,안전운전불이행,건조,맑음,단일로 - 기타,승용,남,48세,상해없음,승용,남,27세,경상
2017052400100348,2017년 5월 24일 14시,수요일,대전광역시 중구 대사동,중상사고,0,1,0,0,차대사람 - 기타,보행자보호의무위반,건조,맑음,단일로 - 기타,승합,남,54세,상해없음,보행자,남,60세,중상
2017052400100349,2017년 5월 24일 14시,수요일,대전광역시 대덕구 상서동,중상사고,0,1,3,0,차대차 - 추돌,안전운전불이행,건조,맑음,단일로 - 기타,화물,남,68세,상해없음,승용,남,23세,중상
2017052400100379,2017년 5월 24일 15시,수요일,대전광역시 중구 석교동,중상사고,0,1,0,0,차대사람 - 보도통행중,보행자보호의무위반,건조,맑음,교차로 - 교차로안,화물,남,53세,상해없음,보행자,여,54세,중상
2017052400100418,2017년 5월 24일 16시,수요일,대전광역시 중구 대흥동,경상사고,0,0,1,0,차대차 - 측면충돌,직진우회전진행방해,건조,맑음,교차로 - 교차로부근,승용,남,72세,상해없음,승용,여,27세,경상
2017052400100419,2017년 5월 24일 16시,수요일,대전광역시 대덕구 중리동,경상사고,0,0,1,0,차대차 - 측면충돌,안전운전불이행,건조,맑음,단일로 - 기타,승용,남,65세,상해없음,원동기,남,50세,경상
2017052400100420,2017년 5월 24일 16시,수요일,대전광역시 유성구 계산동,부상신고사고,0,0,0,1,차대사람 - 횡단중,안전운전불이행,건조,맑음,교차로 - 교차로부근,승용,남,58세,상해없음,보행자,여,6세,부상신고
2017052400100421,2017년 5월 24일 16시,수요일,대전광역시 유성구 노은동,경상사고,0,0,1,0,차대차 - 측면충돌,안전운전불이행,건조,맑음,단일로 - 기타,승용,남,28세,상해없음,승용,여,30세,경상
2017052400100462,2017년 5월 24일 17시,수요일,대전광역시 동구 용전동,경상사고,0,0,2,0,차대차 - 측면충돌,안전거리미확보,건조,맑음,단일로 - 기타,화물,남,30세,상해없음,승용,여,56세,경상
2017052400100463,2017년 5월 24일 17시,수요일,대전광역시 유성구 봉명동,경상사고,0,0,2,0,차대차 - 기타,신호위반,건조,맑음,교차로 - 교차로안,승용,남,46세,경상,승용,남,29세,경상
2017052400100504,2017년 5월 24일 18시,수요일,대전광역시 동구 용전동,경상사고,0,0,1,0,차대차 - 추돌,안전거리미확보,건조,맑음,단일로 - 기타,화물,남,42세,상해없음,승용,남,70세,경상
2017052400100505,2017년 5월 24일 18시,수요일,대전광역시 대덕구 신대동,경상사고,0,0,1,0,차대차 - 측면충돌,안전운전불이행,건조,맑음,단일로 - 터널,승용,남,28세,상해없음,자전거,남,60세,경상
2017052400100544,2017년 5월 24일 19시,수요일,대전광역시 대덕구 비래동,경상사고,0,0,1,0,차량단독 - 기타,안전운전불이행,건조,맑음,단일로 - 기타,승합,남,55세,상해없음,,,,
2017052400100576,2017년 5월 24일 20시,수요일,대전광역시 대덕구 송촌동,경상사고,0,0,1,0,차대차 - 기타,신호위반,건조,맑음,교차로 - 교차로안,승용,남,63세,상해없음,승용,남,47세,경상
2017052400100577,2017년 5월 24일 20시,수요일,대전광역시 유성구 갑동,경상사고,0,0,2,0,차대차 - 기타,안전거리미확보,건조,맑음,단일로 - 기타,승용,남,68세,상해없음,승용,여,54세,경상
2017052400100603,2017년 5월 24일 21시,수요일,대전광역시 서구 둔산동,경상사고,0,0,1,1,차대차 - 추돌,안전운전불이행,건조,맑음,교차로 - 교차로안,승용,남,32세,상해없음,승용,남,31세,경상
2017052400100604,2017년 5월 24일 21시,수요일,대전광역시 서구 둔산동,경상사고,0,0,1,0,차대사람 - 횡단중,보행자보호의무위반,건조,맑음,교차로 - 교차로횡단보도내,승용,남,35세,상해없음,보행자,남,71세,경상
2017052400100625,2017년 5월 24일 22시,수요일,대전광역시 동구 삼성동,중상사고,0,1,0,0,차대사람 - 횡단중,신호위반,건조,맑음,교차로 - 교차로부근,승용,남,38세,상해없음,보행자,남,37세,중상
2017052400100626,2017년 5월 24일 22시,수요일,대전광역시 유성구 궁동,경상사고,0,0,1,0,차대차 - 추돌,안전운전불이행,건조,맑음,단일로 - 기타,승합,남,38세,상해없음,화물,남,43세,경상
2017052500100070,2017년 5월 25일 04시,목요일,대전광역시 동구 천동,중상사고,0,1,0,0,차대사람 - 기타,안전운전불이행,건조,맑음,교차로 - 교차로안,승용,남,40세,상해없음,보행자,남,29세,중상
2017052500100111,2017년 5월 25일 07시,목요일,대전광역시 서구 변동,경상사고,0,0,1,0,차대차 - 측면충돌,안전운전불이행,건조,맑음,단일로 - 기타,승용,남,46세,상해없음,화물,남,48세,기타불명
2017052500100112,2017년 5월 25일 07시,목요일,대전광역시 대덕구 법동,경상사고,0,0,1,0,차대차 - 기타,안전운전불이행,건조,맑음,교차로 - 교차로안,승용,남,75세,상해없음,자전거,남,30세,경상
2017052500100113,2017년 5월 25일 07시,목요일,대전광역시 대덕구 상서동,경상사고,0,0,1,0,차대차 - 기타,기타,건조,맑음,단일로 - 기타,승용,남,44세,상해없음,승용,남,51세,경상
2017052500100114,2017년 5월 25일 07시,목요일,대전광역시 대덕구 법동,경상사고,0,0,2,0,차대차 - 추돌,교차로운행방법위반,건조,맑음,교차로 - 교차로안,승용,여,39세,상해없음,화물,남,35세,경상
2017052500100115,2017년 5월 25일 07시,목요일,대전광역시 유성구 전민동,경상사고,0,0,2,0,차대차 - 측면충돌,직진우회전진행방해,건조,맑음,교차로 - 교차로안,승용,여,44세,상해없음,승용,여,38세,경상
2017052500100116,2017년 5월 25일 07시,목요일,대전광역시 유성구 구암동,경상사고,0,0,1,0,차대차 - 기타,불법유턴,건조,맑음,교차로 - 교차로부근,화물,남,56세,상해없음,화물,남,52세,경상
2017052500100164,2017년 5월 25일 08시,목요일,대전광역시 중구 석교동,경상사고,0,0,1,0,차대차 - 측면충돌,교차로운행방법위반,건조,맑음,교차로 - 교차로안,승용,남,29세,상해없음,이륜,남,39세,경상
2017052500100165,2017년 5월 25일 08시,목요일,대전광역시 중구 선화동,경상사고,0,0,3,0,차대차 - 정면충돌,안전운전불이행,건조,맑음,교차로 - 교차로안,승용,남,57세,상해없음,승용,여,54세,경상
2017052500100166,2017년 5월 25일 08시,목요일,대전광역시 중구 산성동,경상사고,0,0,1,0,차대차 - 정면충돌,안전운전불이행,건조,맑음,교차로 - 교차로안,승용,남,46세,상해없음,승용,여,50세,경상
2017052500100167,2017년 5월 25일 08시,목요일,대전광역시 서구 복수동,경상사고,0,0,1,0,차대차 - 측면충돌,안전운전불이행,건조,맑음,교차로 - 교차로안,승용,남,64세,상해없음,승용,여,36세,경상
2017052500100168,2017년 5월 25일 08시,목요일,대전광역시 서구 월평동,경상사고,0,0,3,0,차대차 - 측면충돌,안전운전불이행,건조,맑음,단일로 - 기타,승용,여,50세,경상,승용,남,61세,경상
2017052500100169,2017년 5월 25일 08시,목요일,대전광역시 유성구 원내동,경상사고,0,0,2,0,차대차 - 기타,안전운전불이행,건조,맑음,단일로 - 기타,화물,남,66세,상해없음,승용,여,34세,경상
2017052500100197,2017년 5월 25일 09시,목요일,대전광역시 중구 대사동,경상사고,0,0,1,0,차량단독 - 기타,기타,건조,맑음,단일로 - 기타,승합,남,49세,상해없음,,,,
2017052500100198,2017년 5월 25일 09시,목요일,대전광역시 서구 갈마동,중상사고,0,1,0,0,차대차 - 기타,안전거리미확보,건조,맑음,단일로 - 기타,승용,남,49세,상해없음,이륜,남,57세,중상
2017052500100220,2017년 5월 25일 10시,목요일,대전광역시 중구 산성동,중상사고,0,1,4,0,차대차 - 측면충돌,안전운전불이행,건조,맑음,교차로 - 교차로안,승용,여,36세,상해없음,승용,남,70세,중상
2017052500100221,2017년 5월 25일 10시,목요일,대전광역시 대덕구 신탄진동,중상사고,0,1,0,0,차대차 - 측면충돌,안전운전불이행,건조,맑음,단일로 - 기타,화물,남,56세,상해없음,원동기,남,57세,중상
2017052500100256,2017년 5월 25일 11시,목요일,대전광역시 동구 중동,경상사고,0,0,1,0,차대차 - 측면충돌,안전운전불이행,건조,맑음,단일로 - 기타,승용,여,43세,상해없음,승용,남,42세,경상
2017052500100257,2017년 5월 25일 11시,목요일,대전광역시 서구 둔산동,경상사고,0,0,1,0,차대차 - 기타,안전운전불이행,건조,맑음,단일로 - 기타,승용,남,35세,상해없음,자전거,여,66세,경상
2017052500100258,2017년 5월 25일 11시,목요일,대전광역시 서구 월평동,경상사고,0,0,1,0,차대차 - 기타,교차로운행방법위반,건조,맑음,교차로 - 교차로안,승용,여,35세,상해없음,승용,여,48세,경상
2017052500100298,2017년 5월 25일 12시,목요일,대전광역시 동구 용전동,중상사고,0,2,0,0,차대차 - 측면충돌,신호위반,건조,맑음,교차로 - 교차로안,승용,남,66세,상해없음,승용,남,67세,중상
2017052500100299,2017년 5월 25일 12시,목요일,대전광역시 서구 탄방동,경상사고,0,0,3,0,차대차 - 추돌,안전운전불이행,건조,맑음,단일로 - 기타,승용,남,30세,상해없음,승용,남,35세,경상
2017052500100355,2017년 5월 25일 14시,목요일,대전광역시 유성구 장대동,경상사고,0,0,1,0,차대차 - 기타,안전거리미확보,건조,맑음,단일로 - 기타,승용,여,47세,상해없음,승용,여,45세,경상
2017052500100385,2017년 5월 25일 15시,목요일,대전광역시 서구 복수동,경상사고,0,0,1,0,차대차 - 정면충돌,안전운전불이행,건조,맑음,단일로 - 기타,승용,여,54세,상해없음,승용,여,58세,경상
2017052500100476,2017년 5월 25일 17시,목요일,대전광역시 중구 태평동,경상사고,0,0,1,1,차대차 - 기타,안전거리미확보,건조,맑음,단일로 - 기타,승합,남,58세,상해없음,승용,남,57세,상해없음
2017052500100543,2017년 5월 25일 19시,목요일,대전광역시 대덕구 읍내동,경상사고,0,0,1,0,차대차 - 추돌,안전거리미확보,건조,맑음,단일로 - 기타,승용,남,24세,상해없음,승용,남,46세,경상
2017052500100566,2017년 5월 25일 20시,목요일,대전광역시 서구 내동,중상사고,0,1,2,0,차대사람 - 횡단중,안전운전불이행,건조,맑음,교차로 - 교차로안,승용,남,30세,상해없음,보행자,여,39세,경상
2017052500100594,2017년 5월 25일 21시,목요일,대전광역시 서구 둔산동,중상사고,0,1,0,0,차대차 - 측면충돌,안전거리미확보,건조,맑음,단일로 - 기타,승용,여,31세,상해없음,승용,여,48세,중상
2017052500100642,2017년 5월 25일 23시,목요일,대전광역시 대덕구 상서동,사망사고,1,0,0,0,차대차 - 추돌,과속,건조,맑음,단일로 - 기타,승용,남,56세,상해없음,화물,남,55세,사망
2017052500100643,2017년 5월 25일 23시,목요일,대전광역시 유성구 도룡동,경상사고,0,0,1,0,차대차 - 추돌,안전운전불이행,건조,맑음,단일로 - 기타,승용,여,53세,상해없음,승용,남,38세,경상
2017052600100035,2017년 5월 26일 00시,금요일,대전광역시 서구 둔산동,중상사고,0,1,0,0,차대차 - 정면충돌,신호위반,건조,맑음,교차로 - 교차로안,승용,남,29세,상해없음,승용,남,37세,중상
2017052600100054,2017년 5월 26일 01시,금요일,대전광역시 중구 오류동,경상사고,0,0,1,0,차대차 - 추돌,안전운전불이행,건조,맑음,교차로 - 교차로안,승용,남,65세,상해없음,승용,남,34세,상해없음
2017052600100055,2017년 5월 26일 01시,금요일,대전광역시 유성구 신성동,경상사고,0,0,1,0,차대차 - 추돌,안전거리미확보,건조,맑음,단일로 - 기타,승용,남,24세,상해없음,승용,남,23세,경상
2017052600100061,2017년 5월 26일 02시,금요일,대전광역시 동구 천동,경상사고,0,0,2,0,차량단독 - 전도전복,안전운전불이행,건조,맑음,단일로 - 기타,승용,남,55세,상해없음,미분류,미분류,미분류,미분류
2017052600100062,2017년 5월 26일 02시,금요일,대전광역시 서구 가장동,경상사고,0,0,1,0,차대차 - 정면충돌,신호위반,건조,맑음,교차로 - 교차로안,승합,남,36세,상해없음,승용,여,55세,경상
2017052600100063,2017년 5월 26일 02시,금요일,대전광역시 서구 갈마동,경상사고,0,0,3,0,차대차 - 측면충돌,안전운전불이행,건조,맑음,단일로 - 기타,승용,남,42세,상해없음,승용,남,24세,경상
2017052600100074,2017년 5월 26일 04시,금요일,대전광역시 동구 가양동,경상사고,0,0,1,0,차대차 - 측면충돌,교차로운행방법위반,건조,맑음,교차로 - 교차로안,승용,남,19세,상해없음,승용,남,57세,경상
2017052600100131,2017년 5월 26일 07시,금요일,대전광역시 서구 갈마동,경상사고,0,0,1,0,차대사람 - 길가장자리구역통행중,안전운전불이행,건조,맑음,단일로 - 기타,승용,여,38세,상해없음,보행자,여,16세,경상
2017052600100159,2017년 5월 26일 08시,금요일,대전광역시 동구 삼괴동,경상사고,0,0,2,0,차대차 - 기타,안전운전불이행,건조,맑음,단일로 - 터널,승용,남,40세,상해없음,화물,남,24세,경상
2017052600100185,2017년 5월 26일 08시,금요일,대전광역시 서구 만년동,중상사고,0,1,0,0,차대차 - 기타,안전운전불이행,건조,맑음,단일로 - 기타,승용,남,36세,상해없음,자전거,여,60세,중상
2017052600100186,2017년 5월 26일 08시,금요일,대전광역시 서구 탄방동,경상사고,0,0,1,0,차대차 - 추돌,안전운전불이행,건조,맑음,단일로 - 기타,승용,여,28세,상해없음,승용,여,45세,경상
2017052600100187,2017년 5월 26일 08시,금요일,대전광역시 유성구 원신흥동,중상사고,0,1,0,0,차대차 - 정면충돌,안전운전불이행,건조,맑음,교차로 - 교차로안,승용,남,37세,상해없음,승용,남,43세,중상
2017052600100188,2017년 5월 26일 08시,금요일,대전광역시 유성구 봉명동,경상사고,0,0,1,0,차대사람 - 횡단중,안전운전불이행,건조,맑음,교차로 - 교차로횡단보도내,승용,남,37세,상해없음,보행자,남,90세 이상,경상
2017052600100189,2017년 5월 26일 08시,금요일,대전광역시 유성구 도룡동,중상사고,0,1,4,0,차대차 - 기타,안전운전불이행,건조,맑음,교차로 - 교차로안,승용,남,46세,기타불명,승용,남,59세,중상
2017052600100190,2017년 5월 26일 08시,금요일,대전광역시 유성구 갑동,경상사고,0,0,1,0,차대차 - 기타,안전운전불이행,건조,맑음,기타 - 기타,승용,여,58세,상해없음,승용,남,56세,경상
2017052600100191,2017년 5월 26일 08시,금요일,대전광역시 유성구 반석동,경상사고,0,0,1,0,차대차 - 기타,안전거리미확보,건조,맑음,단일로 - 기타,승용,여,29세,상해없음,승합,남,67세,상해없음
2017052600100227,2017년 5월 26일 09시,금요일,대전광역시 중구 부사동,경상사고,0,0,1,0,차대차 - 측면충돌,신호위반,건조,맑음,교차로 - 교차로안,승용,여,59세,상해없음,승용,남,45세,경상
2017052600100260,2017년 5월 26일 10시,금요일,대전광역시 중구 태평동,경상사고,0,0,2,0,차대차 - 측면충돌,교차로운행방법위반,건조,맑음,교차로 - 교차로안,승용,여,54세,기타불명,화물,남,26세,경상
2017052600100261,2017년 5월 26일 10시,금요일,대전광역시 유성구 원내동,경상사고,0,0,1,0,차대사람 - 횡단중,안전운전불이행,건조,맑음,단일로 - 기타,승용,여,30세,상해없음,보행자,여,70세,경상
2017052600100299,2017년 5월 26일 11시,금요일,대전광역시 서구 둔산동,경상사고,0,0,1,0,차대차 - 측면충돌,안전운전불이행,건조,맑음,단일로 - 기타,승용,여,35세,상해없음,승용,여,47세,경상
2017052600100334,2017년 5월 26일 12시,금요일,대전광역시 대덕구 읍내동,중상사고,0,1,0,0,차대차 - 측면충돌,안전운전불이행,건조,맑음,단일로 - 기타,승용,남,43세,상해없음,자전거,남,65세,중상
2017052600100364,2017년 5월 26일 13시,금요일,대전광역시 유성구 지족동,경상사고,0,0,1,0,차대사람 - 횡단중,안전운전불이행,건조,맑음,단일로 - 기타,승용,여,26세,상해없음,보행자,남,8세,경상
2017052600100391,2017년 5월 26일 14시,금요일,대전광역시 유성구 교촌동,중상사고,0,1,1,0,차대차 - 기타,안전운전불이행,건조,맑음,기타 - 기타,승용,여,34세,중상,승용,여,50세,경상
2017052600100565,2017년 5월 26일 18시,금요일,대전광역시 서구 복수동,경상사고,0,0,1,0,차대차 - 기타,안전운전불이행,건조,맑음,교차로 - 교차로부근,기타불명,기타불명,미분류,기타불명,이륜,남,25세,경상
2017052600100566,2017년 5월 26일 18시,금요일,대전광역시 서구 관저동,중상사고,0,1,0,0,차대사람 - 횡단중,안전운전불이행,건조,맑음,교차로 - 교차로안,승용,여,46세,상해없음,보행자,여,54세,중상
2017052600100603,2017년 5월 26일 19시,금요일,대전광역시 중구 선화동,경상사고,0,0,1,0,차대사람 - 차도통행중,안전운전불이행,건조,맑음,교차로 - 교차로부근,승용,남,32세,상해없음,보행자,여,48세,경상
2017052600100648,2017년 5월 26일 20시,금요일,대전광역시 서구 도마동,경상사고,0,0,1,0,차대차 - 추돌,안전운전불이행,건조,맑음,단일로 - 기타,승용,남,64세,상해없음,승용,남,43세,경상
2017052600100649,2017년 5월 26일 20시,금요일,대전광역시 서구 월평동,경상사고,0,0,1,0,차대차 - 측면충돌,신호위반,건조,맑음,교차로 - 교차로안,승용,여,37세,상해없음,승용,여,62세,경상
2017052600100650,2017년 5월 26일 20시,금요일,대전광역시 유성구 원내동,경상사고,0,0,1,0,차대사람 - 횡단중,신호위반,건조,맑음,교차로 - 교차로횡단보도내,화물,남,37세,상해없음,보행자,여,13세,경상
2017052600100743,2017년 5월 26일 23시,금요일,대전광역시 유성구 도룡동,경상사고,0,0,2,0,차대차 - 추돌,안전운전불이행,건조,맑음,단일로 - 기타,승용,남,50세,상해없음,승용,여,56세,경상
2017052700100044,2017년 5월 27일 00시,토요일,대전광역시 동구 홍도동,중상사고,0,1,0,0,차대차 - 측면충돌,안전운전불이행,건조,맑음,단일로 - 기타,승용,남,21세,상해없음,이륜,남,18세,중상
2017052700100045,2017년 5월 27일 00시,토요일,대전광역시 대덕구 중리동,경상사고,0,0,1,0,차대차 - 측면충돌,안전운전불이행,건조,맑음,교차로 - 교차로부근,승용,남,24세,상해없음,승용,여,61세,경상
2017052700100064,2017년 5월 27일 01시,토요일,대전광역시 유성구 화암동,경상사고,0,0,1,0,차량단독 - 기타,안전운전불이행,건조,맑음,교차로 - 교차로안,승용,남,71세,기타불명,,,,
2017052700100077,2017년 5월 27일 02시,토요일,대전광역시 서구 둔산동,경상사고,0,0,1,0,차대사람 - 기타,안전운전불이행,건조,맑음,단일로 - 기타,승용,남,22세,기타불명,보행자,여,23세,경상
2017052700100205,2017년 5월 27일 09시,토요일,대전광역시 중구 선화동,경상사고,0,0,1,0,차대차 - 추돌,안전운전불이행,건조,맑음,교차로 - 교차로안,승용,남,70세,상해없음,승용,여,58세,경상
2017052700100239,2017년 5월 27일 10시,토요일,대전광역시 중구 산성동,중상사고,0,1,0,0,차대차 - 측면충돌,안전운전불이행,건조,맑음,교차로 - 교차로안,승용,남,47세,상해없음,자전거,여,61세,중상
2017052700100240,2017년 5월 27일 10시,토요일,대전광역시 동구 성남동,경상사고,0,0,1,0,차대사람 - 횡단중,안전운전불이행,건조,맑음,단일로 - 기타,승용,여,33세,상해없음,보행자,남,64세,경상
2017052700100277,2017년 5월 27일 11시,토요일,대전광역시 동구 판암동,중상사고,0,1,0,0,차대사람 - 횡단중,중앙선침범,건조,맑음,단일로 - 기타,승용,남,55세,상해없음,보행자,여,9세,중상
2017052700100313,2017년 5월 27일 12시,토요일,대전광역시 중구 문화동,경상사고,0,0,1,0,차대차 - 측면충돌,안전운전불이행,건조,맑음,교차로 - 교차로안,화물,남,57세,상해없음,자전거,남,8세,경상
2017052700100314,2017년 5월 27일 12시,토요일,대전광역시 서구 괴정동,경상사고,0,0,1,0,차대사람 - 횡단중,보행자보호의무위반,건조,맑음,단일로 - 고가도로위,기타불명,기타불명,미분류,기타불명,보행자,남,9세,경상
2017052700100315,2017년 5월 27일 12시,토요일,대전광역시 서구 갈마동,경상사고,0,0,2,0,차대차 - 정면충돌,안전운전불이행,건조,맑음,교차로 - 교차로횡단보도내,승용,여,56세,상해없음,승합,남,44세,경상
2017052700100351,2017년 5월 27일 13시,토요일,대전광역시 대덕구 신일동,경상사고,0,0,1,0,차대차 - 기타,안전운전불이행,건조,맑음,단일로 - 기타,승용,남,45세,상해없음,승용,여,44세,경상
2017052700100352,2017년 5월 27일 13시,토요일,대전광역시 유성구 노은동,경상사고,0,0,1,0,차대차 - 추돌,안전운전불이행,건조,맑음,단일로 - 기타,승용,남,66세,기타불명,승용,남,23세,경상
2017052700100430,2017년 5월 27일 15시,토요일,대전광역시 대덕구 중리동,경상사고,0,0,1,0,차대차 - 기타,교차로운행방법위반,건조,맑음,교차로 - 교차로안,이륜,남,63세,기타불명,승용,여,62세,경상
2017052700100431,2017년 5월 27일 15시,토요일,대전광역시 대덕구 비래동,경상사고,0,0,2,0,차대차 - 추돌,교차로운행방법위반,건조,맑음,교차로 - 교차로부근,승합,남,68세,상해없음,화물,남,63세,경상
2017052700100432,2017년 5월 27일 15시,토요일,대전광역시 대덕구 오정동,경상사고,0,0,2,0,차대차 - 후진중충돌,안전운전불이행,건조,맑음,단일로 - 기타,승용,여,59세,상해없음,승용,남,40세,경상
2017052700100433,2017년 5월 27일 15시,토요일,대전광역시 서구 월평동,부상신고사고,0,0,0,1,차대차 - 정면충돌,안전거리미확보,건조,맑음,단일로 - 기타,이륜,남,30세,부상신고,승용,여,58세,상해없음
2017052700100434,2017년 5월 27일 15시,토요일,대전광역시 유성구 원내동,경상사고,0,0,1,0,차대차 - 측면충돌,안전운전불이행,건조,맑음,단일로 - 기타,승용,남,42세,상해없음,자전거,남,12세,경상
2017052700100573,2017년 5월 27일 18시,토요일,대전광역시 서구 월평동,경상사고,0,0,1,0,차대사람 - 횡단중,보행자보호의무위반,건조,맑음,단일로 - 기타,승용,여,57세,상해없음,보행자,남,88세,경상
2017052700100600,2017년 5월 27일 19시,토요일,대전광역시 중구 오류동,경상사고,0,0,3,0,차대차 - 추돌,안전운전불이행,건조,맑음,단일로 - 기타,승용,남,47세,상해없음,승용,남,27세,경상
2017052700100601,2017년 5월 27일 19시,토요일,대전광역시 유성구 봉명동,경상사고,0,0,2,0,차대차 - 측면충돌,교차로운행방법위반,건조,맑음,교차로 - 교차로안,승용,여,21세,상해없음,승용,남,27세,경상
2017052700100624,2017년 5월 27일 20시,토요일,대전광역시 서구 탄방동,중상사고,0,1,0,0,차대차 - 정면충돌,신호위반,건조,맑음,교차로 - 교차로안,승용,남,52세,상해없음,자전거,여,67세,중상
2017052700100673,2017년 5월 27일 22시,토요일,대전광역시 서구 도마동,중상사고,0,1,0,0,차량단독 - 기타,기타,건조,맑음,단일로 - 기타,승용,남,62세,상해없음,,,,
2017052800100034,2017년 5월 28일 00시,일요일,대전광역시 유성구 상대동,중상사고,0,1,0,0,차대차 - 측면충돌,안전운전불이행,건조,맑음,교차로 - 교차로안,승용,남,49세,상해없음,이륜,남,61세,중상
2017052800100067,2017년 5월 28일 03시,일요일,대전광역시 서구 괴정동,경상사고,0,0,1,0,차대사람 - 차도통행중,안전운전불이행,건조,맑음,단일로 - 기타,기타불명,기타불명,미분류,기타불명,보행자,남,21세,경상
2017052800100077,2017년 5월 28일 04시,일요일,대전광역시 중구 유천동,경상사고,0,0,1,0,차대차 - 측면충돌,직진우회전진행방해,건조,맑음,교차로 - 교차로안,승용,남,38세,상해없음,승용,남,74세,경상
2017052800100078,2017년 5월 28일 04시,일요일,대전광역시 동구 가양동,경상사고,0,0,2,0,차대차 - 측면충돌,안전운전불이행,건조,맑음,교차로 - 교차로부근,승합,남,56세,상해없음,승용,남,32세,경상
2017052800100104,2017년 5월 28일 06시,일요일,대전광역시 대덕구 상서동,부상신고사고,0,0,0,1,차대차 - 추돌,안전운전불이행,건조,맑음,교차로 - 교차로부근,승용,남,59세,상해없음,화물,여,60세,부상신고