사고번호,사고일시,요일,시군구,사고내용,사망자수,중상자수,경상자수,부상신고자수,사고유형,법규위반,노면상태,기상상태,도로형태,가해운전자 차종,가해운전자 성별,가해운전자 연령,가해운전자 상해정도,피해운전자 차종,피해운전자 성별,피해운전자 연령,피해운전자 상해정도
2017060200100560,2017년 6월 2일 19시,금요일,대전광역시 유성구 장대동,경상사고,0,0,1,0,차대차 - 기타,기타,건조,맑음,단일로 - 기타,승용,남,48세,상해없음,승용,남,37세,상해없음
2017060200100626,2017년 6월 2일 21시,금요일,대전광역시 동구 용전동,경상사고,0,0,2,0,차대차 - 추돌,안전운전불이행,건조,맑음,교차로 - 교차로부근,승용,남,58세,상해없음,승용,남,65세,경상
2017060200100692,2017년 6월 2일 23시,금요일,대전광역시 동구 판암동,중상사고,0,1,0,0,차대차 - 측면충돌,신호위반,건조,흐림,교차로 - 교차로안,승용,남,53세,상해없음,승용,남,55세,중상
2017060300100040,2017년 6월 3일 00시,토요일,대전광역시 서구 만년동,중상사고,0,1,1,0,차대차 - 기타,신호위반,젖음/습기,비,교차로 - 교차로안,승용,여,50세,상해없음,승용,여,47세,중상
2017060300100041,2017년 6월 3일 00시,토요일,대전광역시 서구 월평동,중상사고,0,1,0,0,차대차 - 측면충돌,안전운전불이행,건조,맑음,교차로 - 교차로안,승용,남,26세,상해없음,승용,남,57세,중상
2017060300100042,2017년 6월 3일 00시,토요일,대전광역시 유성구 지족동,경상사고,0,0,1,0,차대차 - 기타,안전운전불이행,젖음/습기,비,단일로 - 기타,승용,남,45세,상해없음,개인형이동수단(PM),남,34세,경상
2017060300100062,2017년 6월 3일 01시,토요일,대전광역시 서구 갈마동,경상사고,0,0,2,0,차대차 - 측면충돌,신호위반,건조,맑음,교차로 - 교차로안,승용,여,25세,상해없음,승용,남,21세,경상
2017060300100091,2017년 6월 3일 03시,토요일,대전광역시 동구 판암동,중상사고,0,1,0,0,차대사람 - 횡단중,안전운전불이행,건조,맑음,단일로 - 기타,승용,남,29세,상해없음,보행자,여,75세,중상
2017060300100192,2017년 6월 3일 09시,토요일,대전광역시 대덕구 비래동,경상사고,0,0,2,0,차대차 - 추돌,안전운전불이행,건조,맑음,단일로 - 기타,승용,여,35세,상해없음,승용,남,54세,경상
2017060300100193,2017년 6월 3일 09시,토요일,대전광역시 유성구 어은동,경상사고,0,0,1,0,차대사람 - 횡단중,안전운전불이행,건조,맑음,단일로 - 기타,승용,남,44세,상해없음,보행자,여,19세,경상
2017060300100294,2017년 6월 3일 12시,토요일,대전광역시 중구 오류동,경상사고,0,0,2,0,차대차 - 측면충돌,안전운전불이행,건조,맑음,단일로 - 기타,승용,남,74세,상해없음,승용,남,74세,상해없음
2017060300100332,2017년 6월 3일 13시,토요일,대전광역시 중구 태평동,경상사고,0,0,1,0,차대차 - 측면충돌,안전운전불이행,건조,맑음,교차로 - 교차로안,승용,남,51세,상해없음,자전거,남,12세,경상
2017060300100333,2017년 6월 3일 13시,토요일,대전광역시 서구 가수원동,경상사고,0,0,1,0,차대사람 - 횡단중,안전운전불이행,건조,맑음,단일로 - 기타,승용,남,29세,상해없음,보행자,여,7세,경상
2017060300100406,2017년 6월 3일 15시,토요일,대전광역시 동구 용전동,경상사고,0,0,3,0,차대차 - 측면충돌,중앙선침범,건조,맑음,단일로 - 기타,승용,남,57세,기타불명,승용,남,72세,경상
2017060300100444,2017년 6월 3일 16시,토요일,대전광역시 대덕구 중리동,경상사고,0,0,1,0,차대차 - 측면충돌,안전거리미확보,건조,맑음,단일로 - 기타,승용,여,46세,상해없음,원동기,남,33세,경상
2017060300100445,2017년 6월 3일 16시,토요일,대전광역시 서구 갈마동,경상사고,0,0,3,0,차대차 - 측면충돌,안전거리미확보,건조,맑음,교차로 - 교차로횡단보도내,승용,남,46세,상해없음,승용,남,36세,경상
2017060300100446,2017년 6월 3일 16시,토요일,대전광역시 유성구 봉명동,경상사고,0,0,2,0,차대차 - 추돌,안전운전불이행,건조,맑음,교차로 - 교차로부근,승용,남,23세,상해없음,승용,남,37세,경상
2017060300100508,2017년 6월 3일 17시,토요일,대전광역시 중구 부사동,중상사고,0,1,0,0,차대차 - 측면충돌,교차로운행방법위반,건조,맑음,교차로 - 교차로안,승용,남,34세,상해없음,원동기,남,53세,중상
2017060300100509,2017년 6월 3일 17시,토요일,대전광역시 중구 선화동,중상사고,0,1,2,0,차대차 - 측면충돌,교차로운행방법위반,건조,맑음,교차로 - 교차로안,승용,여,41세,경상,승용,남,68세,경상
2017060300100510,2017년 6월 3일 17시,토요일,대전광역시 동구 용운동,경상사고,0,0,1,0,차대차 - 측면충돌,안전운전불이행,건조,맑음,단일로 - 기타,승용,남,57세,상해없음,원동기,남,33세,경상
2017060300100511,2017년 6월 3일 17시,토요일,대전광역시 동구 신흥동,경상사고,0,0,1,0,차대차 - 측면충돌,교차로운행방법위반,건조,맑음,교차로 - 교차로안,화물,남,67세,상해없음,승용,여,48세,경상
2017060300100550,2017년 6월 3일 18시,토요일,대전광역시 동구 가양동,경상사고,0,0,2,0,차대차 - 측면충돌,직진우회전진행방해,건조,맑음,교차로 - 교차로안,승용,여,60세,상해없음,승용,남,53세,상해없음
2017060300100551,2017년 6월 3일 18시,토요일,대전광역시 유성구 구암동,경상사고,0,0,1,0,차대차 - 측면충돌,안전거리미확보,건조,맑음,단일로 - 기타,승용,남,27세,상해없음,이륜,남,34세,경상
2017060300100575,2017년 6월 3일 19시,토요일,대전광역시 중구 목동,경상사고,0,0,1,0,차대차 - 측면충돌,안전거리미확보,건조,맑음,단일로 - 기타,승용,여,54세,상해없음,원동기,남,37세,경상
2017060300100604,2017년 6월 3일 20시,토요일,대전광역시 중구 부사동,경상사고,0,0,1,0,차대사람 - 기타,기타,건조,맑음,단일로 - 기타,승용,여,54세,상해없음,보행자,남,38세,경상
2017060300100605,2017년 6월 3일 20시,토요일,대전광역시 동구 원동,경상사고,0,0,4,0,차대차 - 측면충돌,신호위반,건조,맑음,교차로 - 교차로안,승용,남,27세,경상,승용,남,23세,경상
2017060300100635,2017년 6월 3일 21시,토요일,대전광역시 동구 낭월동,중상사고,0,1,0,0,차량단독 - 전도전복 - 전도,안전운전불이행,건조,맑음,교차로 - 교차로부근,원동기,남,47세,중상,,,,
2017060300100636,2017년 6월 3일 21시,토요일,대전광역시 유성구 도룡동,경상사고,0,0,2,0,차대사람 - 횡단중,보행자보호의무위반,건조,맑음,단일로 - 기타,승용,남,61세,상해없음,보행자,여,15세,경상
2017060300100657,2017년 6월 3일 22시,토요일,대전광역시 대덕구 목상동,중상사고,0,1,0,0,차대차 - 측면충돌,신호위반,건조,맑음,교차로 - 교차로안,승용,여,21세,상해없음,이륜,남,30세,중상
2017060400100058,2017년 6월 4일 02시,일요일,대전광역시 서구 둔산동,경상사고,0,0,2,0,차대사람 - 길가장자리구역통행중,안전운전불이행,건조,맑음,단일로 - 기타,승용,남,24세,상해없음,보행자,남,24세,경상
2017060400100118,2017년 6월 4일 07시,일요일,대전광역시 서구 괴곡동,경상사고,0,0,1,0,차대차 - 정면충돌,안전운전불이행,건조,맑음,단일로 - 기타,화물,남,62세,상해없음,자전거,남,58세,경상
2017060400100190,2017년 6월 4일 11시,일요일,대전광역시 중구 태평동,중상사고,0,1,0,0,차대사람 - 횡단중,안전운전불이행,건조,맑음,단일로 - 기타,승용,여,60세,상해없음,보행자,여,85세,중상
2017060400100211,2017년 6월 4일 12시,일요일,대전광역시 동구 대성동,경상사고,0,0,1,0,차량단독 - 전도전복 - 전도,안전운전불이행,건조,맑음,단일로 - 기타,승용,남,58세,경상,,,,
2017060400100279,2017년 6월 4일 14시,일요일,대전광역시 중구 사정동,경상사고,0,0,3,0,차대차 - 추돌,안전거리미확보,건조,맑음,단일로 - 기타,승용,남,28세,상해없음,승용,남,66세,경상
2017060400100280,2017년 6월 4일 14시,일요일,대전광역시 대덕구 대화동,중상사고,0,1,0,0,차대사람 - 기타,안전운전불이행,건조,맑음,단일로 - 기타,승합,남,47세,상해없음,보행자,여,74세,중상
2017060400100369,2017년 6월 4일 17시,일요일,대전광역시 서구 용문동,경상사고,0,0,1,0,차대사람 - 횡단중,신호위반,건조,맑음,교차로 - 교차로안,승용,남,71세,기타불명,보행자,여,24세,경상
2017060400100370,2017년 6월 4일 17시,일요일,대전광역시 대덕구 목상동,경상사고,0,0,2,0,차대차 - 측면충돌,신호위반,건조,맑음,교차로 - 교차로안,승용,남,54세,기타불명,승용,남,65세,경상
2017060400100371,2017년 6월 4일 17시,일요일,대전광역시 대덕구 신탄진동,경상사고,0,0,3,0,차대차 - 기타,안전운전불이행,건조,맑음,단일로 - 기타,승용,여,43세,상해없음,승용,여,64세,경상
2017060400100403,2017년 6월 4일 18시,일요일,대전광역시 동구 홍도동,중상사고,0,1,0,0,차대차 - 측면충돌,중앙선침범,건조,맑음,단일로 - 기타,승용,남,30세,상해없음,이륜,남,46세,중상
2017060400100429,2017년 6월 4일 19시,일요일,대전광역시 서구 둔산동,경상사고,0,0,3,0,차대차 - 후진중충돌,안전운전불이행,건조,맑음,교차로 - 교차로부근,화물,남,51세,상해없음,승용,여,54세,경상
2017060400100451,2017년 6월 4일 20시,일요일,대전광역시 유성구 장대동,경상사고,0,0,1,0,차대사람 - 횡단중,신호위반,건조,맑음,교차로 - 교차로횡단보도내,승용,여,60세,상해없음,보행자,남,29세,경상
2017060400100476,2017년 6월 4일 21시,일요일,대전광역시 유성구 관평동,경상사고,0,0,2,0,차대차 - 측면충돌,신호위반,건조,맑음,교차로 - 교차로안,승용,남,43세,상해없음,승용,남,20세,경상
2017060400100495,2017년 6월 4일 22시,일요일,대전광역시 서구 가수원동,경상사고,0,0,1,0,차대차 - 측면충돌,신호위반,건조,맑음,교차로 - 교차로부근,이륜,남,18세,상해없음,승합,남,51세,상해없음
2017060400100496,2017년 6월 4일 22시,일요일,대전광역시 유성구 용계동,경상사고,0,0,2,0,차대차 - 추돌,신호위반,건조,맑음,교차로 - 교차로안,승용,남,58세,상해없음,승용,남,57세,경상
2017060400100509,2017년 6월 4일 23시,일요일,대전광역시 서구 도마동,경상사고,0,0,1,0,차대차 - 측면충돌,신호위반,건조,맑음,교차로 - 교차로안,승용,남,50세,상해없음,이륜,남,22세,경상
2017060500100042,2017년 6월 5일 01시,월요일,대전광역시 동구 홍도동,경상사고,0,0,1,0,차대사람 - 횡단중,안전운전불이행,건조,맑음,단일로 - 기타,승용,남,57세,상해없음,보행자,남,29세,경상
2017060500100056,2017년 6월 5일 04시,월요일,대전광역시 동구 효동,경상사고,0,0,2,0,차대차 - 측면충돌,안전운전불이행,건조,맑음,단일로 - 기타,화물,남,49세,상해없음,승용,남,54세,경상
2017060500100134,2017년 6월 5일 08시,월요일,대전광역시 서구 둔산동,경상사고,0,0,2,0,차대차 - 측면충돌,교차로운행방법위반,건조,맑음,교차로 - 교차로부근,승용,남,25세,상해없음,승용,남,31세,경상
2017060500100262,2017년 6월 5일 12시,월요일,대전광역시 중구 대사동,경상사고,0,0,1,0,차대사람 - 차도통행중,안전운전불이행,건조,맑음,단일로 - 기타,승용,남,55세,상해없음,보행자,남,20세,경상
2017060500100263,2017년 6월 5일 12시,월요일,대전광역시 동구 용운동,중상사고,0,1,2,0,차대사람 - 횡단중,보행자보호의무위반,건조,맑음,교차로 - 교차로안,승용,여,49세,상해없음,보행자,남,23세,중상
2017060500100288,2017년 6월 5일 13시,월요일,대전광역시 서구 복수동,경상사고,0,0,1,0,차대차 - 측면충돌,신호위반,건조,맑음,교차로 - 교차로안,승용,여,55세,상해없음,승용,여,42세,경상
2017060500100352,2017년 6월 5일 15시,월요일,대전광역시 유성구 장대동,중상사고,0,1,0,0,차대사람 - 기타,안전운전불이행,건조,맑음,교차로 - 교차로안,화물,남,64세,상해없음,보행자,여,81세,중상
2017060500100407,2017년 6월 5일 16시,월요일,대전광역시 동구 용전동,경상사고,0,0,1,0,차대차 - 추돌,안전운전불이행,건조,맑음,교차로 - 교차로부근,승합,남,56세,상해없음,화물,남,51세,상해없음
2017060500100408,2017년 6월 5일 16시,월요일,대전광역시 유성구 원내동,경상사고,0,0,1,0,차대차 - 측면충돌,안전운전불이행,건조,맑음,단일로 - 기타,승용,남,73세,상해없음,승용,여,36세,경상
2017060500100445,2017년 6월 5일 17시,월요일,대전광역시 중구 오류동,중상사고,0,1,2,0,차대차 - 추돌,안전운전불이행,건조,맑음,단일로 - 기타,이륜,여,51세,중상,승용,여,23세,경상
2017060500100446,2017년 6월 5일 17시,월요일,대전광역시 대덕구 오정동,중상사고,0,1,0,0,차대차 - 추돌,교차로운행방법위반,건조,맑음,단일로 - 기타,화물,남,65세,상해없음,이륜,남,59세,중상
2017060500100492,2017년 6월 5일 18시,월요일,대전광역시 유성구 도룡동,경상사고,0,0,1,0,차대차 - 기타,안전운전불이행,건조,맑음,단일로 - 기타,승용,남,18세,상해없음,화물,남,56세,경상
2017060500100527,2017년 6월 5일 19시,월요일,대전광역시 중구 부사동,중상사고,0,1,0,0,차대차 - 측면충돌,신호위반,건조,맑음,교차로 - 교차로안,승용,남,62세,상해없음,원동기,남,23세,중상
2017060500100528,2017년 6월 5일 19시,월요일,대전광역시 동구 천동,중상사고,0,1,0,0,차대사람 - 횡단중,안전운전불이행,건조,맑음,단일로 - 기타,승용,남,42세,상해없음,보행자,여,4세,중상
2017060500100569,2017년 6월 5일 20시,월요일,대전광역시 중구 산성동,경상사고,0,0,2,0,차대차 - 측면충돌,중앙선침범,건조,맑음,단일로 - 기타,승용,남,35세,경상,승용,여,56세,경상
2017060500100570,2017년 6월 5일 20시,월요일,대전광역시 유성구 덕명동,중상사고,0,1,0,0,차대사람 - 횡단중,안전운전불이행,건조,맑음,단일로 - 기타,승용,여,56세,상해없음,보행자,여,51세,중상
2017060500100600,2017년 6월 5일 21시,월요일,대전광역시 서구 복수동,중상사고,0,1,0,0,차대차 - 측면충돌,기타,건조,맑음,단일로 - 기타,승용,여,42세,상해없음,이륜,남,49세,중상
2017060500100626,2017년 6월 5일 22시,월요일,대전광역시 중구 용두동,경상사고,0,0,1,0,차대차 - 추돌,안전운전불이행,건조,맑음,단일로 - 기타,승용,남,29세,상해없음,승용,남,48세,경상
2017060500100627,2017년 6월 5일 22시,월요일,대전광역시 유성구 봉명동,중상사고,0,1,0,0,차대사람 - 횡단중,보행자보호의무위반,건조,맑음,단일로 - 기타,승용,남,39세,상해없음,보행자,남,39세,중상
2017060500100659,2017년 6월 5일 23시,월요일,대전광역시 서구 괴정동,경상사고,0,0,1,0,차대사람 - 기타,안전운전불이행,건조,맑음,단일로 - 기타,승용,남,45세,상해없음,보행자,남,48세,경상
2017060500100660,2017년 6월 5일 23시,월요일,대전광역시 대덕구 신일동,경상사고,0,0,1,0,차대차 - 추돌,안전운전불이행,건조,맑음,교차로 - 교차로부근,승용,남,40세,상해없음,승용,남,48세,경상
2017060500100661,2017년 6월 5일 23시,월요일,대전광역시 유성구 봉명동,경상사고,0,0,1,0,차대차 - 측면충돌,교차로운행방법위반,건조,맑음,교차로 - 교차로안,이륜,남,21세,경상,승용,남,49세,상해없음
2017060600100027,2017년 6월 6일 00시,화요일,대전광역시 중구 용두동,중상사고,0,3,0,0,차대차 - 기타,안전운전불이행,건조,맑음,교차로 - 교차로부근,승용,남,44세,상해없음,승용,남,29세,중상
2017060600100041,2017년 6월 6일 01시,화요일,대전광역시 중구 문창동,사망사고,2,0,0,0,차대사람 - 차도통행중,과속,건조,맑음,단일로 - 교량,승합,남,43세,상해없음,보행자,남,45세,사망
2017060600100042,2017년 6월 6일 01시,화요일,대전광역시 서구 관저동,경상사고,0,0,1,0,차대차 - 측면충돌,안전운전불이행,건조,맑음,교차로 - 교차로안,승용,여,38세,상해없음,개인형이동수단(PM),남,55세,경상
2017060600100043,2017년 6월 6일 01시,화요일,대전광역시 유성구 신성동,부상신고사고,0,0,0,1,차량단독 - 공작물충돌,안전운전불이행,건조,맑음,단일로 - 고가도로위,승용,남,20세,상해없음,,,,
2017060600100059,2017년 6월 6일 03시,화요일,대전광역시 유성구 봉명동,경상사고,0,0,1,0,차대차 - 기타,안전운전불이행,건조,맑음,단일로 - 기타,승용,남,59세,상해없음,이륜,남,27세,경상
2017060600100080,2017년 6월 6일 05시,화요일,대전광역시 중구 중촌동,경상사고,0,0,1,0,차량단독 - 전도전복,안전운전불이행,건조,맑음,단일로 - 기타,원동기,남,26세,경상,미분류,미분류,미분류,미분류
2017060600100090,2017년 6월 6일 06시,화요일,대전광역시 동구 용전동,경상사고,0,0,1,0,차대사람 - 횡단중,안전운전불이행,건조,맑음,교차로 - 교차로횡단보도내,승용,남,50세,상해없음,보행자,여,65세,경상
2017060600100099,2017년 6월 6일 07시,화요일,대전광역시 서구 갈마동,경상사고,0,0,2,0,차대차 - 측면충돌,신호위반,건조,맑음,교차로 - 교차로안,승용,남,63세,상해없음,승용,남,72세,경상
2017060600100130,2017년 6월 6일 09시,화요일,대전광역시 중구 중촌동,경상사고,0,0,1,0,차대차 - 추돌,안전거리미확보,건조,맑음,단일로 - 기타,승용,여,57세,상해없음,승용,여,55세,경상
2017060600100159,2017년 6월 6일 10시,화요일,대전광역시 중구 문화동,경상사고,0,0,1,0,차대차 - 측면충돌,안전운전불이행,건조,흐림,단일로 - 기타,승용,여,66세,상해없음,자전거,남,8세,경상
2017060600100176,2017년 6월 6일 11시,화요일,대전광역시 유성구 지족동,경상사고,0,0,1,0,차대차 - 기타,안전운전불이행,건조,맑음,단일로 - 기타,이륜,남,22세,기타불명,승용,여,46세,경상
2017060600100203,2017년 6월 6일 12시,화요일,대전광역시 서구 관저동,중상사고,0,1,0,0,차대차 - 추돌,안전운전불이행,건조,맑음,단일로 - 기타,승용,남,26세,상해없음,승용,남,71세,중상
2017060600100235,2017년 6월 6일 13시,화요일,대전광역시 대덕구 오정동,경상사고,0,0,1,0,차대차 - 추돌,안전운전불이행,건조,맑음,단일로 - 기타,승용,남,58세,상해없음,이륜,남,36세,경상
2017060600100264,2017년 6월 6일 14시,화요일,대전광역시 동구 낭월동,경상사고,0,0,1,0,차대차 - 기타,안전운전불이행,건조,맑음,교차로 - 교차로안,승용,여,42세,상해없음,원동기,남,52세,경상
2017060600100265,2017년 6월 6일 14시,화요일,대전광역시 서구 흑석동,경상사고,0,0,1,0,차대차 - 측면충돌,안전운전불이행,건조,맑음,교차로 - 교차로안,화물,남,45세,상해없음,자전거,남,12세,경상
2017060600100300,2017년 6월 6일 15시,화요일,대전광역시 유성구 어은동,경상사고,0,0,1,0,차대차 - 측면충돌,안전운전불이행,건조,맑음,교차로 - 교차로안,승용,남,60세,상해없음,승용,남,29세,경상
2017060600100390,2017년 6월 6일 18시,화요일,대전광역시 유성구 원신흥동,경상사고,0,0,1,0,차대차 - 측면충돌,신호위반,젖음/습기,비,교차로 - 교차로안,승용,남,35세,상해없음,원동기,남,19세,경상
2017060600100423,2017년 6월 6일 19시,화요일,대전광역시 대덕구 중리동,경상사고,0,0,1,0,차대차 - 측면충돌,신호위반,젖음/습기,비,교차로 - 교차로안,이륜,남,30세,상해없음,승용,남,46세,경상
2017060600100424,2017년 6월 6일 19시,화요일,대전광역시 대덕구 평촌동,경상사고,0,0,1,0,차대차 - 기타,안전운전불이행,젖음/습기,비,교차로 - 교차로부근,승합,남,47세,상해없음,이륜,남,35세,경상
2017060600100459,2017년 6월 6일 20시,화요일,대전광역시 서구 정림동,경상사고,0,0,1,0,차대차 - 측면충돌,안전운전불이행,젖음/습기,흐림,단일로 - 기타,기타불명,기타불명,미분류,기타불명,승용,남,55세,경상
2017060600100460,2017년 6월 6일 20시,화요일,대전광역시 유성구 반석동,중상사고,0,1,2,0,차대차 - 추돌,안전운전불이행,젖음/습기,비,단일로 - 기타,승용,남,37세,상해없음,승용,여,50세,중상
2017060600100461,2017년 6월 6일 20시,화요일,대전광역시 유성구 반석동,경상사고,0,0,1,0,차대사람 - 횡단중,안전운전불이행,젖음/습기,비,단일로 - 기타,승용,여,61세,상해없음,보행자,남,66세,경상
2017060600100462,2017년 6월 6일 20시,화요일,대전광역시 유성구 죽동,경상사고,0,0,1,0,차대차 - 기타,신호위반,젖음/습기,비,교차로 - 교차로안,승용,여,54세,상해없음,승용,남,37세,상해없음
2017060600100496,2017년 6월 6일 21시,화요일,대전광역시 중구 선화동,중상사고,0,1,0,0,차대차 - 정면충돌,신호위반,젖음/습기,비,교차로 - 교차로안,승용,남,57세,기타불명,원동기,남,24세,중상
2017060600100497,2017년 6월 6일 21시,화요일,대전광역시 대덕구 송촌동,경상사고,0,0,1,0,차대사람 - 횡단중,보행자보호의무위반,젖음/습기,비,교차로 - 교차로횡단보도내,승용,여,59세,상해없음,보행자,남,15세,경상
2017060600100533,2017년 6월 6일 22시,화요일,대전광역시 동구 소제동,경상사고,0,0,1,0,차량단독 - 공작물충돌,안전운전불이행,젖음/습기,비,단일로 - 기타,승용,남,35세,상해없음,,,,
2017060600100561,2017년 6월 6일 23시,화요일,대전광역시 서구 둔산동,중상사고,0,2,2,0,차대차 - 추돌,안전거리미확보,건조,맑음,단일로 - 기타,승용,남,30세,상해없음,승용,남,39세,중상
2017060700100028,2017년 6월 7일 00시,수요일,대전광역시 서구 괴정동,중상사고,0,2,0,0,차대사람 - 횡단중,보행자보호의무위반,젖음/습기,비,교차로 - 교차로횡단보도내,승용,남,66세,상해없음,보행자,남,46세,중상
2017060700100044,2017년 6월 7일 01시,수요일,대전광역시 중구 문화동,중상사고,0,1,1,0,차대차 - 측면충돌,신호위반,젖음/습기,비,교차로 - 교차로안,승용,여,22세,상해없음,승용,남,52세,경상
2017060700100084,2017년 6월 7일 04시,수요일,대전광역시 대덕구 상서동,경상사고,0,0,1,0,차대차 - 기타,안전운전불이행,젖음/습기,비,교차로 - 교차로부근,승용,남,25세,상해없음,화물,남,65세,경상
2017060700100125,2017년 6월 7일 07시,수요일,대전광역시 중구 오류동,중상사고,0,1,1,0,차대차 - 측면충돌,안전운전불이행,젖음/습기,흐림,단일로 - 기타,화물,남,60세,상해없음,승합,남,55세,상해없음
2017060700100210,2017년 6월 7일 10시,수요일,대전광역시 중구 문화동,중상사고,0,1,0,0,차대차 - 측면충돌,교차로운행방법위반,건조,맑음,교차로 - 교차로부근,승용,여,56세,상해없음,이륜,남,75세,중상
2017060700100211,2017년 6월 7일 10시,수요일,대전광역시 동구 성남동,경상사고,0,0,1,0,차대차 - 후진중충돌,안전운전불이행,젖음/습기,비,교차로 - 교차로부근,승용,여,57세,상해없음,승합,남,51세,경상
2017060700100212,2017년 6월 7일 10시,수요일,대전광역시 유성구 관평동,경상사고,0,0,1,0,차대차 - 추돌,안전운전불이행,건조,맑음,교차로 - 교차로부근,승용,남,30세,상해없음,승용,여,32세,경상
2017060700100239,2017년 6월 7일 11시,수요일,대전광역시 동구 중동,경상사고,0,0,3,0,차대차 - 측면충돌,신호위반,젖음/습기,흐림,교차로 - 교차로안,승용,남,21세,상해없음,승용,남,65세,경상
2017060700100240,2017년 6월 7일 11시,수요일,대전광역시 동구 원동,경상사고,0,0,1,0,차대차 - 측면충돌,교차로운행방법위반,건조,맑음,교차로 - 교차로안,승용,남,33세,상해없음,화물,남,40세,경상
2017060700100275,2017년 6월 7일 12시,수요일,대전광역시 대덕구 오정동,경상사고,0,0,2,0,차대차 - 정면충돌,신호위반,건조,맑음,교차로 - 교차로안,승용,여,50세,상해없음,승용,여,60세,경상
2017060700100335,2017년 6월 7일 14시,수요일,대전광역시 중구 대흥동,사망사고,1,0,0,0,차대사람 - 횡단중,안전운전불이행,건조,맑음,교차로 - 교차로부근,승용,남,26세,상해없음,보행자,여,58세,사망
2017060700100336,2017년 6월 7일 14시,수요일,대전광역시 중구 문화동,부상신고사고,0,0,0,1,차대차 - 추돌,안전운전불이행,젖음/습기,비,단일로 - 기타,승합,남,42세,상해없음,화물,남,62세,부상신고
2017060700100395,2017년 6월 7일 16시,수요일,대전광역시 서구 도마동,경상사고,0,0,2,0,차대차 - 추돌,안전운전불이행,젖음/습기,비,교차로 - 교차로부근,승용,남,62세,상해없음,승용,여,54세,경상
2017060700100396,2017년 6월 7일 16시,수요일,대전광역시 유성구 도룡동,경상사고,0,0,1,0,차대차 - 기타,안전운전불이행,건조,맑음,교차로 - 교차로안,승용,남,58세,상해없음,승용,여,23세,경상
2017060700100541,2017년 6월 7일 21시,수요일,대전광역시 서구 도안동,경상사고,0,0,1,0,차대사람 - 횡단중,안전운전불이행,건조,맑음,단일로 - 기타,승용,여,59세,상해없음,보행자,남,37세,경상
2017060700100542,2017년 6월 7일 21시,수요일,대전광역시 유성구 노은동,경상사고,0,0,1,0,차대차 - 측면충돌,신호위반,건조,맑음,교차로 - 교차로안,승용,남,48세,기타불명,승용,남,25세,경상
2017060700100571,2017년 6월 7일 22시,수요일,대전광역시 중구 문창동,경상사고,0,0,1,0,차대사람 - 횡단중,보행자보호의무위반,건조,맑음,교차로 - 교차로횡단보도내,기타불명,기타불명,미분류,기타불명,보행자,남,31세,경상
2017060700100583,2017년 6월 7일 23시,수요일,대전광역시 서구 탄방동,경상사고,0,0,2,0,차대차 - 정면충돌,안전운전불이행,건조,맑음,교차로 - 교차로안,승용,여,50세,경상,승용,남,35세,경상
2017060800100055,2017년 6월 8일 02시,목요일,대전광역시 서구 월평동,경상사고,0,0,1,0,차대차 - 추돌,안전운전불이행,건조,맑음,교차로 - 교차로부근,승용,여,46세,상해없음,승용,남,28세,경상
2017060800100081,2017년 6월 8일 05시,목요일,대전광역시 동구 대동,중상사고,0,1,0,0,차대차 - 정면충돌,신호위반,건조,맑음,교차로 - 교차로안,화물,남,58세,상해없음,승용,남,66세,중상
2017060800100108,2017년 6월 8일 07시,목요일,대전광역시 서구 만년동,중상사고,0,1,0,0,차대차 - 측면충돌,안전운전불이행,건조,맑음,단일로 - 기타,승용,남,69세,상해없음,자전거,남,17세,중상
2017060800100136,2017년 6월 8일 08시,목요일,대전광역시 동구 원동,중상사고,0,1,0,0,차대차 - 측면충돌,안전거리미확보,건조,맑음,단일로 - 기타,승용,남,60세,상해없음,원동기,남,77세,중상
2017060800100169,2017년 6월 8일 09시,목요일,대전광역시 중구 문화동,중상사고,0,1,0,0,차대사람 - 보도통행중,보행자보호의무위반,건조,맑음,교차로 - 교차로안,승용,남,38세,상해없음,보행자,여,64세,중상
2017060800100194,2017년 6월 8일 10시,목요일,대전광역시 대덕구 문평동,경상사고,0,0,2,0,차대차 - 측면충돌,신호위반,건조,맑음,교차로 - 교차로안,승용,남,35세,상해없음,승용,남,72세,경상
2017060800100195,2017년 6월 8일 10시,목요일,대전광역시 유성구 원촌동,부상신고사고,0,0,0,1,차대차 - 기타,안전운전불이행,건조,맑음,단일로 - 기타,승용,남,46세,상해없음,자전거,남,79세,부상신고
2017060800100306,2017년 6월 8일 14시,목요일,대전광역시 유성구 원내동,부상신고사고,0,0,0,1,차량단독 - 공작물충돌,안전운전불이행,건조,맑음,단일로 - 기타,승용,여,36세,부상신고,,,,
2017060800100340,2017년 6월 8일 15시,목요일,대전광역시 대덕구 신탄진동,중상사고,0,1,0,0,차대사람 - 횡단중,보행자보호의무위반,건조,맑음,교차로 - 교차로부근,화물,남,43세,상해없음,보행자,여,76세,중상
2017060800100341,2017년 6월 8일 15시,목요일,대전광역시 서구 탄방동,경상사고,0,0,1,0,차대차 - 정면충돌,안전운전불이행,건조,맑음,교차로 - 교차로안,승용,남,35세,상해없음,승용,남,46세,경상
2017060800100377,2017년 6월 8일 16시,목요일,대전광역시 서구 월평동,경상사고,0,0,2,0,차대차 - 정면충돌,안전운전불이행,건조,맑음,단일로 - 지하차도(도로)내,승용,남,33세,상해없음,승용,여,58세,경상
2017060800100465,2017년 6월 8일 18시,목요일,대전광역시 서구 둔산동,경상사고,0,0,1,0,차대사람 - 횡단중,안전운전불이행,건조,맑음,단일로 - 기타,승용,여,28세,상해없음,보행자,남,31세,경상