사고번호,사고일시,요일,시군구,사고내용,사망자수,중상자수,경상자수,부상신고자수,사고유형,법규위반,노면상태,기상상태,도로형태,가해운전자 차종,가해운전자 성별,가해운전자 연령,가해운전자 상해정도,피해운전자 차종,피해운전자 성별,피해운전자 연령,피해운전자 상해정도
2017060800100466,2017년 6월 8일 18시,목요일,대전광역시 유성구 방동,경상사고,0,0,2,0,차대차 - 추돌,안전운전불이행,건조,맑음,교차로 - 교차로부근,승용,여,50세,상해없음,승용,남,47세,경상
2017060800100541,2017년 6월 8일 21시,목요일,대전광역시 서구 월평동,경상사고,0,0,2,0,차대사람 - 횡단중,안전운전불이행,건조,맑음,교차로 - 교차로안,승용,여,33세,상해없음,보행자,남,39세,경상
2017060800100542,2017년 6월 8일 21시,목요일,대전광역시 유성구 장대동,중상사고,0,1,0,0,차대차 - 기타,안전운전불이행,건조,맑음,단일로 - 기타,승용,남,24세,상해없음,승용,여,29세,중상
2017060800100565,2017년 6월 8일 22시,목요일,대전광역시 동구 원동,경상사고,0,0,1,0,차대차 - 추돌,안전운전불이행,건조,맑음,교차로 - 교차로부근,승용,남,56세,상해없음,승용,남,60세,상해없음
2017060800100585,2017년 6월 8일 23시,목요일,대전광역시 서구 갈마동,경상사고,0,0,3,0,차대차 - 측면충돌,신호위반,건조,맑음,교차로 - 교차로안,승용,남,55세,상해없음,승용,남,56세,경상
2017060900100034,2017년 6월 9일 00시,금요일,대전광역시 유성구 봉명동,중상사고,0,2,0,0,차대차 - 추돌,안전운전불이행,건조,맑음,교차로 - 교차로부근,승용,남,45세,상해없음,승용,남,52세,중상
2017060900100077,2017년 6월 9일 06시,금요일,대전광역시 대덕구 오정동,부상신고사고,0,0,0,1,차대차 - 측면충돌,안전운전불이행,건조,맑음,교차로 - 교차로횡단보도내,화물,남,52세,상해없음,자전거,남,43세,부상신고
2017060900100104,2017년 6월 9일 07시,금요일,대전광역시 대덕구 신탄진동,중상사고,0,1,0,0,차대차 - 측면충돌,안전운전불이행,건조,맑음,교차로 - 교차로부근,승용,여,42세,상해없음,승용,남,48세,중상
2017060900100105,2017년 6월 9일 07시,금요일,대전광역시 서구 만년동,경상사고,0,0,1,0,차대차 - 기타,신호위반,건조,맑음,교차로 - 교차로횡단보도내,화물,남,24세,상해없음,개인형이동수단(PM),남,45세,경상
2017060900100106,2017년 6월 9일 07시,금요일,대전광역시 유성구 지족동,경상사고,0,0,1,0,차대차 - 기타,안전운전불이행,건조,맑음,교차로 - 교차로부근,승용,여,47세,상해없음,자전거,남,17세,경상
2017060900100147,2017년 6월 9일 08시,금요일,대전광역시 유성구 장대동,경상사고,0,0,2,0,차대차 - 추돌,안전운전불이행,건조,맑음,교차로 - 교차로부근,승용,남,58세,상해없음,승용,여,53세,경상
2017060900100172,2017년 6월 9일 09시,금요일,대전광역시 서구 가장동,경상사고,0,0,1,0,차대사람 - 횡단중,보행자보호의무위반,건조,맑음,교차로 - 교차로횡단보도내,승용,남,44세,상해없음,보행자,남,63세,경상
2017060900100205,2017년 6월 9일 10시,금요일,대전광역시 중구 부사동,경상사고,0,0,2,0,차대차 - 측면충돌,교차로운행방법위반,건조,맑음,교차로 - 교차로안,화물,남,60세,상해없음,승용,남,64세,경상
2017060900100224,2017년 6월 9일 11시,금요일,대전광역시 유성구 구성동,중상사고,0,1,0,0,차대차 - 기타,안전거리미확보,건조,맑음,단일로 - 기타,자전거,남,20세,중상,승용,남,70세,상해없음
2017060900100312,2017년 6월 9일 14시,금요일,대전광역시 동구 효동,중상사고,0,1,0,0,차대차 - 측면충돌,안전운전불이행,건조,맑음,교차로 - 교차로안,승용,남,75세,상해없음,승용,남,63세,중상
2017060900100313,2017년 6월 9일 14시,금요일,대전광역시 대덕구 상서동,경상사고,0,0,1,0,차대차 - 기타,신호위반,건조,맑음,교차로 - 교차로안,화물,남,68세,상해없음,건설기계,남,48세,경상
2017060900100351,2017년 6월 9일 15시,금요일,대전광역시 중구 유천동,경상사고,0,0,1,0,차대차 - 추돌,안전거리미확보,건조,맑음,단일로 - 기타,승용,여,27세,상해없음,승용,여,46세,경상
2017060900100390,2017년 6월 9일 16시,금요일,대전광역시 서구 둔산동,경상사고,0,0,2,0,차대차 - 추돌,안전거리미확보,건조,맑음,단일로 - 지하차도(도로)내,승합,남,38세,상해없음,승용,남,68세,경상
2017060900100485,2017년 6월 9일 18시,금요일,대전광역시 중구 태평동,경상사고,0,0,1,0,차대차 - 후진중충돌,안전운전불이행,건조,맑음,단일로 - 기타,승용,남,46세,상해없음,승용,남,57세,경상
2017060900100515,2017년 6월 9일 19시,금요일,대전광역시 중구 산성동,경상사고,0,0,1,0,차량단독 - 기타,안전운전불이행,건조,맑음,교차로 - 교차로부근,승합,남,51세,상해없음,,,,
2017060900100516,2017년 6월 9일 19시,금요일,대전광역시 서구 탄방동,경상사고,0,0,1,0,차대차 - 정면충돌,안전운전불이행,건조,맑음,단일로 - 기타,승용,여,42세,상해없음,승용,남,49세,경상
2017060900100546,2017년 6월 9일 20시,금요일,대전광역시 서구 복수동,중상사고,0,1,1,0,차대차 - 측면충돌,신호위반,건조,맑음,교차로 - 교차로안,승용,여,34세,상해없음,원동기,남,25세,경상
2017060900100547,2017년 6월 9일 20시,금요일,대전광역시 서구 둔산동,경상사고,0,0,1,0,차대사람 - 횡단중,안전운전불이행,건조,맑음,단일로 - 기타,승용,남,58세,상해없음,보행자,남,33세,경상
2017060900100548,2017년 6월 9일 20시,금요일,대전광역시 서구 둔산동,경상사고,0,0,2,0,차대차 - 측면충돌,신호위반,건조,맑음,교차로 - 교차로안,승용,남,51세,상해없음,승용,남,43세,경상
2017060900100600,2017년 6월 9일 22시,금요일,대전광역시 서구 탄방동,경상사고,0,0,1,0,차대차 - 정면충돌,안전운전불이행,건조,맑음,교차로 - 교차로부근,승용,남,35세,상해없음,승용,남,27세,경상
2017061000100046,2017년 6월 10일 01시,토요일,대전광역시 유성구 용산동,경상사고,0,0,7,0,차대차 - 측면충돌,신호위반,건조,맑음,교차로 - 교차로안,승용,남,23세,경상,승용,남,31세,경상
2017061000100063,2017년 6월 10일 02시,토요일,대전광역시 중구 옥계동,경상사고,0,0,1,0,차량단독 - 기타,기타,건조,맑음,교차로 - 교차로부근,승용,남,62세,상해없음,,,,
2017061000100209,2017년 6월 10일 10시,토요일,대전광역시 유성구 지족동,경상사고,0,0,1,0,차대차 - 기타,신호위반,건조,맑음,교차로 - 교차로횡단보도내,승용,남,51세,상해없음,자전거,여,10세,경상
2017061000100210,2017년 6월 10일 10시,토요일,대전광역시 유성구 용계동,중상사고,0,3,0,0,차대차 - 측면충돌,신호위반,건조,맑음,교차로 - 교차로안,승용,여,50세,중상,승용,남,52세,중상
2017061000100253,2017년 6월 10일 11시,토요일,대전광역시 유성구 봉명동,경상사고,0,0,2,0,차대차 - 기타,교차로운행방법위반,건조,맑음,교차로 - 교차로안,승용,남,66세,상해없음,승용,여,39세,경상
2017061000100290,2017년 6월 10일 12시,토요일,대전광역시 중구 태평동,경상사고,0,0,1,1,차대차 - 기타,안전운전불이행,건조,맑음,교차로 - 교차로부근,승용,남,34세,부상신고,승용,여,37세,경상
2017061000100331,2017년 6월 10일 13시,토요일,대전광역시 서구 둔산동,중상사고,0,1,1,0,차대차 - 측면충돌,교차로운행방법위반,건조,맑음,교차로 - 교차로안,승용,여,32세,상해없음,승용,남,45세,경상
2017061000100332,2017년 6월 10일 13시,토요일,대전광역시 서구 둔산동,경상사고,0,0,2,0,차대차 - 기타,안전운전불이행,건조,맑음,단일로 - 기타,승용,남,56세,상해없음,승용,남,48세,경상
2017061000100375,2017년 6월 10일 14시,토요일,대전광역시 중구 은행동,경상사고,0,0,1,0,차대사람 - 횡단중,안전운전불이행,건조,맑음,단일로 - 기타,승용,여,20세,상해없음,보행자,남,45세,경상
2017061000100376,2017년 6월 10일 14시,토요일,대전광역시 동구 자양동,중상사고,0,1,0,0,차대차 - 측면충돌,안전운전불이행,건조,맑음,단일로 - 기타,승용,남,38세,상해없음,이륜,남,25세,중상
2017061000100402,2017년 6월 10일 15시,토요일,대전광역시 중구 대흥동,중상사고,0,1,6,0,차대차 - 측면충돌,교차로운행방법위반,건조,맑음,교차로 - 교차로부근,승용,여,26세,경상,승용,남,51세,경상
2017061000100403,2017년 6월 10일 15시,토요일,대전광역시 서구 갈마동,경상사고,0,0,1,0,차대차 - 측면충돌,안전운전불이행,건조,맑음,교차로 - 교차로횡단보도내,승용,남,55세,상해없음,자전거,남,16세,경상
2017061000100429,2017년 6월 10일 16시,토요일,대전광역시 중구 산성동,경상사고,0,0,1,0,차대차 - 측면충돌,안전운전불이행,건조,맑음,교차로 - 교차로부근,화물,남,61세,상해없음,승용,여,33세,경상
2017061000100430,2017년 6월 10일 16시,토요일,대전광역시 대덕구 목상동,부상신고사고,0,0,0,1,차대차 - 측면충돌,안전운전불이행,건조,맑음,단일로 - 기타,승용,여,27세,상해없음,자전거,남,10세,부상신고
2017061000100475,2017년 6월 10일 17시,토요일,대전광역시 중구 문화동,경상사고,0,0,1,0,차대차 - 추돌,안전운전불이행,건조,맑음,교차로 - 교차로부근,승용,남,49세,상해없음,화물,남,48세,경상
2017061000100476,2017년 6월 10일 17시,토요일,대전광역시 중구 선화동,경상사고,0,0,1,0,차대차 - 측면충돌,차로위반,건조,맑음,단일로 - 기타,승용,남,24세,상해없음,승용,남,66세,경상
2017061000100529,2017년 6월 10일 19시,토요일,대전광역시 중구 태평동,중상사고,0,2,0,0,차대차 - 측면충돌,안전운전불이행,건조,맑음,단일로 - 기타,승용,남,55세,상해없음,이륜,남,81세,중상
2017061000100559,2017년 6월 10일 20시,토요일,대전광역시 중구 부사동,경상사고,0,0,1,0,차대차 - 측면충돌,안전운전불이행,건조,맑음,단일로 - 기타,승용,남,65세,상해없음,승용,남,49세,경상
2017061000100560,2017년 6월 10일 20시,토요일,대전광역시 서구 관저동,경상사고,0,0,1,0,차대사람 - 횡단중,보행자보호의무위반,건조,맑음,교차로 - 교차로횡단보도내,화물,남,55세,상해없음,보행자,여,63세,경상
2017061000100590,2017년 6월 10일 21시,토요일,대전광역시 대덕구 와동,경상사고,0,0,2,0,차대차 - 추돌,안전운전불이행,건조,맑음,단일로 - 기타,승용,남,51세,상해없음,승용,남,58세,경상
2017061000100633,2017년 6월 10일 23시,토요일,대전광역시 서구 관저동,경상사고,0,0,1,0,차대차 - 후진중충돌,안전운전불이행,건조,맑음,교차로 - 교차로안,승용,남,49세,상해없음,승용,남,36세,경상
2017061000100634,2017년 6월 10일 23시,토요일,대전광역시 대덕구 중리동,경상사고,0,0,1,0,차대사람 - 횡단중,안전운전불이행,건조,맑음,단일로 - 기타,승용,남,25세,상해없음,보행자,남,54세,경상
2017061100100045,2017년 6월 11일 01시,일요일,대전광역시 대덕구 신탄진동,경상사고,0,0,1,0,차대차 - 후진중충돌,안전운전불이행,건조,맑음,단일로 - 기타,승용,여,25세,상해없음,승용,남,49세,경상
2017061100100074,2017년 6월 11일 03시,일요일,대전광역시 중구 대흥동,경상사고,0,0,1,0,차대차 - 정면충돌,신호위반,건조,맑음,교차로 - 교차로부근,승용,남,41세,상해없음,승용,남,64세,경상
2017061100100114,2017년 6월 11일 06시,일요일,대전광역시 대덕구 비래동,경상사고,0,0,1,0,차대차 - 측면충돌,신호위반,건조,맑음,교차로 - 교차로안,승용,여,58세,상해없음,승용,남,47세,경상
2017061100100146,2017년 6월 11일 08시,일요일,대전광역시 서구 둔산동,중상사고,0,2,1,0,차대사람 - 횡단중,안전운전불이행,건조,맑음,단일로 - 기타,승합,남,21세,상해없음,보행자,여,26세,중상
2017061100100207,2017년 6월 11일 11시,일요일,대전광역시 유성구 송강동,경상사고,0,0,1,1,차대차 - 추돌,안전운전불이행,건조,맑음,교차로 - 교차로부근,승합,남,38세,상해없음,승용,여,52세,경상
2017061100100227,2017년 6월 11일 12시,일요일,대전광역시 서구 변동,경상사고,0,0,4,0,차대차 - 측면충돌,안전운전불이행,건조,맑음,교차로 - 교차로안,승용,남,51세,상해없음,승용,남,59세,경상
2017061100100253,2017년 6월 11일 13시,일요일,대전광역시 동구 용전동,경상사고,0,0,1,0,차대사람 - 횡단중,보행자보호의무위반,건조,맑음,교차로 - 교차로횡단보도내,승합,남,47세,상해없음,보행자,여,49세,경상
2017061100100254,2017년 6월 11일 13시,일요일,대전광역시 유성구 도룡동,중상사고,0,1,0,0,차대차 - 추돌,안전운전불이행,건조,맑음,교차로 - 교차로안,승용,남,43세,상해없음,승용,남,56세,중상
2017061100100291,2017년 6월 11일 14시,일요일,대전광역시 유성구 용계동,중상사고,0,2,0,0,차대차 - 정면충돌,신호위반,건조,맑음,교차로 - 교차로안,화물,남,40세,상해없음,승용,여,55세,중상
2017061100100390,2017년 6월 11일 17시,일요일,대전광역시 중구 산성동,중상사고,0,1,0,0,차대차 - 측면충돌,중앙선침범,건조,맑음,교차로 - 교차로안,승용,여,50세,상해없음,원동기,남,17세,중상
2017061100100391,2017년 6월 11일 17시,일요일,대전광역시 동구 용운동,중상사고,0,1,0,0,차대사람 - 횡단중,보행자보호의무위반,건조,맑음,교차로 - 교차로횡단보도내,승용,여,55세,상해없음,보행자,여,65세,중상
2017061100100423,2017년 6월 11일 18시,일요일,대전광역시 대덕구 평촌동,경상사고,0,0,1,0,차대차 - 기타,안전운전불이행,건조,맑음,단일로 - 기타,화물,남,28세,상해없음,이륜,남,56세,경상
2017061100100505,2017년 6월 11일 21시,일요일,대전광역시 유성구 구암동,경상사고,0,0,1,0,차대차 - 측면충돌,안전운전불이행,건조,맑음,단일로 - 기타,화물,남,59세,상해없음,승용,남,51세,경상
2017061200100099,2017년 6월 12일 07시,월요일,대전광역시 중구 옥계동,경상사고,0,0,1,0,차대차 - 추돌,안전거리미확보,건조,맑음,교차로 - 교차로부근,화물,남,58세,상해없음,승용,여,49세,경상
2017061200100147,2017년 6월 12일 08시,월요일,대전광역시 중구 유천동,부상신고사고,0,0,0,1,차대사람 - 횡단중,안전운전불이행,건조,맑음,교차로 - 교차로안,승용,여,52세,상해없음,보행자,여,88세,부상신고
2017061200100174,2017년 6월 12일 09시,월요일,대전광역시 중구 대사동,중상사고,0,1,0,0,차대사람 - 횡단중,보행자보호의무위반,건조,맑음,교차로 - 교차로횡단보도내,승용,여,58세,상해없음,보행자,여,69세,중상
2017061200100175,2017년 6월 12일 09시,월요일,대전광역시 서구 도마동,경상사고,0,0,1,0,차량단독 - 기타,안전운전불이행,건조,맑음,교차로 - 교차로안,승합,남,54세,상해없음,,,,
2017061200100176,2017년 6월 12일 09시,월요일,대전광역시 대덕구 오정동,중상사고,0,2,5,0,차대차 - 기타,안전운전불이행,건조,맑음,교차로 - 교차로안,승용,남,68세,상해없음,승합,남,52세,경상
2017061200100177,2017년 6월 12일 09시,월요일,대전광역시 대덕구 읍내동,중상사고,0,1,0,0,차대사람 - 횡단중,안전운전불이행,건조,맑음,교차로 - 교차로부근,승용,여,44세,상해없음,보행자,여,70세,중상
2017061200100178,2017년 6월 12일 09시,월요일,대전광역시 유성구 신성동,경상사고,0,0,2,0,차대차 - 기타,안전운전불이행,건조,맑음,기타 - 기타,화물,남,40세,상해없음,화물,남,43세,경상
2017061200100239,2017년 6월 12일 11시,월요일,대전광역시 서구 도마동,경상사고,0,0,1,0,차대사람 - 길가장자리구역통행중,안전운전불이행,건조,맑음,단일로 - 기타,승용,남,57세,상해없음,보행자,여,67세,경상
2017061200100240,2017년 6월 12일 11시,월요일,대전광역시 유성구 상대동,경상사고,0,0,1,0,차대차 - 측면충돌,신호위반,건조,맑음,교차로 - 교차로안,화물,남,35세,상해없음,승용,남,53세,경상
2017061200100294,2017년 6월 12일 13시,월요일,대전광역시 중구 선화동,경상사고,0,0,2,0,차대차 - 측면충돌,불법유턴,건조,맑음,교차로 - 교차로안,승용,남,65세,상해없음,승용,남,35세,경상
2017061200100332,2017년 6월 12일 14시,월요일,대전광역시 중구 선화동,중상사고,0,1,0,0,차대사람 - 횡단중,중앙선침범,건조,맑음,교차로 - 교차로부근,승용,여,56세,상해없음,보행자,여,55세,중상
2017061200100414,2017년 6월 12일 16시,월요일,대전광역시 유성구 봉명동,경상사고,0,0,1,0,차대차 - 추돌,안전운전불이행,건조,맑음,교차로 - 교차로횡단보도내,승용,남,62세,상해없음,승용,남,41세,상해없음
2017061200100442,2017년 6월 12일 17시,월요일,대전광역시 대덕구 신탄진동,경상사고,0,0,1,0,차대차 - 기타,안전운전불이행,건조,맑음,교차로 - 교차로안,승용,남,31세,상해없음,자전거,남,62세,경상
2017061200100443,2017년 6월 12일 17시,월요일,대전광역시 서구 갈마동,경상사고,0,0,1,0,차대차 - 정면충돌,안전운전불이행,건조,맑음,단일로 - 기타,승용,남,56세,상해없음,승용,여,46세,경상
2017061200100497,2017년 6월 12일 19시,월요일,대전광역시 대덕구 중리동,경상사고,0,0,1,0,차대차 - 기타,안전운전불이행,건조,맑음,단일로 - 기타,승용,남,25세,상해없음,화물,남,29세,경상
2017061200100498,2017년 6월 12일 19시,월요일,대전광역시 유성구 장대동,경상사고,0,0,1,0,차대차 - 측면충돌,안전운전불이행,건조,맑음,단일로 - 기타,승용,남,62세,기타불명,승용,여,53세,경상
2017061200100525,2017년 6월 12일 20시,월요일,대전광역시 서구 월평동,중상사고,0,1,0,0,차대사람 - 길가장자리구역통행중,안전운전불이행,건조,맑음,교차로 - 교차로부근,기타불명,기타불명,미분류,기타불명,보행자,남,62세,중상
2017061200100552,2017년 6월 12일 21시,월요일,대전광역시 유성구 외삼동,경상사고,0,0,2,0,차대차 - 추돌,안전운전불이행,건조,맑음,단일로 - 기타,승용,여,24세,기타불명,승용,여,41세,경상
2017061200100578,2017년 6월 12일 22시,월요일,대전광역시 유성구 봉명동,경상사고,0,0,1,0,차대차 - 측면충돌,안전운전불이행,건조,맑음,교차로 - 교차로부근,승용,남,47세,상해없음,승용,남,40세,경상
2017061300100132,2017년 6월 13일 08시,화요일,대전광역시 대덕구 대화동,경상사고,0,0,2,0,차대차 - 기타,안전운전불이행,건조,맑음,단일로 - 기타,화물,남,60세,상해없음,승용,남,32세,경상
2017061300100211,2017년 6월 13일 11시,화요일,대전광역시 동구 대성동,경상사고,0,0,1,0,차대차 - 측면충돌,안전거리미확보,건조,맑음,단일로 - 기타,승용,남,69세,상해없음,승용,남,30세,경상
2017061300100212,2017년 6월 13일 11시,화요일,대전광역시 유성구 송강동,경상사고,0,0,2,0,차대차 - 추돌,안전운전불이행,건조,맑음,단일로 - 기타,승용,여,51세,상해없음,승용,여,27세,경상
2017061300100237,2017년 6월 13일 12시,화요일,대전광역시 서구 가장동,경상사고,0,0,1,0,차대사람 - 보도통행중,보행자보호의무위반,건조,맑음,교차로 - 교차로횡단보도내,화물,남,47세,상해없음,보행자,여,78세,경상
2017061300100296,2017년 6월 13일 14시,화요일,대전광역시 서구 둔산동,중상사고,0,1,0,0,차대사람 - 기타,안전운전불이행,건조,맑음,교차로 - 교차로부근,승합,여,62세,상해없음,보행자,여,9세,중상
2017061300100297,2017년 6월 13일 14시,화요일,대전광역시 유성구 죽동,경상사고,0,0,1,0,차대차 - 추돌,안전운전불이행,건조,맑음,단일로 - 기타,화물,남,44세,상해없음,승용,남,42세,경상
2017061300100331,2017년 6월 13일 15시,화요일,대전광역시 대덕구 덕암동,중상사고,0,1,0,0,차대차 - 측면충돌,신호위반,건조,맑음,교차로 - 교차로안,농기계,남,78세,중상,화물,남,64세,상해없음
2017061300100369,2017년 6월 13일 16시,화요일,대전광역시 동구 중동,중상사고,0,1,0,0,차대차 - 측면충돌,신호위반,건조,맑음,단일로 - 기타,승용,남,55세,상해없음,자전거,남,27세,중상
2017061300100417,2017년 6월 13일 17시,화요일,대전광역시 중구 안영동,중상사고,0,1,0,0,차량단독 - 전도전복 - 전도,안전운전불이행,건조,맑음,교차로 - 교차로안,자전거,남,43세,중상,,,,
2017061300100418,2017년 6월 13일 17시,화요일,대전광역시 서구 도마동,중상사고,0,1,0,0,차대차 - 측면충돌,안전거리미확보,건조,맑음,단일로 - 기타,승용,여,59세,상해없음,이륜,남,77세,중상
2017061300100419,2017년 6월 13일 17시,화요일,대전광역시 유성구 봉산동,중상사고,0,1,0,0,차대차 - 추돌,안전운전불이행,건조,맑음,교차로 - 교차로부근,승용,여,26세,상해없음,승용,남,52세,중상
2017061300100466,2017년 6월 13일 18시,화요일,대전광역시 서구 가수원동,경상사고,0,0,1,0,차대차 - 측면충돌,교차로운행방법위반,건조,맑음,교차로 - 교차로안,승용,여,39세,상해없음,화물,남,55세,경상
2017061300100467,2017년 6월 13일 18시,화요일,대전광역시 서구 둔산동,경상사고,0,0,3,0,차대차 - 측면충돌,안전운전불이행,건조,맑음,교차로 - 교차로안,승용,남,59세,경상,승용,여,46세,경상
2017061300100504,2017년 6월 13일 19시,화요일,대전광역시 유성구 관평동,경상사고,0,0,1,0,차대사람 - 횡단중,안전운전불이행,건조,맑음,단일로 - 기타,승용,남,32세,상해없음,보행자,남,미분류,경상
2017061300100532,2017년 6월 13일 20시,화요일,대전광역시 동구 가양동,경상사고,0,0,1,0,차대차 - 측면충돌,신호위반,건조,맑음,교차로 - 교차로안,승용,남,41세,상해없음,이륜,남,24세,경상
2017061300100569,2017년 6월 13일 21시,화요일,대전광역시 대덕구 대화동,경상사고,0,0,1,0,차대차 - 기타,안전운전불이행,건조,맑음,교차로 - 교차로안,승용,여,45세,상해없음,이륜,남,50세,경상
2017061300100594,2017년 6월 13일 22시,화요일,대전광역시 서구 갈마동,경상사고,0,0,3,0,차대차 - 측면충돌,안전운전불이행,건조,맑음,교차로 - 교차로부근,승용,남,24세,상해없음,승용,남,30세,경상
2017061300100595,2017년 6월 13일 22시,화요일,대전광역시 유성구 대정동,중상사고,0,2,0,0,차대차 - 측면충돌,안전운전불이행,건조,맑음,주차장 - 주차장,승용,여,50세,상해없음,승용,여,38세,중상
2017061400100099,2017년 6월 14일 06시,수요일,대전광역시 대덕구 송촌동,중상사고,0,1,1,0,차대차 - 측면충돌,과속,건조,맑음,교차로 - 교차로안,승용,여,41세,중상,승용,남,73세,경상
2017061400100166,2017년 6월 14일 08시,수요일,대전광역시 서구 도마동,경상사고,0,0,1,0,차대사람 - 횡단중,안전운전불이행,건조,맑음,기타 - 기타,기타불명,기타불명,미분류,기타불명,보행자,여,29세,경상
2017061400100167,2017년 6월 14일 08시,수요일,대전광역시 대덕구 덕암동,경상사고,0,0,1,0,차대사람 - 기타,안전운전불이행,건조,맑음,단일로 - 기타,기타불명,기타불명,미분류,기타불명,보행자,여,13세,경상
2017061400100197,2017년 6월 14일 09시,수요일,대전광역시 중구 대흥동,경상사고,0,0,1,0,차대차 - 측면충돌,안전운전불이행,건조,맑음,단일로 - 기타,승용,남,61세,상해없음,이륜,남,66세,경상
2017061400100198,2017년 6월 14일 09시,수요일,대전광역시 서구 도안동,경상사고,0,0,1,0,차대차 - 측면충돌,안전운전불이행,건조,맑음,단일로 - 교량,승용,여,39세,상해없음,승용,여,41세,경상
2017061400100199,2017년 6월 14일 09시,수요일,대전광역시 유성구 덕명동,경상사고,0,0,2,0,차대차 - 추돌,안전운전불이행,건조,맑음,교차로 - 교차로부근,승용,남,61세,상해없음,화물,남,68세,경상
2017061400100225,2017년 6월 14일 10시,수요일,대전광역시 서구 갈마동,사망사고,1,0,0,0,차대사람 - 길가장자리구역통행중,안전운전불이행,건조,맑음,단일로 - 기타,승용,여,49세,상해없음,보행자,여,84세,사망
2017061400100226,2017년 6월 14일 10시,수요일,대전광역시 유성구 관평동,경상사고,0,0,1,0,차대차 - 측면충돌,교차로운행방법위반,건조,맑음,교차로 - 교차로부근,승용,여,25세,상해없음,승용,남,49세,경상
2017061400100254,2017년 6월 14일 11시,수요일,대전광역시 서구 둔산동,경상사고,0,0,1,0,차대차 - 측면충돌,안전거리미확보,건조,맑음,교차로 - 교차로안,승용,여,24세,상해없음,승용,여,35세,경상
2017061400100255,2017년 6월 14일 11시,수요일,대전광역시 유성구 장대동,경상사고,0,0,2,0,차대차 - 기타,안전거리미확보,건조,맑음,교차로 - 교차로안,승용,남,68세,상해없음,화물,남,27세,경상
2017061400100323,2017년 6월 14일 13시,수요일,대전광역시 중구 문화동,경상사고,0,0,1,0,차대사람 - 횡단중,보행자보호의무위반,건조,맑음,교차로 - 교차로안,승용,여,61세,상해없음,보행자,여,48세,경상
2017061400100324,2017년 6월 14일 13시,수요일,대전광역시 서구 둔산동,경상사고,0,0,1,0,차대차 - 측면충돌,안전운전불이행,건조,맑음,교차로 - 교차로안,이륜,남,74세,경상,승용,여,55세,상해없음
2017061400100353,2017년 6월 14일 14시,수요일,대전광역시 서구 탄방동,중상사고,0,2,1,0,차대차 - 기타,안전운전불이행,건조,맑음,교차로 - 교차로안,승용,남,60세,상해없음,승용,남,56세,경상
2017061400100354,2017년 6월 14일 14시,수요일,대전광역시 유성구 상대동,경상사고,0,0,1,0,차대사람 - 횡단중,보행자보호의무위반,건조,맑음,교차로 - 교차로안,승용,남,52세,상해없음,보행자,남,7세,경상
2017061400100392,2017년 6월 14일 15시,수요일,대전광역시 유성구 장대동,경상사고,0,0,3,0,차대차 - 추돌,안전운전불이행,건조,맑음,단일로 - 기타,승용,여,65세,상해없음,승용,여,52세,경상
2017061400100488,2017년 6월 14일 17시,수요일,대전광역시 대덕구 읍내동,경상사고,0,0,1,0,차대차 - 측면충돌,신호위반,건조,맑음,교차로 - 교차로안,승용,남,51세,상해없음,승용,남,58세,경상
2017061400100566,2017년 6월 14일 19시,수요일,대전광역시 중구 용두동,경상사고,0,0,2,0,차대차 - 기타,안전운전불이행,건조,맑음,단일로 - 기타,승용,남,48세,상해없음,승용,남,33세,경상
2017061400100567,2017년 6월 14일 19시,수요일,대전광역시 유성구 도룡동,경상사고,0,0,1,0,차대차 - 측면충돌,안전운전불이행,건조,맑음,단일로 - 기타,승용,여,39세,상해없음,자전거,남,15세,경상
2017061400100607,2017년 6월 14일 20시,수요일,대전광역시 서구 갈마동,중상사고,0,1,0,0,차대사람 - 기타,안전운전불이행,건조,맑음,단일로 - 기타,승용,남,64세,상해없음,보행자,여,33세,중상
2017061400100608,2017년 6월 14일 20시,수요일,대전광역시 유성구 계산동,경상사고,0,0,1,0,차대차 - 측면충돌,안전운전불이행,건조,맑음,단일로 - 기타,승용,남,58세,상해없음,승용,남,39세,경상
2017061400100686,2017년 6월 14일 23시,수요일,대전광역시 서구 갈마동,경상사고,0,0,1,0,차대차 - 추돌,안전운전불이행,건조,맑음,교차로 - 교차로부근,승용,남,33세,상해없음,승용,남,27세,경상
2017061500100032,2017년 6월 15일 00시,목요일,대전광역시 중구 용두동,경상사고,0,0,2,0,차대차 - 측면충돌,신호위반,건조,맑음,교차로 - 교차로안,승용,남,58세,상해없음,승용,남,34세,경상
2017061500100053,2017년 6월 15일 02시,목요일,대전광역시 동구 용전동,경상사고,0,0,1,0,차대차 - 측면충돌,교차로운행방법위반,건조,맑음,교차로 - 교차로안,승용,남,51세,상해없음,자전거,남,64세,경상
2017061500100061,2017년 6월 15일 04시,목요일,대전광역시 서구 내동,중상사고,0,3,0,0,차대차 - 측면충돌,신호위반,건조,맑음,교차로 - 교차로안,승용,남,26세,상해없음,승용,남,37세,중상
2017061500100109,2017년 6월 15일 07시,목요일,대전광역시 유성구 구암동,경상사고,0,0,1,0,차대차 - 추돌,안전운전불이행,건조,맑음,교차로 - 교차로안,승용,남,26세,상해없음,승용,여,52세,경상
2017061500100110,2017년 6월 15일 07시,목요일,대전광역시 유성구 노은동,경상사고,0,0,1,0,차대차 - 기타,중앙선침범,건조,맑음,단일로 - 기타,승용,여,44세,상해없음,승용,여,34세,경상