사고번호,사고일시,요일,시군구,사고내용,사망자수,중상자수,경상자수,부상신고자수,사고유형,법규위반,노면상태,기상상태,도로형태,가해운전자 차종,가해운전자 성별,가해운전자 연령,가해운전자 상해정도,피해운전자 차종,피해운전자 성별,피해운전자 연령,피해운전자 상해정도
2017070100100626,2017년 7월 1일 23시,토요일,대전광역시 중구 용두동,경상사고,0,0,1,0,차대차 - 측면충돌,신호위반,젖음/습기,비,교차로 - 교차로안,승용,남,35세,상해없음,승용,남,45세,경상
2017070200100037,2017년 7월 2일 00시,일요일,대전광역시 동구 가양동,중상사고,0,1,0,0,차대차 - 측면충돌,신호위반,건조,맑음,교차로 - 교차로안,승용,여,25세,상해없음,승용,여,51세,중상
2017070200100038,2017년 7월 2일 00시,일요일,대전광역시 동구 대동,경상사고,0,0,1,0,차대차 - 추돌,안전운전불이행,건조,맑음,단일로 - 기타,승용,여,34세,기타불명,승용,남,49세,상해없음
2017070200100206,2017년 7월 2일 10시,일요일,대전광역시 서구 둔산동,경상사고,0,0,2,0,차대차 - 측면충돌,안전운전불이행,젖음/습기,비,교차로 - 교차로안,승용,남,29세,상해없음,승용,남,50세,경상
2017070200100218,2017년 7월 2일 11시,일요일,대전광역시 동구 가오동,중상사고,0,1,2,0,차대차 - 측면충돌,중앙선침범,건조,맑음,단일로 - 기타,승용,남,28세,경상,원동기,남,24세,중상
2017070200100317,2017년 7월 2일 16시,일요일,대전광역시 유성구 장대동,중상사고,0,1,1,0,차대차 - 기타,안전운전불이행,건조,맑음,단일로 - 기타,승용,남,57세,상해없음,승용,남,36세,중상
2017070200100331,2017년 7월 2일 16시,일요일,대전광역시 대덕구 송촌동,경상사고,0,0,1,0,차대차 - 추돌,안전운전불이행,젖음/습기,비,단일로 - 기타,승용,여,48세,상해없음,승용,남,24세,경상
2017070200100429,2017년 7월 2일 20시,일요일,대전광역시 서구 월평동,경상사고,0,0,2,0,차대차 - 측면충돌,교차로운행방법위반,건조,맑음,교차로 - 교차로안,이륜,남,29세,경상,이륜,남,36세,경상
2017070200100461,2017년 7월 2일 21시,일요일,대전광역시 동구 정동,경상사고,0,0,2,0,차대차 - 추돌,안전거리미확보,건조,맑음,단일로 - 기타,승용,남,48세,상해없음,승용,남,64세,상해없음
2017070200100478,2017년 7월 2일 22시,일요일,대전광역시 중구 선화동,경상사고,0,0,2,0,차대차 - 측면충돌,신호위반,건조,맑음,교차로 - 교차로안,승용,남,67세,상해없음,승용,남,46세,경상
2017070300100138,2017년 7월 3일 08시,월요일,대전광역시 중구 선화동,중상사고,0,1,0,0,차대사람 - 횡단중,안전운전불이행,젖음/습기,비,교차로 - 교차로안,승용,남,44세,상해없음,보행자,여,11세,중상
2017070300100139,2017년 7월 3일 08시,월요일,대전광역시 대덕구 석봉동,중상사고,0,1,1,0,차대차 - 측면충돌,안전운전불이행,젖음/습기,비,단일로 - 기타,승용,여,42세,상해없음,특수,남,43세,상해없음
2017070300100140,2017년 7월 3일 08시,월요일,대전광역시 서구 탄방동,경상사고,0,0,1,0,차대차 - 정면충돌,안전운전불이행,젖음/습기,맑음,단일로 - 기타,승용,여,39세,상해없음,승용,여,44세,경상
2017070300100141,2017년 7월 3일 08시,월요일,대전광역시 서구 만년동,경상사고,0,0,1,0,차대차 - 기타,안전거리미확보,젖음/습기,비,단일로 - 기타,승용,여,53세,상해없음,승용,남,29세,경상
2017070300100142,2017년 7월 3일 08시,월요일,대전광역시 유성구 전민동,경상사고,0,0,1,0,차대차 - 기타,안전거리미확보,젖음/습기,비,교차로 - 교차로부근,승용,남,36세,상해없음,승용,남,49세,경상
2017070300100185,2017년 7월 3일 09시,월요일,대전광역시 동구 삼정동,경상사고,0,0,1,0,차대차 - 측면충돌,중앙선침범,건조,맑음,단일로 - 기타,특수,남,59세,상해없음,화물,남,48세,경상
2017070300100186,2017년 7월 3일 09시,월요일,대전광역시 서구 도마동,경상사고,0,0,4,0,차대차 - 측면충돌,신호위반,건조,맑음,교차로 - 교차로안,승용,남,49세,기타불명,승용,남,55세,경상
2017070300100221,2017년 7월 3일 10시,월요일,대전광역시 동구 대성동,경상사고,0,0,1,0,차대차 - 측면충돌,기타,건조,맑음,단일로 - 기타,원동기,남,78세,상해없음,승용,남,33세,상해없음
2017070300100273,2017년 7월 3일 12시,월요일,대전광역시 서구 복수동,경상사고,0,0,2,0,차량단독 - 기타,안전운전불이행,건조,맑음,교차로 - 교차로안,승용,남,61세,상해없음,,,,
2017070300100274,2017년 7월 3일 12시,월요일,대전광역시 대덕구 평촌동,중상사고,0,1,0,0,차대차 - 측면충돌,안전운전불이행,젖음/습기,비,단일로 - 기타,승용,남,58세,상해없음,사륜오토바이(ATV),남,25세,중상
2017070300100301,2017년 7월 3일 13시,월요일,대전광역시 중구 산성동,경상사고,0,0,2,0,차대차 - 추돌,안전운전불이행,건조,맑음,단일로 - 기타,승용,남,58세,상해없음,승용,남,81세,경상
2017070300100340,2017년 7월 3일 14시,월요일,대전광역시 서구 변동,경상사고,0,0,3,0,차대차 - 추돌,안전거리미확보,젖음/습기,비,교차로 - 교차로부근,승용,남,56세,기타불명,승용,남,44세,경상
2017070300100418,2017년 7월 3일 16시,월요일,대전광역시 서구 둔산동,경상사고,0,0,2,0,차대차 - 정면충돌,안전운전불이행,젖음/습기,비,교차로 - 교차로안,승용,여,53세,상해없음,승용,남,31세,경상
2017070300100453,2017년 7월 3일 17시,월요일,대전광역시 서구 둔산동,경상사고,0,0,1,0,차대차 - 추돌,안전운전불이행,건조,흐림,교차로 - 교차로안,승용,남,36세,상해없음,승용,여,41세,경상
2017070300100454,2017년 7월 3일 17시,월요일,대전광역시 서구 탄방동,경상사고,0,0,1,0,차대차 - 기타,안전운전불이행,젖음/습기,비,교차로 - 교차로부근,승용,남,57세,상해없음,승용,남,36세,경상
2017070300100495,2017년 7월 3일 18시,월요일,대전광역시 서구 탄방동,경상사고,0,0,3,0,차대차 - 측면충돌,안전운전불이행,젖음/습기,비,교차로 - 교차로안,승용,남,26세,상해없음,승용,남,59세,경상
2017070300100496,2017년 7월 3일 18시,월요일,대전광역시 서구 갈마동,경상사고,0,0,3,0,차대차 - 기타,안전운전불이행,젖음/습기,비,교차로 - 교차로안,승용,남,61세,경상,승용,여,47세,경상
2017070300100529,2017년 7월 3일 19시,월요일,대전광역시 중구 오류동,경상사고,0,0,1,0,차대차 - 추돌,안전운전불이행,젖음/습기,비,교차로 - 교차로부근,승용,여,25세,상해없음,승용,여,48세,경상
2017070300100530,2017년 7월 3일 19시,월요일,대전광역시 동구 가양동,경상사고,0,0,1,0,차대차 - 측면충돌,안전운전불이행,젖음/습기,비,교차로 - 교차로부근,승용,남,35세,경상,승합,남,42세,상해없음
2017070300100531,2017년 7월 3일 19시,월요일,대전광역시 대덕구 오정동,경상사고,0,0,2,0,차대차 - 추돌,안전운전불이행,건조,맑음,교차로 - 교차로부근,승용,남,52세,상해없음,승용,여,22세,경상
2017070300100532,2017년 7월 3일 19시,월요일,대전광역시 서구 둔산동,경상사고,0,0,1,0,차대차 - 기타,안전운전불이행,젖음/습기,비,단일로 - 기타,승용,남,53세,상해없음,이륜,남,53세,경상
2017070300100593,2017년 7월 3일 21시,월요일,대전광역시 중구 유천동,경상사고,0,0,3,0,차대차 - 추돌,안전운전불이행,젖음/습기,비,단일로 - 기타,승용,남,70세,상해없음,승용,여,68세,경상
2017070300100594,2017년 7월 3일 21시,월요일,대전광역시 중구 유천동,경상사고,0,0,1,0,차대사람 - 차도통행중,안전운전불이행,건조,흐림,교차로 - 교차로부근,승용,남,42세,상해없음,보행자,남,39세,경상
2017070300100595,2017년 7월 3일 21시,월요일,대전광역시 대덕구 목상동,경상사고,0,0,1,0,차대차 - 기타,신호위반,젖음/습기,흐림,교차로 - 교차로안,승용,남,18세,상해없음,승용,여,48세,경상
2017070300100596,2017년 7월 3일 21시,월요일,대전광역시 서구 둔산동,경상사고,0,0,1,0,차대사람 - 차도통행중,안전운전불이행,건조,맑음,단일로 - 기타,이륜,남,55세,상해없음,보행자,남,34세,경상
2017070300100626,2017년 7월 3일 23시,월요일,대전광역시 대덕구 신탄진동,부상신고사고,0,0,0,1,차대차 - 추돌,안전운전불이행,건조,맑음,단일로 - 기타,승용,남,25세,상해없음,승용,여,54세,부상신고
2017070300100627,2017년 7월 3일 23시,월요일,대전광역시 유성구 관평동,경상사고,0,0,1,0,차대사람 - 횡단중,안전운전불이행,건조,맑음,단일로 - 기타,승용,남,49세,상해없음,보행자,남,32세,경상
2017070400100035,2017년 7월 4일 00시,화요일,대전광역시 서구 둔산동,경상사고,0,0,1,0,차대차 - 측면충돌,안전운전불이행,젖음/습기,비,교차로 - 교차로안,승용,남,35세,상해없음,승용,남,50세,경상
2017070400100043,2017년 7월 4일 01시,화요일,대전광역시 대덕구 중리동,경상사고,0,0,1,0,차대차 - 기타,안전운전불이행,젖음/습기,비,교차로 - 교차로안,승용,남,23세,상해없음,승용,남,39세,경상
2017070400100107,2017년 7월 4일 07시,화요일,대전광역시 동구 삼성동,중상사고,0,1,0,0,차대사람 - 횡단중,안전운전불이행,건조,맑음,단일로 - 기타,승용,여,52세,상해없음,보행자,남,83세,중상
2017070400100135,2017년 7월 4일 08시,화요일,대전광역시 서구 갈마동,경상사고,0,0,1,0,차대차 - 기타,중앙선침범,건조,맑음,교차로 - 교차로부근,승용,남,25세,상해없음,승용,남,25세,경상
2017070400100161,2017년 7월 4일 09시,화요일,대전광역시 대덕구 비래동,경상사고,0,0,1,0,차대차 - 기타,안전운전불이행,건조,맑음,단일로 - 기타,승합,남,70세,상해없음,자전거,남,63세,경상
2017070400100191,2017년 7월 4일 10시,화요일,대전광역시 중구 부사동,중상사고,0,1,0,0,차량단독 - 기타,안전운전불이행,젖음/습기,비,단일로 - 기타,자전거,남,81세,중상,,,,
2017070400100192,2017년 7월 4일 10시,화요일,대전광역시 서구 월평동,경상사고,0,0,1,0,차대사람 - 횡단중,보행자보호의무위반,젖음/습기,비,교차로 - 교차로안,승용,여,45세,상해없음,보행자,남,57세,경상
2017070400100243,2017년 7월 4일 12시,화요일,대전광역시 중구 용두동,경상사고,0,0,4,0,차대차 - 추돌,안전운전불이행,건조,맑음,교차로 - 교차로부근,승용,남,64세,상해없음,승용,남,62세,경상
2017070400100282,2017년 7월 4일 13시,화요일,대전광역시 서구 변동,경상사고,0,0,1,0,차대사람 - 횡단중,안전운전불이행,건조,맑음,교차로 - 교차로횡단보도내,승용,남,45세,상해없음,보행자,여,72세,경상
2017070400100366,2017년 7월 4일 16시,화요일,대전광역시 중구 유천동,중상사고,0,1,0,0,차대차 - 측면충돌,안전운전불이행,건조,맑음,교차로 - 교차로안,승용,여,45세,상해없음,원동기,여,76세,중상
2017070400100367,2017년 7월 4일 16시,화요일,대전광역시 서구 변동,경상사고,0,0,2,0,차대차 - 측면충돌,안전거리미확보,건조,맑음,단일로 - 기타,승용,남,60세,상해없음,승용,남,44세,경상
2017070400100368,2017년 7월 4일 16시,화요일,대전광역시 유성구 구성동,경상사고,0,0,4,0,차대차 - 측면충돌,신호위반,건조,맑음,교차로 - 교차로안,승용,남,51세,상해없음,승용,남,55세,경상
2017070400100369,2017년 7월 4일 16시,화요일,대전광역시 유성구 죽동,경상사고,0,0,1,0,차대차 - 기타,안전운전불이행,건조,맑음,교차로 - 교차로부근,승용,여,45세,상해없음,승용,여,51세,경상
2017070400100411,2017년 7월 4일 17시,화요일,대전광역시 동구 삼성동,중상사고,0,1,0,0,차대사람 - 횡단중,안전운전불이행,건조,맑음,단일로 - 기타,화물,남,50세,상해없음,보행자,여,82세,중상
2017070400100412,2017년 7월 4일 17시,화요일,대전광역시 유성구 학하동,중상사고,0,1,0,0,차대차 - 기타,안전운전불이행,젖음/습기,맑음,단일로 - 기타,승용,남,40세,상해없음,자전거,남,62세,중상
2017070400100430,2017년 7월 4일 18시,화요일,대전광역시 서구 괴곡동,경상사고,0,0,2,0,차대차 - 추돌,안전운전불이행,젖음/습기,흐림,단일로 - 기타,승용,남,52세,상해없음,화물,남,43세,경상
2017070400100448,2017년 7월 4일 18시,화요일,대전광역시 동구 가양동,중상사고,0,2,1,0,차대차 - 측면충돌,교차로운행방법위반,건조,맑음,교차로 - 교차로안,승용,여,25세,상해없음,원동기,여,43세,중상
2017070400100449,2017년 7월 4일 18시,화요일,대전광역시 유성구 용산동,경상사고,0,0,1,0,차대차 - 기타,안전거리미확보,건조,맑음,기타 - 기타,승용,여,28세,상해없음,이륜,남,48세,상해없음
2017070400100476,2017년 7월 4일 19시,화요일,대전광역시 서구 용문동,중상사고,0,1,0,0,차대차 - 측면충돌,신호위반,건조,맑음,단일로 - 기타,승용,남,32세,상해없음,자전거,남,27세,중상
2017070400100477,2017년 7월 4일 19시,화요일,대전광역시 대덕구 와동,경상사고,0,0,1,0,차대차 - 측면충돌,안전운전불이행,건조,맑음,단일로 - 기타,승용,남,26세,상해없음,승용,여,26세,경상
2017070400100478,2017년 7월 4일 19시,화요일,대전광역시 유성구 용산동,경상사고,0,0,1,0,차대차 - 기타,안전운전불이행,건조,맑음,교차로 - 교차로안,승용,여,24세,상해없음,승용,여,31세,경상
2017070400100507,2017년 7월 4일 20시,화요일,대전광역시 동구 신흥동,경상사고,0,0,1,0,차대차 - 측면충돌,안전운전불이행,건조,맑음,단일로 - 기타,승용,남,54세,상해없음,자전거,남,12세,경상
2017070400100508,2017년 7월 4일 20시,화요일,대전광역시 서구 내동,경상사고,0,0,2,0,차대차 - 측면충돌,신호위반,젖음/습기,흐림,교차로 - 교차로부근,승용,남,62세,상해없음,승용,여,47세,경상
2017070400100536,2017년 7월 4일 21시,화요일,대전광역시 유성구 원내동,중상사고,0,1,0,0,차대사람 - 횡단중,안전운전불이행,젖음/습기,흐림,교차로 - 교차로부근,자전거,남,53세,상해없음,보행자,남,21세,중상
2017070400100555,2017년 7월 4일 22시,화요일,대전광역시 서구 복수동,경상사고,0,0,1,0,차대차 - 추돌,안전운전불이행,젖음/습기,비,교차로 - 교차로부근,화물,남,53세,상해없음,승용,남,38세,경상
2017070400100556,2017년 7월 4일 22시,화요일,대전광역시 대덕구 신탄진동,경상사고,0,0,1,0,차대차 - 측면충돌,안전운전불이행,건조,맑음,교차로 - 교차로안,승용,남,56세,상해없음,승용,남,51세,경상
2017070400100579,2017년 7월 4일 23시,화요일,대전광역시 동구 홍도동,경상사고,0,0,2,0,차대차 - 정면충돌,안전운전불이행,건조,맑음,단일로 - 기타,승용,남,37세,기타불명,승합,남,39세,경상
2017070500100069,2017년 7월 5일 04시,수요일,대전광역시 동구 용전동,중상사고,0,1,0,0,차대사람 - 횡단중,안전운전불이행,건조,맑음,단일로 - 기타,승용,여,34세,상해없음,보행자,남,74세,중상
2017070500100099,2017년 7월 5일 07시,수요일,대전광역시 서구 가장동,경상사고,0,0,2,0,차대차 - 추돌,안전거리미확보,건조,맑음,단일로 - 기타,승용,남,33세,상해없음,승용,남,54세,경상
2017070500100146,2017년 7월 5일 08시,수요일,대전광역시 서구 가수원동,경상사고,0,0,2,0,차대차 - 추돌,불법유턴,건조,맑음,단일로 - 기타,승용,남,70세,경상,승용,남,33세,경상
2017070500100147,2017년 7월 5일 08시,수요일,대전광역시 서구 갈마동,중상사고,0,1,0,0,차대차 - 기타,직진우회전진행방해,건조,맑음,교차로 - 교차로안,화물,남,69세,상해없음,자전거,남,27세,중상
2017070500100148,2017년 7월 5일 08시,수요일,대전광역시 유성구 신성동,경상사고,0,0,1,0,차대차 - 측면충돌,안전운전불이행,건조,맑음,교차로 - 교차로안,승합,남,50세,기타불명,승용,여,44세,경상
2017070500100170,2017년 7월 5일 09시,수요일,대전광역시 중구 선화동,중상사고,0,1,0,0,차대차 - 측면충돌,신호위반,건조,맑음,교차로 - 교차로안,승용,남,75세,상해없음,승용,여,54세,중상
2017070500100171,2017년 7월 5일 09시,수요일,대전광역시 서구 변동,경상사고,0,0,4,0,차대차 - 측면충돌,신호위반,건조,맑음,교차로 - 교차로안,승용,여,52세,경상,승용,여,39세,경상
2017070500100172,2017년 7월 5일 09시,수요일,대전광역시 서구 가장동,부상신고사고,0,0,0,1,차대차 - 추돌,안전운전불이행,건조,맑음,단일로 - 기타,이륜,남,72세,부상신고,승용,여,57세,상해없음
2017070500100200,2017년 7월 5일 10시,수요일,대전광역시 유성구 봉명동,중상사고,0,1,2,0,차대차 - 추돌,안전거리미확보,건조,맑음,교차로 - 교차로부근,승용,남,69세,상해없음,승용,여,27세,경상
2017070500100228,2017년 7월 5일 11시,수요일,대전광역시 서구 변동,중상사고,0,1,1,0,차대차 - 측면충돌,교차로운행방법위반,건조,맑음,교차로 - 교차로안,이륜,남,73세,중상,승용,여,68세,경상
2017070500100287,2017년 7월 5일 13시,수요일,대전광역시 중구 대흥동,경상사고,0,0,2,0,차대차 - 측면충돌,교차로운행방법위반,건조,맑음,교차로 - 교차로안,승용,남,53세,상해없음,승용,남,63세,경상
2017070500100288,2017년 7월 5일 13시,수요일,대전광역시 유성구 노은동,경상사고,0,0,2,0,차대차 - 추돌,안전거리미확보,건조,맑음,단일로 - 기타,승용,여,22세,상해없음,승용,여,38세,경상
2017070500100324,2017년 7월 5일 14시,수요일,대전광역시 중구 태평동,중상사고,0,1,0,0,차량단독 - 기타,안전운전불이행,건조,맑음,단일로 - 기타,승합,남,54세,상해없음,,,,
2017070500100325,2017년 7월 5일 14시,수요일,대전광역시 동구 대성동,경상사고,0,0,2,0,차대차 - 측면충돌,안전운전불이행,건조,맑음,교차로 - 교차로안,승용,남,24세,상해없음,승용,남,30세,경상
2017070500100326,2017년 7월 5일 14시,수요일,대전광역시 유성구 봉명동,경상사고,0,0,1,0,차대차 - 측면충돌,교차로운행방법위반,건조,맑음,교차로 - 교차로안,승용,여,51세,상해없음,자전거,여,67세,경상
2017070500100358,2017년 7월 5일 15시,수요일,대전광역시 중구 선화동,중상사고,0,1,0,0,차대차 - 기타,안전거리미확보,건조,맑음,단일로 - 기타,승용,남,40세,상해없음,화물,남,75세,중상
2017070500100359,2017년 7월 5일 15시,수요일,대전광역시 서구 둔산동,경상사고,0,0,1,0,차대차 - 추돌,안전운전불이행,건조,맑음,교차로 - 교차로안,승용,남,58세,상해없음,승용,여,53세,경상
2017070500100388,2017년 7월 5일 16시,수요일,대전광역시 중구 안영동,경상사고,0,0,2,0,차대차 - 기타,중앙선침범,건조,맑음,단일로 - 기타,승용,여,50세,경상,승용,남,35세,경상
2017070500100430,2017년 7월 5일 17시,수요일,대전광역시 서구 둔산동,중상사고,0,1,0,0,차량단독 - 기타,안전운전불이행,건조,맑음,단일로 - 기타,승합,남,63세,상해없음,,,,
2017070500100469,2017년 7월 5일 18시,수요일,대전광역시 대덕구 중리동,부상신고사고,0,0,0,5,차대차 - 추돌,교차로운행방법위반,건조,맑음,단일로 - 기타,승용,남,34세,상해없음,승용,남,42세,부상신고
2017070500100470,2017년 7월 5일 18시,수요일,대전광역시 서구 탄방동,경상사고,0,0,1,0,차대차 - 기타,신호위반,건조,맑음,교차로 - 교차로안,승용,남,52세,상해없음,자전거,여,48세,경상
2017070500100499,2017년 7월 5일 19시,수요일,대전광역시 중구 산성동,중상사고,0,1,1,0,차대사람 - 횡단중,보행자보호의무위반,건조,맑음,교차로 - 교차로횡단보도내,자전거,남,9세,경상,보행자,여,63세,중상
2017070500100500,2017년 7월 5일 19시,수요일,대전광역시 대덕구 오정동,경상사고,0,0,1,0,차대차 - 정면충돌,신호위반,건조,맑음,교차로 - 교차로안,이륜,남,17세,상해없음,이륜,남,31세,경상
2017070500100501,2017년 7월 5일 19시,수요일,대전광역시 유성구 원내동,경상사고,0,0,1,0,차대차 - 정면충돌,안전운전불이행,건조,맑음,교차로 - 교차로안,승용,여,46세,상해없음,이륜,남,28세,경상
2017070500100556,2017년 7월 5일 21시,수요일,대전광역시 유성구 봉명동,경상사고,0,0,1,0,차대차 - 정면충돌,신호위반,건조,맑음,교차로 - 교차로안,승용,여,31세,상해없음,승합,남,55세,경상
2017070500100581,2017년 7월 5일 22시,수요일,대전광역시 유성구 계산동,경상사고,0,0,2,3,차대차 - 측면충돌,안전운전불이행,건조,맑음,단일로 - 기타,승용,남,52세,상해없음,승용,여,45세,경상
2017070600100047,2017년 7월 6일 00시,목요일,대전광역시 서구 도마동,경상사고,0,0,1,0,차대사람 - 횡단중,보행자보호의무위반,건조,맑음,교차로 - 교차로부근,승용,남,33세,상해없음,보행자,남,29세,경상
2017070600100055,2017년 7월 6일 01시,목요일,대전광역시 유성구 지족동,경상사고,0,0,1,0,차대차 - 정면충돌,중앙선침범,건조,맑음,교차로 - 교차로부근,승용,남,26세,상해없음,승용,남,37세,경상
2017070600100149,2017년 7월 6일 08시,목요일,대전광역시 동구 인동,경상사고,0,0,2,0,차대차 - 측면충돌,교차로운행방법위반,건조,맑음,교차로 - 교차로안,승용,여,44세,경상,승용,남,59세,경상
2017070600100200,2017년 7월 6일 10시,목요일,대전광역시 대덕구 중리동,경상사고,0,0,1,0,차대차 - 기타,교차로운행방법위반,건조,맑음,교차로 - 교차로안,이륜,남,19세,상해없음,화물,남,49세,경상
2017070600100247,2017년 7월 6일 12시,목요일,대전광역시 중구 목동,중상사고,0,1,0,0,차대차 - 정면충돌,중앙선침범,건조,맑음,교차로 - 교차로부근,승용,여,56세,상해없음,이륜,남,23세,중상
2017070600100248,2017년 7월 6일 12시,목요일,대전광역시 동구 성남동,중상사고,0,1,0,0,차량단독 - 기타,안전거리미확보,건조,맑음,단일로 - 기타,승용,남,59세,상해없음,,,,
2017070600100249,2017년 7월 6일 12시,목요일,대전광역시 유성구 지족동,경상사고,0,0,2,0,차대차 - 추돌,안전운전불이행,건조,맑음,교차로 - 교차로부근,승용,여,45세,경상,승합,여,52세,경상
2017070600100303,2017년 7월 6일 14시,목요일,대전광역시 동구 인동,경상사고,0,0,1,0,차대차 - 추돌,안전운전불이행,건조,맑음,단일로 - 기타,승용,여,53세,상해없음,승합,남,60세,경상
2017070600100358,2017년 7월 6일 16시,목요일,대전광역시 중구 은행동,경상사고,0,0,1,0,차대사람 - 횡단중,안전운전불이행,젖음/습기,비,단일로 - 기타,승용,남,19세,상해없음,보행자,여,25세,경상
2017070600100359,2017년 7월 6일 16시,목요일,대전광역시 서구 관저동,경상사고,0,0,1,0,차대차 - 측면충돌,안전운전불이행,젖음/습기,비,단일로 - 기타,승용,여,41세,상해없음,승용,여,35세,경상
2017070600100360,2017년 7월 6일 16시,목요일,대전광역시 서구 둔산동,중상사고,0,1,0,0,차대차 - 측면충돌,안전운전불이행,젖음/습기,비,교차로 - 교차로안,화물,남,67세,상해없음,자전거,여,67세,중상
2017070600100391,2017년 7월 6일 17시,목요일,대전광역시 중구 문화동,경상사고,0,0,1,0,차대차 - 추돌,안전운전불이행,젖음/습기,비,교차로 - 교차로부근,화물,남,59세,상해없음,승용,여,54세,경상
2017070600100392,2017년 7월 6일 17시,목요일,대전광역시 서구 월평동,경상사고,0,0,1,0,차대차 - 기타,신호위반,젖음/습기,비,교차로 - 교차로안,승용,여,57세,상해없음,승용,남,46세,경상
2017070600100427,2017년 7월 6일 18시,목요일,대전광역시 동구 판암동,경상사고,0,0,1,0,차대차 - 측면충돌,신호위반,젖음/습기,비,교차로 - 교차로안,화물,여,51세,상해없음,승용,여,57세,경상
2017070600100428,2017년 7월 6일 18시,목요일,대전광역시 대덕구 법동,경상사고,0,0,1,0,차대사람 - 횡단중,안전운전불이행,젖음/습기,비,교차로 - 교차로안,승용,남,45세,상해없음,보행자,여,48세,경상
2017070600100429,2017년 7월 6일 18시,목요일,대전광역시 서구 월평동,경상사고,0,0,1,0,차대차 - 기타,신호위반,젖음/습기,비,교차로 - 교차로안,승용,남,62세,상해없음,원동기,남,34세,경상
2017070600100430,2017년 7월 6일 18시,목요일,대전광역시 서구 둔산동,경상사고,0,0,1,0,차대차 - 기타,안전거리미확보,젖음/습기,비,단일로 - 기타,승용,여,36세,상해없음,승용,여,27세,경상
2017070600100460,2017년 7월 6일 19시,목요일,대전광역시 유성구 교촌동,경상사고,0,0,1,0,차대차 - 측면충돌,중앙선침범,젖음/습기,비,단일로 - 기타,승용,남,49세,상해없음,승용,남,41세,경상
2017070600100496,2017년 7월 6일 20시,목요일,대전광역시 서구 도마동,경상사고,0,0,1,0,차대차 - 추돌,안전운전불이행,젖음/습기,비,교차로 - 교차로부근,승용,남,57세,상해없음,승용,여,48세,경상
2017070600100497,2017년 7월 6일 20시,목요일,대전광역시 서구 도마동,경상사고,0,0,2,0,차대차 - 추돌,안전운전불이행,건조,맑음,교차로 - 교차로부근,화물,남,57세,상해없음,승용,여,48세,경상
2017070600100498,2017년 7월 6일 20시,목요일,대전광역시 유성구 죽동,경상사고,0,0,1,0,차대차 - 측면충돌,신호위반,젖음/습기,비,교차로 - 교차로안,승용,남,28세,상해없음,승용,남,50세,경상
2017070600100522,2017년 7월 6일 21시,목요일,대전광역시 유성구 장대동,경상사고,0,0,1,0,차대차 - 정면충돌,교차로운행방법위반,젖음/습기,비,교차로 - 교차로안,승용,남,41세,상해없음,이륜,남,49세,경상
2017070600100523,2017년 7월 6일 21시,목요일,대전광역시 유성구 장대동,경상사고,0,0,1,0,차대차 - 기타,안전거리미확보,젖음/습기,비,단일로 - 기타,승용,남,50세,상해없음,승합,남,43세,상해없음
2017070600100561,2017년 7월 6일 22시,목요일,대전광역시 서구 둔산동,경상사고,0,0,1,0,차대사람 - 횡단중,보행자보호의무위반,젖음/습기,흐림,교차로 - 교차로횡단보도내,승용,남,62세,상해없음,보행자,여,20세,경상
2017070600100581,2017년 7월 6일 23시,목요일,대전광역시 유성구 외삼동,중상사고,0,1,2,0,차대차 - 측면충돌,안전운전불이행,건조,맑음,교차로 - 교차로안,승용,남,36세,상해없음,승용,여,47세,중상
2017070700100032,2017년 7월 7일 00시,금요일,대전광역시 유성구 장대동,경상사고,0,0,1,0,차대차 - 측면충돌,중앙선침범,젖음/습기,비,교차로 - 교차로부근,승용,남,34세,상해없음,승용,남,31세,경상
2017070700100152,2017년 7월 7일 08시,금요일,대전광역시 동구 성남동,경상사고,0,0,1,0,차대차 - 추돌,안전운전불이행,젖음/습기,비,교차로 - 교차로안,승용,남,53세,상해없음,승용,여,57세,경상
2017070700100153,2017년 7월 7일 08시,금요일,대전광역시 유성구 관평동,경상사고,0,0,1,0,차대차 - 추돌,안전거리미확보,젖음/습기,흐림,단일로 - 기타,화물,남,59세,상해없음,화물,남,43세,경상
2017070700100211,2017년 7월 7일 10시,금요일,대전광역시 서구 월평동,중상사고,0,1,0,0,차대사람 - 횡단중,보행자보호의무위반,건조,맑음,교차로 - 교차로횡단보도내,승용,남,59세,상해없음,보행자,여,74세,중상
2017070700100237,2017년 7월 7일 11시,금요일,대전광역시 서구 갈마동,경상사고,0,0,1,0,차대차 - 측면충돌,신호위반,건조,맑음,교차로 - 교차로횡단보도내,승용,남,37세,상해없음,자전거,여,66세,경상
2017070700100367,2017년 7월 7일 16시,금요일,대전광역시 대덕구 석봉동,경상사고,0,0,1,0,차대사람 - 횡단중,안전운전불이행,건조,맑음,단일로 - 기타,화물,남,47세,상해없음,보행자,여,27세,경상
2017070700100423,2017년 7월 7일 17시,금요일,대전광역시 동구 가양동,중상사고,0,1,0,0,차대사람 - 횡단중,보행자보호의무위반,건조,맑음,단일로 - 기타,승용,남,26세,상해없음,보행자,남,8세,중상
2017070700100424,2017년 7월 7일 17시,금요일,대전광역시 서구 변동,경상사고,0,0,5,0,차대차 - 측면충돌,안전거리미확보,건조,맑음,단일로 - 기타,승용,남,21세,상해없음,승용,남,32세,경상
2017070700100425,2017년 7월 7일 17시,금요일,대전광역시 유성구 장대동,중상사고,0,1,0,0,차대차 - 측면충돌,안전거리미확보,건조,맑음,단일로 - 기타,화물,남,39세,상해없음,승용,여,42세,중상