사고번호,사고일시,요일,시군구,사고내용,사망자수,중상자수,경상자수,부상신고자수,사고유형,법규위반,노면상태,기상상태,도로형태,가해운전자 차종,가해운전자 성별,가해운전자 연령,가해운전자 상해정도,피해운전자 차종,피해운전자 성별,피해운전자 연령,피해운전자 상해정도
2017070700100464,2017년 7월 7일 18시,금요일,대전광역시 대덕구 읍내동,경상사고,0,0,1,0,차대차 - 기타,안전운전불이행,건조,맑음,단일로 - 기타,화물,남,55세,상해없음,승용,남,29세,경상
2017070700100465,2017년 7월 7일 18시,금요일,대전광역시 서구 둔산동,경상사고,0,0,1,0,차대차 - 추돌,안전운전불이행,건조,맑음,단일로 - 기타,승용,남,52세,상해없음,승용,여,38세,경상
2017070700100466,2017년 7월 7일 18시,금요일,대전광역시 유성구 도룡동,경상사고,0,0,3,1,차대차 - 추돌,안전운전불이행,건조,맑음,교차로 - 교차로안,승용,남,52세,상해없음,승용,남,48세,경상
2017070700100513,2017년 7월 7일 19시,금요일,대전광역시 서구 가수원동,경상사고,0,0,1,0,차대차 - 측면충돌,안전운전불이행,건조,맑음,교차로 - 교차로부근,승용,남,55세,상해없음,이륜,남,57세,경상
2017070700100568,2017년 7월 7일 20시,금요일,대전광역시 중구 중촌동,중상사고,0,1,0,0,차대사람 - 횡단중,보행자보호의무위반,건조,맑음,교차로 - 교차로횡단보도내,승용,남,42세,상해없음,보행자,여,58세,중상
2017070700100569,2017년 7월 7일 20시,금요일,대전광역시 대덕구 오정동,경상사고,0,0,1,0,차대차 - 기타,신호위반,건조,흐림,교차로 - 교차로안,승용,남,22세,기타불명,승용,여,50세,경상
2017070700100611,2017년 7월 7일 21시,금요일,대전광역시 대덕구 읍내동,경상사고,0,0,1,0,차대차 - 기타,중앙선침범,건조,맑음,단일로 - 기타,승합,남,41세,상해없음,승용,남,42세,경상
2017070700100650,2017년 7월 7일 22시,금요일,대전광역시 중구 오류동,중상사고,0,1,6,0,차대차 - 추돌,안전운전불이행,건조,맑음,단일로 - 기타,승용,남,54세,상해없음,승용,남,49세,경상
2017070800100033,2017년 7월 8일 00시,토요일,대전광역시 유성구 신성동,경상사고,0,0,1,0,차대차 - 측면충돌,신호위반,건조,맑음,교차로 - 교차로안,승용,남,30세,기타불명,승용,남,36세,경상
2017070800100034,2017년 7월 8일 00시,토요일,대전광역시 유성구 봉명동,경상사고,0,0,1,0,차대차 - 측면충돌,중앙선침범,건조,맑음,단일로 - 기타,승용,남,26세,상해없음,승용,여,55세,경상
2017070800100035,2017년 7월 8일 00시,토요일,대전광역시 유성구 봉명동,중상사고,0,1,0,0,차대사람 - 횡단중,안전운전불이행,건조,맑음,단일로 - 기타,원동기,남,40세,상해없음,보행자,남,25세,중상
2017070800100095,2017년 7월 8일 04시,토요일,대전광역시 유성구 안산동,경상사고,0,0,2,0,차대차 - 기타,차로위반,건조,맑음,단일로 - 기타,승용,남,19세,경상,승용,남,50세,경상
2017070800100153,2017년 7월 8일 08시,토요일,대전광역시 유성구 자운동,경상사고,0,0,3,0,차대차 - 측면충돌,안전운전불이행,젖음/습기,비,단일로 - 기타,승용,남,59세,상해없음,승용,남,47세,경상
2017070800100171,2017년 7월 8일 09시,토요일,대전광역시 중구 문창동,경상사고,0,0,2,0,차대차 - 측면충돌,교차로운행방법위반,건조,맑음,교차로 - 교차로안,승용,남,24세,상해없음,승용,남,59세,경상
2017070800100172,2017년 7월 8일 09시,토요일,대전광역시 유성구 반석동,경상사고,0,0,1,0,차대사람 - 횡단중,안전운전불이행,건조,흐림,단일로 - 기타,승용,남,26세,상해없음,보행자,여,48세,경상
2017070800100199,2017년 7월 8일 10시,토요일,대전광역시 유성구 지족동,중상사고,0,1,0,0,차대사람 - 횡단중,보행자보호의무위반,젖음/습기,비,단일로 - 기타,승합,남,61세,상해없음,보행자,남,65세,중상
2017070800100231,2017년 7월 8일 11시,토요일,대전광역시 중구 오류동,경상사고,0,0,1,0,차대차 - 추돌,안전운전불이행,기타,기타,단일로 - 기타,승용,남,26세,상해없음,승용,남,28세,경상
2017070800100255,2017년 7월 8일 12시,토요일,대전광역시 서구 갈마동,경상사고,0,0,2,0,차대차 - 추돌,안전운전불이행,젖음/습기,비,교차로 - 교차로안,승용,여,48세,상해없음,승용,여,26세,경상
2017070800100256,2017년 7월 8일 12시,토요일,대전광역시 유성구 원신흥동,경상사고,0,0,2,0,차대차 - 추돌,안전운전불이행,젖음/습기,비,단일로 - 기타,화물,남,65세,상해없음,승용,남,53세,경상
2017070800100257,2017년 7월 8일 12시,토요일,대전광역시 유성구 봉명동,경상사고,0,0,9,3,차대차 - 측면충돌,안전거리미확보,젖음/습기,비,단일로 - 기타,승합,여,34세,상해없음,화물,남,55세,경상
2017070800100286,2017년 7월 8일 13시,토요일,대전광역시 대덕구 읍내동,경상사고,0,0,1,0,차대차 - 후진중충돌,안전운전불이행,젖음/습기,비,주차장 - 주차장,승용,남,43세,상해없음,승용,남,27세,경상
2017070800100287,2017년 7월 8일 13시,토요일,대전광역시 유성구 구암동,경상사고,0,0,1,0,차대차 - 측면충돌,신호위반,젖음/습기,비,교차로 - 교차로안,승용,여,51세,상해없음,승용,남,39세,경상
2017070800100380,2017년 7월 8일 16시,토요일,대전광역시 중구 대흥동,경상사고,0,0,1,0,차대차 - 후진중충돌,안전운전불이행,건조,맑음,단일로 - 기타,승용,여,30세,상해없음,승용,남,68세,경상
2017070800100479,2017년 7월 8일 19시,토요일,대전광역시 동구 용전동,중상사고,0,1,0,0,차대차 - 측면충돌,신호위반,건조,맑음,교차로 - 교차로안,승용,여,44세,상해없음,승용,남,32세,중상
2017070800100480,2017년 7월 8일 19시,토요일,대전광역시 대덕구 오정동,중상사고,0,1,0,0,차대차 - 기타,안전운전불이행,건조,맑음,교차로 - 교차로안,화물,남,26세,상해없음,자전거,남,63세,중상
2017070800100505,2017년 7월 8일 20시,토요일,대전광역시 동구 가오동,경상사고,0,0,1,0,차대차 - 정면충돌,안전운전불이행,건조,맑음,단일로 - 기타,승용,남,33세,상해없음,이륜,남,29세,경상
2017070800100506,2017년 7월 8일 20시,토요일,대전광역시 대덕구 오정동,경상사고,0,0,1,0,차대차 - 기타,안전운전불이행,젖음/습기,비,단일로 - 기타,승용,남,58세,기타불명,승용,여,74세,경상
2017070800100535,2017년 7월 8일 21시,토요일,대전광역시 서구 괴정동,경상사고,0,0,4,0,차대차 - 추돌,안전운전불이행,젖음/습기,비,교차로 - 교차로부근,승용,남,51세,상해없음,승용,여,44세,경상
2017070800100536,2017년 7월 8일 21시,토요일,대전광역시 서구 용문동,경상사고,0,0,1,0,차대차 - 추돌,안전거리미확보,젖음/습기,비,단일로 - 기타,승용,남,48세,상해없음,승용,남,26세,경상
2017070800100537,2017년 7월 8일 21시,토요일,대전광역시 서구 괴정동,경상사고,0,0,1,0,차대차 - 측면충돌,안전운전불이행,젖음/습기,비,단일로 - 기타,승용,남,30세,상해없음,승용,여,48세,경상
2017070800100538,2017년 7월 8일 21시,토요일,대전광역시 대덕구 오정동,중상사고,0,1,0,0,차대차 - 측면충돌,안전운전불이행,젖음/습기,비,교차로 - 교차로안,승용,남,55세,상해없음,이륜,남,30세,중상
2017070800100539,2017년 7월 8일 21시,토요일,대전광역시 대덕구 중리동,중상사고,0,1,0,0,차대사람 - 횡단중,안전운전불이행,젖음/습기,흐림,교차로 - 교차로안,화물,남,57세,상해없음,보행자,여,46세,중상
2017070800100570,2017년 7월 8일 22시,토요일,대전광역시 동구 용전동,사망사고,1,0,0,0,차대사람 - 횡단중,과속,젖음/습기,흐림,단일로 - 기타,승용,남,26세,상해없음,보행자,남,55세,사망
2017070800100571,2017년 7월 8일 22시,토요일,대전광역시 유성구 반석동,경상사고,0,0,1,0,차대차 - 기타,안전운전불이행,젖음/습기,비,단일로 - 기타,승용,여,48세,상해없음,승용,여,31세,경상
2017070800100599,2017년 7월 8일 23시,토요일,대전광역시 서구 둔산동,중상사고,0,1,2,0,차대차 - 측면충돌,교차로운행방법위반,건조,맑음,교차로 - 교차로안,승용,남,25세,경상,승용,남,53세,중상
2017070900100020,2017년 7월 9일 00시,일요일,대전광역시 서구 갈마동,경상사고,0,0,1,0,차대차 - 기타,교차로운행방법위반,건조,맑음,교차로 - 교차로안,승용,남,39세,상해없음,이륜,남,33세,경상
2017070900100036,2017년 7월 9일 01시,일요일,대전광역시 서구 만년동,경상사고,0,0,2,0,차대차 - 측면충돌,교차로운행방법위반,건조,맑음,교차로 - 교차로안,승용,남,34세,상해없음,승용,남,58세,경상
2017070900100062,2017년 7월 9일 04시,일요일,대전광역시 유성구 장대동,중상사고,0,1,0,0,차대차 - 정면충돌,신호위반,건조,맑음,교차로 - 교차로안,승용,남,32세,상해없음,승용,남,36세,중상
2017070900100081,2017년 7월 9일 06시,일요일,대전광역시 서구 둔산동,경상사고,0,0,2,0,차대사람 - 기타,안전운전불이행,건조,맑음,단일로 - 기타,승용,남,22세,상해없음,보행자,남,19세,경상
2017070900100124,2017년 7월 9일 09시,일요일,대전광역시 중구 사정동,중상사고,0,1,0,0,차대차 - 측면충돌,신호위반,건조,맑음,교차로 - 교차로안,자전거,남,70세,중상,승용,여,56세,상해없음
2017070900100125,2017년 7월 9일 09시,일요일,대전광역시 서구 갈마동,경상사고,0,0,1,0,차대차 - 기타,안전운전불이행,건조,맑음,교차로 - 교차로부근,승용,남,32세,상해없음,자전거,남,46세,경상
2017070900100142,2017년 7월 9일 10시,일요일,대전광역시 서구 둔산동,경상사고,0,0,1,0,차대차 - 기타,교차로운행방법위반,건조,맑음,교차로 - 교차로안,승용,남,64세,상해없음,이륜,남,46세,경상
2017070900100206,2017년 7월 9일 13시,일요일,대전광역시 서구 갈마동,중상사고,0,1,0,0,차대차 - 기타,교차로운행방법위반,건조,맑음,교차로 - 교차로안,승용,남,68세,상해없음,자전거,남,12세,중상
2017070900100241,2017년 7월 9일 14시,일요일,대전광역시 서구 탄방동,경상사고,0,0,2,0,차대차 - 측면충돌,신호위반,건조,흐림,교차로 - 교차로안,승용,남,65세,상해없음,승용,남,56세,경상
2017070900100318,2017년 7월 9일 17시,일요일,대전광역시 중구 태평동,중상사고,0,1,0,0,차대차 - 측면충돌,안전운전불이행,건조,흐림,단일로 - 기타,승용,여,48세,상해없음,승용,여,26세,중상
2017070900100367,2017년 7월 9일 19시,일요일,대전광역시 동구 용운동,경상사고,0,0,1,0,차대차 - 정면충돌,신호위반,젖음/습기,비,교차로 - 교차로안,승용,남,66세,상해없음,이륜,남,41세,경상
2017070900100368,2017년 7월 9일 19시,일요일,대전광역시 대덕구 법동,경상사고,0,0,3,0,차대차 - 측면충돌,신호위반,젖음/습기,비,교차로 - 교차로안,승용,남,57세,상해없음,승용,남,34세,경상
2017070900100425,2017년 7월 9일 21시,일요일,대전광역시 중구 대흥동,경상사고,0,0,1,0,차대차 - 추돌,안전거리미확보,젖음/습기,맑음,교차로 - 교차로안,승용,남,62세,상해없음,승용,남,55세,경상
2017070900100426,2017년 7월 9일 21시,일요일,대전광역시 유성구 장대동,부상신고사고,0,0,0,1,차대차 - 측면충돌,안전거리미확보,젖음/습기,비,단일로 - 기타,승용,남,39세,상해없음,원동기,남,49세,부상신고
2017070900100469,2017년 7월 9일 23시,일요일,대전광역시 서구 둔산동,경상사고,0,0,1,0,차대차 - 기타,안전운전불이행,건조,흐림,교차로 - 교차로부근,승용,남,56세,상해없음,이륜,남,24세,경상
2017071000100050,2017년 7월 10일 01시,월요일,대전광역시 중구 옥계동,경상사고,0,0,1,0,차대차 - 추돌,안전거리미확보,건조,맑음,교차로 - 교차로부근,화물,남,69세,상해없음,승용,남,24세,경상
2017071000100053,2017년 7월 10일 02시,월요일,대전광역시 서구 월평동,경상사고,0,0,2,0,차대차 - 기타,안전운전불이행,건조,맑음,교차로 - 교차로부근,승용,남,58세,상해없음,승용,남,28세,경상
2017071000100057,2017년 7월 10일 03시,월요일,대전광역시 서구 갈마동,경상사고,0,0,5,0,차대차 - 기타,신호위반,건조,맑음,교차로 - 교차로부근,승용,남,37세,경상,승용,남,22세,경상
2017071000100063,2017년 7월 10일 04시,월요일,대전광역시 서구 둔산동,경상사고,0,0,1,0,차대사람 - 횡단중,안전운전불이행,건조,맑음,교차로 - 교차로부근,승용,남,58세,상해없음,보행자,남,28세,경상
2017071000100070,2017년 7월 10일 05시,월요일,대전광역시 유성구 계산동,중상사고,0,1,0,0,차대차 - 측면충돌,신호위반,건조,맑음,교차로 - 교차로안,승용,남,55세,상해없음,승용,남,66세,중상
2017071000100071,2017년 7월 10일 05시,월요일,대전광역시 유성구 노은동,경상사고,0,0,1,0,차대차 - 추돌,안전운전불이행,건조,맑음,교차로 - 교차로안,승용,남,44세,상해없음,승용,남,74세,경상
2017071000100133,2017년 7월 10일 08시,월요일,대전광역시 중구 목동,경상사고,0,0,1,0,차대차 - 측면충돌,안전거리미확보,젖음/습기,비,교차로 - 교차로안,승용,남,69세,상해없음,승용,여,40세,상해없음
2017071000100134,2017년 7월 10일 08시,월요일,대전광역시 동구 대동,경상사고,0,0,1,0,차대사람 - 횡단중,보행자보호의무위반,젖음/습기,흐림,교차로 - 교차로부근,승용,여,44세,상해없음,보행자,여,56세,경상
2017071000100135,2017년 7월 10일 08시,월요일,대전광역시 유성구 신성동,부상신고사고,0,0,0,1,차대차 - 추돌,안전운전불이행,젖음/습기,비,단일로 - 기타,승용,남,33세,상해없음,승용,남,78세,부상신고
2017071000100136,2017년 7월 10일 08시,월요일,대전광역시 유성구 방동,부상신고사고,0,0,0,1,차대차 - 기타,안전운전불이행,젖음/습기,비,단일로 - 기타,승용,남,45세,부상신고,화물,남,48세,상해없음
2017071000100197,2017년 7월 10일 10시,월요일,대전광역시 중구 오류동,중상사고,0,2,1,0,차대차 - 기타,안전거리미확보,건조,맑음,교차로 - 교차로부근,승용,여,75세,상해없음,승용,남,65세,중상
2017071000100198,2017년 7월 10일 10시,월요일,대전광역시 대덕구 법동,중상사고,0,1,0,0,차대차 - 추돌,안전운전불이행,젖음/습기,비,단일로 - 기타,승용,남,36세,상해없음,승용,남,68세,중상
2017071000100199,2017년 7월 10일 10시,월요일,대전광역시 유성구 원신흥동,중상사고,0,1,0,0,차대차 - 추돌,안전운전불이행,건조,맑음,교차로 - 교차로횡단보도내,승용,남,32세,기타불명,승용,남,46세,중상
2017071000100225,2017년 7월 10일 11시,월요일,대전광역시 대덕구 신탄진동,경상사고,0,0,1,0,차대차 - 후진중충돌,안전운전불이행,젖음/습기,맑음,단일로 - 기타,화물,남,44세,상해없음,승용,남,49세,경상
2017071000100250,2017년 7월 10일 12시,월요일,대전광역시 동구 가양동,경상사고,0,0,1,0,차대차 - 측면충돌,교차로운행방법위반,건조,맑음,교차로 - 교차로안,승용,남,60세,상해없음,승용,남,65세,경상
2017071000100251,2017년 7월 10일 12시,월요일,대전광역시 대덕구 신탄진동,경상사고,0,0,2,0,차대차 - 추돌,교차로운행방법위반,건조,맑음,단일로 - 기타,화물,남,47세,상해없음,승용,남,23세,경상
2017071000100375,2017년 7월 10일 16시,월요일,대전광역시 서구 둔산동,중상사고,0,1,3,0,차대차 - 측면충돌,교차로운행방법위반,건조,맑음,교차로 - 교차로안,승용,여,44세,중상,승용,남,57세,경상
2017071000100416,2017년 7월 10일 17시,월요일,대전광역시 동구 가양동,경상사고,0,0,1,0,차대차 - 측면충돌,안전운전불이행,젖음/습기,비,단일로 - 기타,승용,남,52세,상해없음,승용,남,31세,경상
2017071000100417,2017년 7월 10일 17시,월요일,대전광역시 서구 둔산동,경상사고,0,0,1,0,차대차 - 기타,안전운전불이행,젖음/습기,비,단일로 - 기타,승용,남,33세,상해없음,승용,여,39세,경상
2017071000100418,2017년 7월 10일 17시,월요일,대전광역시 서구 탄방동,경상사고,0,0,1,0,차대차 - 기타,신호위반,젖음/습기,비,교차로 - 교차로횡단보도내,승용,남,53세,상해없음,승용,남,36세,경상
2017071000100448,2017년 7월 10일 18시,월요일,대전광역시 서구 월평동,경상사고,0,0,1,0,차대차 - 기타,안전거리미확보,젖음/습기,비,단일로 - 기타,승용,남,54세,상해없음,승용,여,42세,경상
2017071000100449,2017년 7월 10일 18시,월요일,대전광역시 유성구 도룡동,경상사고,0,0,1,0,차대차 - 추돌,안전운전불이행,건조,맑음,교차로 - 교차로부근,승용,여,30세,기타불명,승용,여,25세,경상
2017071000100505,2017년 7월 10일 20시,월요일,대전광역시 서구 도마동,경상사고,0,0,1,0,차대차 - 기타,안전운전불이행,건조,맑음,교차로 - 교차로안,승용,남,48세,상해없음,승용,남,57세,상해없음
2017071000100506,2017년 7월 10일 20시,월요일,대전광역시 유성구 봉명동,경상사고,0,0,1,0,차대차 - 추돌,교차로운행방법위반,건조,맑음,교차로 - 교차로안,승용,남,26세,상해없음,승용,남,25세,경상
2017071100100038,2017년 7월 11일 00시,화요일,대전광역시 중구 용두동,경상사고,0,0,1,0,차대사람 - 횡단중,보행자보호의무위반,젖음/습기,비,단일로 - 기타,승용,남,70세,상해없음,보행자,남,17세,경상
2017071100100053,2017년 7월 11일 01시,화요일,대전광역시 동구 삼성동,경상사고,0,0,1,0,차대차 - 측면충돌,안전운전불이행,젖음/습기,비,단일로 - 기타,승용,남,47세,상해없음,화물,남,37세,경상
2017071100100054,2017년 7월 11일 01시,화요일,대전광역시 유성구 신성동,경상사고,0,0,1,0,차대차 - 측면충돌,안전운전불이행,젖음/습기,비,단일로 - 기타,승용,남,39세,상해없음,승용,남,52세,경상
2017071100100172,2017년 7월 11일 09시,화요일,대전광역시 서구 월평동,경상사고,0,0,2,0,차대차 - 측면충돌,안전운전불이행,건조,맑음,교차로 - 교차로안,승용,남,56세,상해없음,승용,여,54세,경상
2017071100100203,2017년 7월 11일 10시,화요일,대전광역시 서구 변동,경상사고,0,0,1,0,차대차 - 측면충돌,교차로운행방법위반,건조,맑음,교차로 - 교차로안,승용,여,57세,상해없음,승용,남,59세,경상
2017071100100318,2017년 7월 11일 14시,화요일,대전광역시 중구 안영동,중상사고,0,1,2,0,차대차 - 측면충돌,안전운전불이행,건조,맑음,단일로 - 기타,원동기,남,67세,중상,화물,남,42세,경상
2017071100100319,2017년 7월 11일 14시,화요일,대전광역시 대덕구 비래동,경상사고,0,0,1,0,차대차 - 추돌,교차로운행방법위반,건조,맑음,교차로 - 교차로부근,승용,남,52세,상해없음,승용,여,51세,경상
2017071100100384,2017년 7월 11일 16시,화요일,대전광역시 유성구 봉명동,중상사고,0,1,0,0,차대차 - 기타,안전운전불이행,건조,맑음,단일로 - 기타,건설기계,남,59세,상해없음,자전거,여,22세,중상
2017071100100435,2017년 7월 11일 17시,화요일,대전광역시 서구 도마동,경상사고,0,0,1,0,차대차 - 추돌,안전운전불이행,건조,맑음,교차로 - 교차로부근,승용,남,64세,상해없음,화물,남,48세,경상
2017071100100436,2017년 7월 11일 17시,화요일,대전광역시 서구 탄방동,경상사고,0,0,3,0,차대차 - 추돌,안전운전불이행,건조,맑음,교차로 - 교차로부근,기타불명,기타불명,미분류,기타불명,기타불명,기타불명,미분류,기타불명
2017071100100474,2017년 7월 11일 18시,화요일,대전광역시 서구 탄방동,경상사고,0,0,1,0,차대사람 - 기타,안전운전불이행,건조,맑음,단일로 - 기타,승용,남,58세,기타불명,보행자,여,21세,경상
2017071100100507,2017년 7월 11일 19시,화요일,대전광역시 대덕구 송촌동,경상사고,0,0,1,0,차대사람 - 횡단중,안전운전불이행,건조,맑음,교차로 - 교차로안,승용,남,26세,상해없음,보행자,여,25세,경상
2017071100100546,2017년 7월 11일 20시,화요일,대전광역시 서구 둔산동,경상사고,0,0,3,0,차대차 - 기타,안전운전불이행,건조,맑음,단일로 - 기타,승용,남,24세,상해없음,승용,여,38세,경상
2017071100100627,2017년 7월 11일 23시,화요일,대전광역시 유성구 반석동,경상사고,0,0,1,0,차대차 - 추돌,안전운전불이행,건조,맑음,단일로 - 기타,승용,남,41세,상해없음,승용,남,39세,경상
2017071100100628,2017년 7월 11일 23시,화요일,대전광역시 유성구 전민동,경상사고,0,0,1,0,차대차 - 기타,안전운전불이행,건조,맑음,단일로 - 기타,승용,남,55세,상해없음,승용,여,27세,경상
2017071200100066,2017년 7월 12일 05시,수요일,대전광역시 유성구 노은동,경상사고,0,0,1,0,차대차 - 기타,안전거리미확보,건조,맑음,단일로 - 기타,특수,남,59세,상해없음,승용,여,62세,경상
2017071200100142,2017년 7월 12일 08시,수요일,대전광역시 동구 대동,중상사고,0,1,0,0,차대사람 - 횡단중,안전운전불이행,건조,맑음,교차로 - 교차로횡단보도내,화물,남,51세,상해없음,보행자,남,88세,중상
2017071200100143,2017년 7월 12일 08시,수요일,대전광역시 서구 괴정동,경상사고,0,0,1,0,차대사람 - 횡단중,안전운전불이행,건조,맑음,단일로 - 기타,승용,여,36세,상해없음,보행자,남,64세,경상
2017071200100144,2017년 7월 12일 08시,수요일,대전광역시 서구 가수원동,경상사고,0,0,1,0,차대차 - 측면충돌,안전운전불이행,건조,맑음,단일로 - 기타,승합,남,55세,상해없음,승용,여,47세,경상
2017071200100145,2017년 7월 12일 08시,수요일,대전광역시 대덕구 법동,중상사고,0,1,0,0,차대사람 - 횡단중,안전운전불이행,건조,맑음,단일로 - 기타,승용,남,40세,상해없음,보행자,남,12세,중상
2017071200100175,2017년 7월 12일 09시,수요일,대전광역시 중구 선화동,경상사고,0,0,2,0,차대차 - 정면충돌,안전거리미확보,건조,맑음,교차로 - 교차로안,승용,여,52세,경상,승용,남,28세,상해없음
2017071200100176,2017년 7월 12일 09시,수요일,대전광역시 서구 용문동,경상사고,0,0,1,0,차대차 - 추돌,안전운전불이행,건조,맑음,단일로 - 교량,승용,남,61세,상해없음,승용,남,48세,경상
2017071200100201,2017년 7월 12일 10시,수요일,대전광역시 서구 괴정동,중상사고,0,1,1,0,차대차 - 추돌,안전운전불이행,건조,맑음,단일로 - 기타,승용,남,54세,상해없음,승용,남,36세,중상
2017071200100225,2017년 7월 12일 11시,수요일,대전광역시 중구 사정동,경상사고,0,0,4,0,차대차 - 측면충돌,신호위반,건조,맑음,교차로 - 교차로안,승용,남,70세,경상,승용,남,58세,경상
2017071200100250,2017년 7월 12일 12시,수요일,대전광역시 서구 탄방동,경상사고,0,0,1,0,차대사람 - 횡단중,안전운전불이행,기타,맑음,주차장 - 주차장,승용,남,64세,상해없음,보행자,여,54세,경상
2017071200100340,2017년 7월 12일 15시,수요일,대전광역시 동구 신흥동,경상사고,0,0,1,0,차대차 - 기타,교차로운행방법위반,건조,맑음,교차로 - 교차로부근,승용,여,45세,상해없음,승용,남,31세,경상
2017071200100380,2017년 7월 12일 16시,수요일,대전광역시 중구 석교동,경상사고,0,0,1,0,차대차 - 측면충돌,중앙선침범,건조,맑음,교차로 - 교차로부근,자전거,남,70세,경상,승합,남,58세,상해없음
2017071200100381,2017년 7월 12일 16시,수요일,대전광역시 동구 용전동,경상사고,0,0,1,0,차대사람 - 횡단중,안전운전불이행,건조,맑음,주차장 - 주차장,승합,남,53세,기타불명,보행자,남,69세,경상
2017071200100382,2017년 7월 12일 16시,수요일,대전광역시 유성구 가정동,경상사고,0,0,3,2,차대차 - 정면충돌,신호위반,건조,맑음,교차로 - 교차로안,승용,여,55세,상해없음,승용,남,46세,경상
2017071200100483,2017년 7월 12일 18시,수요일,대전광역시 중구 중촌동,경상사고,0,0,1,0,차대차 - 측면충돌,안전운전불이행,젖음/습기,맑음,단일로 - 기타,승용,남,40세,상해없음,화물,남,72세,경상
2017071200100484,2017년 7월 12일 18시,수요일,대전광역시 유성구 원신흥동,경상사고,0,0,1,0,차대사람 - 기타,안전운전불이행,건조,맑음,단일로 - 기타,승용,남,58세,상해없음,보행자,남,48세,경상
2017071200100528,2017년 7월 12일 19시,수요일,대전광역시 서구 월평동,경상사고,0,0,4,0,차대차 - 기타,신호위반,건조,맑음,교차로 - 교차로안,승용,남,25세,경상,승용,남,61세,경상
2017071200100580,2017년 7월 12일 21시,수요일,대전광역시 유성구 용산동,경상사고,0,0,1,0,차대차 - 측면충돌,안전운전불이행,건조,맑음,교차로 - 교차로부근,승용,남,31세,상해없음,화물,남,38세,경상
2017071300100038,2017년 7월 13일 00시,목요일,대전광역시 대덕구 목상동,부상신고사고,0,0,0,2,차대사람 - 기타,안전운전불이행,건조,맑음,교차로 - 교차로안,승용,남,28세,기타불명,보행자,남,43세,부상신고
2017071300100070,2017년 7월 13일 06시,목요일,대전광역시 서구 도마동,경상사고,0,0,1,0,차대차 - 측면충돌,안전운전불이행,건조,맑음,단일로 - 기타,승용,남,34세,상해없음,화물,남,61세,경상
2017071300100071,2017년 7월 13일 06시,목요일,대전광역시 유성구 원신흥동,중상사고,0,1,0,0,차대사람 - 횡단중,신호위반,건조,맑음,교차로 - 교차로부근,건설기계,남,53세,상해없음,보행자,남,73세,중상
2017071300100072,2017년 7월 13일 06시,목요일,대전광역시 유성구 원내동,경상사고,0,0,1,0,차대차 - 추돌,안전운전불이행,건조,맑음,교차로 - 교차로부근,승용,남,43세,상해없음,승용,남,48세,경상
2017071300100073,2017년 7월 13일 06시,목요일,대전광역시 유성구 자운동,중상사고,0,1,2,0,차대차 - 정면충돌,신호위반,건조,맑음,교차로 - 교차로안,승합,남,32세,중상,승용,남,31세,경상
2017071300100135,2017년 7월 13일 08시,목요일,대전광역시 대덕구 읍내동,경상사고,0,0,2,0,차대차 - 측면충돌,안전거리미확보,건조,맑음,단일로 - 기타,화물,남,58세,상해없음,승용,남,46세,경상
2017071300100159,2017년 7월 13일 09시,목요일,대전광역시 대덕구 오정동,경상사고,0,0,1,0,차대차 - 측면충돌,안전거리미확보,건조,맑음,단일로 - 교량,승용,남,57세,상해없음,원동기,남,64세,경상
2017071300100279,2017년 7월 13일 13시,목요일,대전광역시 동구 삼성동,경상사고,0,0,1,0,차대차 - 측면충돌,교차로운행방법위반,건조,맑음,교차로 - 교차로안,승용,남,44세,상해없음,승용,남,54세,경상
2017071300100317,2017년 7월 13일 14시,목요일,대전광역시 중구 옥계동,중상사고,0,1,0,0,차대차 - 측면충돌,안전운전불이행,건조,맑음,교차로 - 교차로안,승용,남,59세,상해없음,자전거,여,68세,중상
2017071300100318,2017년 7월 13일 14시,목요일,대전광역시 동구 대동,경상사고,0,0,1,0,차대차 - 측면충돌,안전운전불이행,건조,맑음,단일로 - 기타,화물,남,24세,상해없음,원동기,남,32세,경상
2017071300100319,2017년 7월 13일 14시,목요일,대전광역시 서구 도마동,중상사고,0,1,0,0,차대차 - 측면충돌,안전운전불이행,건조,맑음,단일로 - 기타,이륜,남,72세,중상,화물,남,47세,상해없음
2017071300100320,2017년 7월 13일 14시,목요일,대전광역시 유성구 갑동,중상사고,0,1,0,0,차량단독 - 기타,기타,건조,맑음,단일로 - 기타,승합,남,44세,기타불명,,,,
2017071300100345,2017년 7월 13일 15시,목요일,대전광역시 서구 도마동,경상사고,0,0,1,0,차대사람 - 차도통행중,안전운전불이행,건조,맑음,단일로 - 기타,승용,여,29세,상해없음,보행자,남,33세,경상
2017071300100346,2017년 7월 13일 15시,목요일,대전광역시 서구 탄방동,중상사고,0,1,0,0,차대차 - 측면충돌,안전운전불이행,건조,맑음,교차로 - 교차로횡단보도내,화물,남,59세,상해없음,자전거,남,49세,중상
2017071300100446,2017년 7월 13일 18시,목요일,대전광역시 동구 낭월동,경상사고,0,0,1,0,차대차 - 정면충돌,직진우회전진행방해,건조,맑음,교차로 - 교차로안,승용,남,25세,상해없음,이륜,남,25세,경상
2017071300100447,2017년 7월 13일 18시,목요일,대전광역시 서구 가장동,경상사고,0,0,2,0,차대차 - 정면충돌,안전운전불이행,건조,맑음,단일로 - 기타,승용,남,41세,상해없음,승용,여,27세,경상