사고번호,사고일시,요일,시군구,사고내용,사망자수,중상자수,경상자수,부상신고자수,사고유형,법규위반,노면상태,기상상태,도로형태,가해운전자 차종,가해운전자 성별,가해운전자 연령,가해운전자 상해정도,피해운전자 차종,피해운전자 성별,피해운전자 연령,피해운전자 상해정도
2017072500100073,2017년 7월 25일 05시,화요일,대전광역시 유성구 구암동,경상사고,0,0,2,0,차대차 - 정면충돌,신호위반,건조,맑음,교차로 - 교차로안,승용,여,21세,상해없음,승용,남,31세,경상
2017072500100152,2017년 7월 25일 08시,화요일,대전광역시 서구 도마동,중상사고,0,1,2,0,차대차 - 측면충돌,안전운전불이행,건조,맑음,교차로 - 교차로부근,승용,남,54세,상해없음,승용,여,43세,경상
2017072500100153,2017년 7월 25일 08시,화요일,대전광역시 서구 둔산동,부상신고사고,0,0,0,1,차량단독 - 전도전복,안전운전불이행,건조,맑음,단일로 - 기타,자전거,여,49세,부상신고,미분류,미분류,미분류,미분류
2017072500100211,2017년 7월 25일 10시,화요일,대전광역시 서구 월평동,경상사고,0,0,1,1,차대차 - 기타,교차로운행방법위반,건조,맑음,교차로 - 교차로안,이륜,남,39세,부상신고,승용,여,50세,경상
2017072500100275,2017년 7월 25일 12시,화요일,대전광역시 동구 신흥동,경상사고,0,0,1,0,차대차 - 측면충돌,중앙선침범,건조,맑음,단일로 - 기타,승용,남,66세,상해없음,승용,여,51세,경상
2017072500100304,2017년 7월 25일 13시,화요일,대전광역시 동구 자양동,중상사고,0,1,2,0,차대차 - 측면충돌,안전운전불이행,건조,맑음,단일로 - 기타,승용,여,31세,상해없음,승용,남,46세,경상
2017072500100305,2017년 7월 25일 13시,화요일,대전광역시 대덕구 비래동,경상사고,0,0,1,0,차대사람 - 기타,안전운전불이행,건조,맑음,단일로 - 기타,화물,남,63세,상해없음,보행자,여,42세,경상
2017072500100343,2017년 7월 25일 14시,화요일,대전광역시 대덕구 평촌동,경상사고,0,0,1,1,차대차 - 기타,교차로운행방법위반,건조,맑음,단일로 - 기타,화물,남,45세,상해없음,승용,여,23세,경상
2017072500100382,2017년 7월 25일 15시,화요일,대전광역시 동구 홍도동,경상사고,0,0,1,0,차대차 - 측면충돌,안전운전불이행,건조,맑음,단일로 - 기타,화물,남,50세,상해없음,승용,남,45세,경상
2017072500100383,2017년 7월 25일 15시,화요일,대전광역시 동구 용전동,경상사고,0,0,1,0,차대차 - 측면충돌,안전운전불이행,건조,맑음,교차로 - 교차로안,승용,여,26세,상해없음,이륜,여,49세,경상
2017072500100425,2017년 7월 25일 16시,화요일,대전광역시 서구 탄방동,경상사고,0,0,2,0,차대차 - 기타,안전운전불이행,건조,맑음,교차로 - 교차로안,승용,남,24세,경상,승합,남,50세,경상
2017072500100465,2017년 7월 25일 17시,화요일,대전광역시 대덕구 오정동,경상사고,0,0,3,1,차대차 - 기타,교차로운행방법위반,건조,맑음,교차로 - 교차로부근,화물,남,45세,상해없음,승합,남,70세,부상신고
2017072500100466,2017년 7월 25일 17시,화요일,대전광역시 서구 둔산동,경상사고,0,0,1,0,차대차 - 정면충돌,안전거리미확보,건조,흐림,단일로 - 기타,건설기계,남,61세,상해없음,승용,여,40세,경상
2017072500100467,2017년 7월 25일 17시,화요일,대전광역시 유성구 봉명동,경상사고,0,0,4,0,차대차 - 기타,안전운전불이행,건조,맑음,교차로 - 교차로부근,화물,남,57세,상해없음,승합,남,45세,경상
2017072500100507,2017년 7월 25일 18시,화요일,대전광역시 중구 중촌동,경상사고,0,0,1,0,차대사람 - 길가장자리구역통행중,안전운전불이행,건조,맑음,단일로 - 기타,이륜,남,21세,상해없음,보행자,남,14세,경상
2017072500100508,2017년 7월 25일 18시,화요일,대전광역시 서구 둔산동,경상사고,0,0,1,0,차대차 - 정면충돌,안전운전불이행,건조,맑음,교차로 - 교차로안,화물,남,66세,상해없음,이륜,남,36세,경상
2017072500100534,2017년 7월 25일 19시,화요일,대전광역시 유성구 송강동,중상사고,0,1,0,0,차대사람 - 횡단중,안전운전불이행,건조,맑음,단일로 - 기타,승용,여,47세,상해없음,보행자,여,8세,중상
2017072500100647,2017년 7월 25일 23시,화요일,대전광역시 중구 유천동,경상사고,0,0,1,0,차대차 - 측면충돌,안전운전불이행,건조,맑음,교차로 - 교차로안,자전거,남,16세,상해없음,승용,남,48세,상해없음
2017072500100648,2017년 7월 25일 23시,화요일,대전광역시 서구 용문동,경상사고,0,0,1,0,차대차 - 측면충돌,안전운전불이행,건조,맑음,교차로 - 교차로안,승용,남,72세,상해없음,승용,남,28세,경상
2017072600100050,2017년 7월 26일 02시,수요일,대전광역시 중구 선화동,경상사고,0,0,3,0,차대차 - 측면충돌,안전운전불이행,건조,맑음,교차로 - 교차로안,승용,남,27세,상해없음,승용,남,34세,경상
2017072600100082,2017년 7월 26일 05시,수요일,대전광역시 중구 태평동,중상사고,0,1,0,0,차대사람 - 횡단중,안전운전불이행,건조,맑음,단일로 - 기타,승합,남,80세,상해없음,보행자,여,72세,중상
2017072600100095,2017년 7월 26일 06시,수요일,대전광역시 서구 월평동,중상사고,0,1,0,0,차대차 - 측면충돌,신호위반,건조,맑음,교차로 - 교차로안,승용,남,66세,상해없음,이륜,남,33세,중상
2017072600100112,2017년 7월 26일 07시,수요일,대전광역시 대덕구 송촌동,경상사고,0,0,1,0,차대차 - 기타,안전운전불이행,건조,맑음,단일로 - 기타,승용,남,50세,상해없음,자전거,여,13세,경상
2017072600100155,2017년 7월 26일 08시,수요일,대전광역시 서구 괴정동,중상사고,0,1,0,0,차대사람 - 횡단중,안전운전불이행,건조,맑음,단일로 - 기타,승용,여,41세,상해없음,보행자,여,85세,중상
2017072600100188,2017년 7월 26일 09시,수요일,대전광역시 서구 월평동,경상사고,0,0,1,0,차대차 - 추돌,안전운전불이행,건조,맑음,교차로 - 교차로안,승용,여,37세,상해없음,화물,남,47세,경상
2017072600100189,2017년 7월 26일 09시,수요일,대전광역시 서구 월평동,중상사고,0,1,0,0,차대차 - 추돌,안전거리미확보,건조,맑음,단일로 - 기타,승용,남,71세,상해없음,승용,여,52세,중상
2017072600100220,2017년 7월 26일 10시,수요일,대전광역시 중구 선화동,경상사고,0,0,2,0,차대차 - 측면충돌,안전운전불이행,건조,맑음,단일로 - 기타,화물,남,68세,상해없음,승용,남,28세,경상
2017072600100221,2017년 7월 26일 10시,수요일,대전광역시 유성구 교촌동,경상사고,0,0,1,0,차대차 - 측면충돌,교차로운행방법위반,건조,맑음,교차로 - 교차로안,승용,남,47세,상해없음,승용,여,42세,경상
2017072600100257,2017년 7월 26일 11시,수요일,대전광역시 동구 가양동,부상신고사고,0,0,0,1,차대차 - 정면충돌,안전운전불이행,건조,맑음,단일로 - 기타,이륜,남,23세,상해없음,자전거,남,47세,부상신고
2017072600100258,2017년 7월 26일 11시,수요일,대전광역시 유성구 궁동,경상사고,0,0,1,0,차대차 - 추돌,안전운전불이행,건조,맑음,단일로 - 기타,승용,남,56세,상해없음,승용,여,31세,경상
2017072600100351,2017년 7월 26일 14시,수요일,대전광역시 유성구 지족동,경상사고,0,0,1,0,차대사람 - 횡단중,보행자보호의무위반,건조,맑음,교차로 - 교차로횡단보도내,승용,남,59세,상해없음,보행자,남,7세,경상
2017072600100388,2017년 7월 26일 15시,수요일,대전광역시 중구 태평동,경상사고,0,0,1,0,차대차 - 측면충돌,안전거리미확보,건조,맑음,교차로 - 교차로부근,승용,남,65세,상해없음,승용,남,71세,경상
2017072600100389,2017년 7월 26일 15시,수요일,대전광역시 대덕구 문평동,경상사고,0,0,1,0,차대차 - 기타,안전운전불이행,건조,맑음,단일로 - 교량,화물,남,41세,기타불명,승용,남,55세,경상
2017072600100390,2017년 7월 26일 15시,수요일,대전광역시 서구 갈마동,경상사고,0,0,1,0,차대차 - 측면충돌,신호위반,건조,맑음,교차로 - 교차로안,화물,남,53세,상해없음,화물,남,39세,경상
2017072600100391,2017년 7월 26일 15시,수요일,대전광역시 유성구 전민동,중상사고,0,1,0,0,차대사람 - 횡단중,안전운전불이행,건조,맑음,단일로 - 기타,승용,남,60세,상해없음,보행자,남,4세,중상
2017072600100482,2017년 7월 26일 17시,수요일,대전광역시 중구 중촌동,경상사고,0,0,3,0,차대차 - 추돌,안전거리미확보,건조,맑음,교차로 - 교차로부근,승용,남,38세,상해없음,승용,남,63세,경상
2017072600100583,2017년 7월 26일 20시,수요일,대전광역시 서구 복수동,중상사고,0,1,0,0,차대차 - 추돌,안전운전불이행,건조,맑음,교차로 - 교차로부근,승용,남,56세,상해없음,승용,남,38세,중상
2017072600100651,2017년 7월 26일 22시,수요일,대전광역시 동구 용운동,중상사고,0,1,0,0,차대차 - 측면충돌,안전운전불이행,건조,맑음,단일로 - 기타,화물,남,37세,상해없음,원동기,남,41세,중상
2017072600100677,2017년 7월 26일 23시,수요일,대전광역시 유성구 노은동,경상사고,0,0,2,0,차대차 - 기타,안전운전불이행,건조,맑음,교차로 - 교차로안,승용,남,50세,상해없음,승용,남,55세,경상
2017072700100045,2017년 7월 27일 00시,목요일,대전광역시 동구 가양동,경상사고,0,0,1,0,차대차 - 측면충돌,안전운전불이행,건조,맑음,단일로 - 기타,승용,남,41세,상해없음,이륜,남,24세,경상
2017072700100046,2017년 7월 27일 00시,목요일,대전광역시 동구 가양동,중상사고,0,1,0,0,차대차 - 측면충돌,중앙선침범,건조,맑음,단일로 - 기타,승용,남,54세,상해없음,이륜,남,42세,중상
2017072700100047,2017년 7월 27일 00시,목요일,대전광역시 유성구 구암동,중상사고,0,2,0,0,차대차 - 기타,신호위반,건조,맑음,교차로 - 교차로안,승용,남,56세,기타불명,승용,남,65세,중상
2017072700100069,2017년 7월 27일 02시,목요일,대전광역시 동구 대동,경상사고,0,0,2,0,차대차 - 측면충돌,과속,건조,맑음,교차로 - 교차로안,승용,남,53세,경상,승용,남,58세,상해없음
2017072700100130,2017년 7월 27일 07시,목요일,대전광역시 대덕구 신탄진동,경상사고,0,0,1,0,차대사람 - 횡단중,안전운전불이행,건조,맑음,단일로 - 기타,승용,여,57세,상해없음,보행자,여,39세,경상
2017072700100196,2017년 7월 27일 09시,목요일,대전광역시 대덕구 오정동,경상사고,0,0,4,1,차대차 - 기타,불법유턴,건조,맑음,단일로 - 기타,이륜,남,72세,경상,승합,남,46세,경상
2017072700100222,2017년 7월 27일 10시,목요일,대전광역시 대덕구 대화동,경상사고,0,0,1,0,차대차 - 기타,안전운전불이행,젖음/습기,흐림,교차로 - 교차로안,승용,남,24세,상해없음,자전거,남,46세,경상
2017072700100250,2017년 7월 27일 11시,목요일,대전광역시 대덕구 신대동,경상사고,0,0,1,0,차대사람 - 횡단중,안전운전불이행,건조,맑음,주차장 - 주차장,승용,남,35세,상해없음,보행자,남,57세,경상
2017072700100316,2017년 7월 27일 13시,목요일,대전광역시 유성구 방현동,경상사고,0,0,1,0,차대차 - 기타,안전운전불이행,건조,맑음,교차로 - 교차로안,화물,남,60세,상해없음,승용,여,41세,경상
2017072700100345,2017년 7월 27일 14시,목요일,대전광역시 유성구 도룡동,경상사고,0,0,1,0,차대차 - 기타,안전거리미확보,건조,맑음,교차로 - 교차로부근,화물,남,43세,상해없음,승용,남,53세,경상
2017072700100386,2017년 7월 27일 15시,목요일,대전광역시 서구 용문동,경상사고,0,0,1,0,차대차 - 측면충돌,안전운전불이행,건조,맑음,기타 - 기타,기타불명,기타불명,미분류,기타불명,승용,여,47세,경상
2017072700100474,2017년 7월 27일 17시,목요일,대전광역시 중구 선화동,중상사고,0,1,2,1,차대차 - 측면충돌,안전거리미확보,건조,맑음,단일로 - 기타,승용,남,47세,중상,승용,여,56세,경상
2017072700100475,2017년 7월 27일 17시,목요일,대전광역시 서구 갈마동,경상사고,0,0,1,0,차대차 - 정면충돌,신호위반,건조,맑음,교차로 - 교차로안,승용,남,67세,상해없음,승용,남,62세,경상
2017072700100523,2017년 7월 27일 18시,목요일,대전광역시 대덕구 중리동,경상사고,0,0,1,0,차대차 - 측면충돌,안전운전불이행,건조,맑음,교차로 - 교차로안,승용,여,24세,상해없음,원동기,남,24세,경상
2017072700100524,2017년 7월 27일 18시,목요일,대전광역시 대덕구 송촌동,부상신고사고,0,0,0,1,차대사람 - 기타,안전거리미확보,건조,맑음,교차로 - 교차로부근,승용,남,51세,상해없음,보행자,남,4세,부상신고
2017072700100544,2017년 7월 27일 19시,목요일,대전광역시 서구 갈마동,경상사고,0,0,1,0,차대차 - 측면충돌,안전운전불이행,건조,맑음,교차로 - 교차로안,승용,여,29세,상해없음,승용,남,45세,상해없음
2017072700100565,2017년 7월 27일 20시,목요일,대전광역시 서구 둔산동,중상사고,0,1,0,0,차량단독 - 기타,안전운전불이행,건조,맑음,교차로 - 교차로부근,승합,남,57세,상해없음,,,,
2017072700100597,2017년 7월 27일 21시,목요일,대전광역시 중구 대흥동,경상사고,0,0,1,0,차대사람 - 기타,안전운전불이행,건조,맑음,교차로 - 교차로안,승용,남,52세,상해없음,보행자,여,55세,경상
2017072700100598,2017년 7월 27일 21시,목요일,대전광역시 중구 태평동,중상사고,0,1,0,0,차대차 - 측면충돌,안전거리미확보,건조,맑음,교차로 - 교차로안,승용,남,58세,상해없음,승용,여,55세,중상
2017072700100630,2017년 7월 27일 22시,목요일,대전광역시 유성구 봉명동,중상사고,0,1,0,0,차대차 - 기타,안전운전불이행,건조,맑음,단일로 - 기타,승합,남,40세,상해없음,개인형이동수단(PM),남,22세,중상
2017072700100660,2017년 7월 27일 23시,목요일,대전광역시 대덕구 석봉동,경상사고,0,0,3,0,차대차 - 기타,중앙선침범,건조,맑음,단일로 - 기타,승용,남,46세,상해없음,이륜,남,51세,경상
2017072700100661,2017년 7월 27일 23시,목요일,대전광역시 대덕구 신탄진동,경상사고,0,0,2,0,차대차 - 측면충돌,중앙선침범,건조,맑음,단일로 - 기타,승용,남,46세,상해없음,승용,남,55세,경상
2017072800100105,2017년 7월 28일 05시,금요일,대전광역시 서구 용문동,경상사고,0,0,1,0,차대차 - 측면충돌,신호위반,건조,맑음,교차로 - 교차로안,이륜,남,15세,상해없음,승용,남,65세,상해없음
2017072800100116,2017년 7월 28일 06시,금요일,대전광역시 동구 구도동,경상사고,0,0,1,0,차대차 - 측면충돌,신호위반,건조,맑음,교차로 - 교차로안,승용,남,57세,상해없음,승용,남,35세,경상
2017072800100140,2017년 7월 28일 07시,금요일,대전광역시 서구 용문동,경상사고,0,0,1,0,차대차 - 추돌,안전운전불이행,건조,맑음,단일로 - 기타,승용,남,54세,상해없음,승용,남,28세,경상
2017072800100172,2017년 7월 28일 08시,금요일,대전광역시 서구 변동,경상사고,0,0,1,0,차대차 - 측면충돌,신호위반,건조,맑음,교차로 - 교차로안,승용,여,55세,상해없음,승용,남,27세,경상
2017072800100201,2017년 7월 28일 09시,금요일,대전광역시 서구 복수동,경상사고,0,0,1,0,차대차 - 측면충돌,안전운전불이행,건조,맑음,교차로 - 교차로안,승용,남,57세,상해없음,승용,여,47세,경상
2017072800100202,2017년 7월 28일 09시,금요일,대전광역시 대덕구 오정동,경상사고,0,0,1,0,차대차 - 기타,교차로운행방법위반,건조,맑음,교차로 - 교차로안,화물,남,52세,상해없음,승용,여,58세,경상
2017072800100352,2017년 7월 28일 14시,금요일,대전광역시 중구 석교동,경상사고,0,0,1,0,차대차 - 측면충돌,신호위반,건조,맑음,교차로 - 교차로부근,화물,남,62세,상해없음,승용,남,54세,경상
2017072800100353,2017년 7월 28일 14시,금요일,대전광역시 중구 목동,경상사고,0,0,1,0,차대차 - 측면충돌,중앙선침범,건조,맑음,단일로 - 기타,승용,여,30세,상해없음,승용,남,50세,경상
2017072800100424,2017년 7월 28일 16시,금요일,대전광역시 중구 태평동,경상사고,0,0,1,0,차량단독 - 기타,기타,건조,맑음,단일로 - 기타,승합,남,55세,상해없음,,,,
2017072800100425,2017년 7월 28일 16시,금요일,대전광역시 유성구 봉명동,경상사고,0,0,1,0,차대차 - 기타,안전운전불이행,건조,맑음,단일로 - 기타,승용,여,57세,상해없음,승용,남,32세,경상
2017072800100466,2017년 7월 28일 17시,금요일,대전광역시 중구 용두동,경상사고,0,0,1,0,차대차 - 추돌,안전운전불이행,건조,맑음,교차로 - 교차로부근,승용,남,50세,상해없음,승용,남,27세,경상
2017072800100573,2017년 7월 28일 20시,금요일,대전광역시 서구 도마동,경상사고,0,0,2,0,차대사람 - 기타,안전거리미확보,건조,맑음,단일로 - 기타,승용,남,48세,경상,보행자,남,58세,경상
2017072800100651,2017년 7월 28일 22시,금요일,대전광역시 동구 성남동,경상사고,0,0,1,0,차대차 - 측면충돌,안전운전불이행,건조,맑음,단일로 - 기타,승용,여,50세,상해없음,승용,여,45세,경상
2017072800100652,2017년 7월 28일 22시,금요일,대전광역시 대덕구 오정동,경상사고,0,0,1,0,차대사람 - 횡단중,안전운전불이행,건조,맑음,단일로 - 기타,승용,남,65세,상해없음,보행자,남,47세,경상
2017072800100653,2017년 7월 28일 22시,금요일,대전광역시 유성구 노은동,중상사고,0,1,0,0,차대차 - 측면충돌,안전운전불이행,건조,맑음,단일로 - 기타,승용,남,54세,상해없음,승용,남,32세,중상
2017072800100678,2017년 7월 28일 23시,금요일,대전광역시 유성구 봉명동,경상사고,0,0,2,0,차대차 - 추돌,안전운전불이행,건조,맑음,단일로 - 기타,승용,남,34세,상해없음,승용,남,47세,경상
2017072900100036,2017년 7월 29일 00시,토요일,대전광역시 대덕구 대화동,경상사고,0,0,1,1,차대차 - 추돌,안전운전불이행,젖음/습기,흐림,단일로 - 기타,승용,남,28세,기타불명,승용,남,42세,부상신고
2017072900100037,2017년 7월 29일 00시,토요일,대전광역시 서구 갈마동,경상사고,0,0,4,0,차대차 - 측면충돌,안전운전불이행,건조,맑음,교차로 - 교차로안,승용,남,19세,경상,승용,남,39세,경상
2017072900100055,2017년 7월 29일 01시,토요일,대전광역시 중구 대흥동,경상사고,0,0,1,0,차대차 - 측면충돌,직진우회전진행방해,건조,맑음,교차로 - 교차로안,승용,남,35세,기타불명,승용,남,66세,경상
2017072900100056,2017년 7월 29일 01시,토요일,대전광역시 서구 둔산동,경상사고,0,0,1,0,차대차 - 기타,안전운전불이행,건조,맑음,단일로 - 기타,승용,남,25세,상해없음,승용,남,35세,경상
2017072900100073,2017년 7월 29일 02시,토요일,대전광역시 서구 둔산동,사망사고,1,0,0,0,차대사람 - 횡단중,과속,젖음/습기,비,단일로 - 기타,승용,여,36세,상해없음,보행자,남,39세,사망
2017072900100074,2017년 7월 29일 02시,토요일,대전광역시 서구 둔산동,경상사고,0,0,2,0,차대차 - 추돌,안전운전불이행,건조,맑음,단일로 - 기타,승용,남,20세,상해없음,승용,남,60세,경상
2017072900100093,2017년 7월 29일 03시,토요일,대전광역시 유성구 궁동,중상사고,0,1,0,0,차량단독 - 전도전복 - 전도,과속,젖음/습기,비,단일로 - 기타,승용,남,42세,상해없음,,,,
2017072900100109,2017년 7월 29일 04시,토요일,대전광역시 동구 용전동,경상사고,0,0,2,0,차대차 - 기타,중앙선침범,건조,맑음,단일로 - 기타,승용,남,18세,상해없음,승용,남,20세,경상
2017072900100153,2017년 7월 29일 07시,토요일,대전광역시 서구 괴곡동,중상사고,0,1,0,0,차대차 - 측면충돌,안전운전불이행,건조,맑음,단일로 - 기타,기타불명,기타불명,미분류,기타불명,자전거,여,60세,중상
2017072900100216,2017년 7월 29일 10시,토요일,대전광역시 유성구 장대동,경상사고,0,0,2,0,차대차 - 추돌,안전거리미확보,건조,맑음,단일로 - 기타,화물,남,56세,상해없음,승용,남,39세,상해없음
2017072900100251,2017년 7월 29일 11시,토요일,대전광역시 대덕구 법동,경상사고,0,0,1,0,차대차 - 측면충돌,안전운전불이행,건조,맑음,교차로 - 교차로안,화물,남,37세,상해없음,자전거,남,70세,경상
2017072900100252,2017년 7월 29일 11시,토요일,대전광역시 서구 둔산동,경상사고,0,0,1,0,차대차 - 기타,안전거리미확보,건조,맑음,단일로 - 기타,승용,남,28세,상해없음,승용,여,34세,경상
2017072900100253,2017년 7월 29일 11시,토요일,대전광역시 유성구 봉명동,경상사고,0,0,1,0,차대사람 - 횡단중,안전운전불이행,건조,맑음,단일로 - 기타,승용,남,56세,상해없음,보행자,여,49세,경상
2017072900100292,2017년 7월 29일 12시,토요일,대전광역시 서구 복수동,경상사고,0,0,1,0,차대차 - 측면충돌,안전운전불이행,건조,맑음,교차로 - 교차로안,기타불명,기타불명,미분류,기타불명,자전거,남,11세,경상
2017072900100293,2017년 7월 29일 12시,토요일,대전광역시 서구 둔산동,경상사고,0,0,1,0,차대차 - 기타,안전운전불이행,건조,맑음,단일로 - 기타,승용,남,45세,상해없음,승용,여,30세,경상
2017072900100315,2017년 7월 29일 13시,토요일,대전광역시 대덕구 법동,경상사고,0,0,3,0,차대차 - 추돌,안전운전불이행,건조,맑음,단일로 - 기타,특수,남,50세,상해없음,승용,남,53세,경상
2017072900100329,2017년 7월 29일 13시,토요일,대전광역시 중구 산성동,경상사고,0,0,3,0,차대차 - 측면충돌,교차로운행방법위반,건조,맑음,교차로 - 교차로안,승용,여,64세,상해없음,승용,여,48세,경상
2017072900100362,2017년 7월 29일 14시,토요일,대전광역시 중구 문화동,경상사고,0,0,2,0,차대차 - 추돌,안전운전불이행,건조,맑음,교차로 - 교차로안,승용,여,54세,상해없음,승용,여,45세,경상
2017072900100363,2017년 7월 29일 14시,토요일,대전광역시 서구 탄방동,경상사고,0,0,3,0,차대차 - 추돌,안전운전불이행,건조,맑음,단일로 - 기타,승용,남,21세,상해없음,승용,여,31세,경상
2017072900100364,2017년 7월 29일 14시,토요일,대전광역시 서구 갈마동,경상사고,0,0,3,0,차대차 - 측면충돌,안전운전불이행,건조,맑음,단일로 - 기타,승용,남,65세,상해없음,승용,여,59세,경상
2017072900100392,2017년 7월 29일 15시,토요일,대전광역시 서구 둔산동,경상사고,0,0,1,0,차대차 - 기타,안전운전불이행,건조,맑음,단일로 - 기타,승용,남,54세,상해없음,승용,남,29세,경상
2017072900100436,2017년 7월 29일 16시,토요일,대전광역시 중구 유천동,경상사고,0,0,2,0,차대차 - 측면충돌,안전운전불이행,건조,맑음,단일로 - 기타,화물,남,64세,상해없음,승용,남,33세,경상
2017072900100437,2017년 7월 29일 16시,토요일,대전광역시 서구 가수원동,중상사고,0,1,7,0,차대차 - 추돌,안전운전불이행,건조,맑음,단일로 - 기타,승용,남,64세,상해없음,승용,남,45세,경상
2017072900100468,2017년 7월 29일 17시,토요일,대전광역시 동구 삼괴동,경상사고,0,0,1,0,차대차 - 기타,안전운전불이행,건조,맑음,단일로 - 기타,승용,남,74세,상해없음,승용,여,29세,경상
2017072900100507,2017년 7월 29일 18시,토요일,대전광역시 중구 사정동,경상사고,0,0,1,0,차대차 - 측면충돌,중앙선침범,건조,맑음,단일로 - 기타,화물,남,75세,상해없음,승용,남,36세,경상
2017072900100508,2017년 7월 29일 18시,토요일,대전광역시 대덕구 덕암동,중상사고,0,1,0,0,차대차 - 측면충돌,안전운전불이행,건조,맑음,단일로 - 기타,승용,남,63세,상해없음,이륜,남,21세,중상
2017072900100509,2017년 7월 29일 18시,토요일,대전광역시 유성구 구암동,경상사고,0,0,2,0,차대차 - 측면충돌,안전운전불이행,건조,맑음,교차로 - 교차로안,승용,남,34세,기타불명,승용,남,55세,경상
2017072900100587,2017년 7월 29일 21시,토요일,대전광역시 중구 유천동,경상사고,0,0,4,0,차대차 - 추돌,안전운전불이행,건조,맑음,단일로 - 기타,승용,남,26세,상해없음,승용,여,29세,경상
2017072900100604,2017년 7월 29일 22시,토요일,대전광역시 서구 월평동,경상사고,0,0,1,0,차대차 - 기타,안전운전불이행,건조,맑음,교차로 - 교차로안,이륜,남,22세,경상,승용,남,61세,상해없음
2017072900100605,2017년 7월 29일 22시,토요일,대전광역시 유성구 지족동,경상사고,0,0,1,0,차대사람 - 횡단중,안전운전불이행,건조,맑음,교차로 - 교차로횡단보도내,기타불명,기타불명,미분류,기타불명,보행자,여,18세,경상
2017073000100051,2017년 7월 30일 01시,일요일,대전광역시 서구 월평동,중상사고,0,1,1,0,차대사람 - 횡단중,보행자보호의무위반,건조,맑음,교차로 - 교차로횡단보도내,승용,남,55세,상해없음,보행자,여,63세,중상
2017073000100052,2017년 7월 30일 01시,일요일,대전광역시 서구 월평동,경상사고,0,0,2,0,차대차 - 기타,안전운전불이행,건조,맑음,교차로 - 교차로부근,승용,남,23세,상해없음,승용,남,62세,경상
2017073000100062,2017년 7월 30일 02시,일요일,대전광역시 유성구 장대동,경상사고,0,0,1,0,차대차 - 기타,신호위반,건조,맑음,교차로 - 교차로횡단보도내,승용,남,40세,상해없음,개인형이동수단(PM),남,54세,경상
2017073000100091,2017년 7월 30일 05시,일요일,대전광역시 서구 탄방동,경상사고,0,0,1,0,차대차 - 추돌,안전운전불이행,건조,맑음,교차로 - 교차로부근,승용,여,41세,상해없음,승용,남,60세,경상
2017073000100111,2017년 7월 30일 07시,일요일,대전광역시 서구 둔산동,중상사고,0,1,0,0,차량단독 - 공작물충돌,안전운전불이행,건조,맑음,교차로 - 교차로부근,승용,여,28세,중상,,,,
2017073000100125,2017년 7월 30일 08시,일요일,대전광역시 중구 선화동,중상사고,0,2,0,0,차대차 - 측면충돌,신호위반,건조,맑음,교차로 - 교차로안,승용,남,50세,상해없음,승용,남,62세,중상
2017073000100180,2017년 7월 30일 11시,일요일,대전광역시 중구 용두동,경상사고,0,0,1,0,차대차 - 측면충돌,안전운전불이행,건조,맑음,단일로 - 기타,원동기,남,32세,경상,승용,남,48세,상해없음
2017073000100321,2017년 7월 30일 17시,일요일,대전광역시 대덕구 석봉동,경상사고,0,0,2,0,차대차 - 기타,교차로운행방법위반,건조,맑음,교차로 - 교차로안,승용,남,64세,기타불명,승합,남,40세,경상
2017073000100348,2017년 7월 30일 18시,일요일,대전광역시 서구 변동,중상사고,0,1,0,0,차대차 - 측면충돌,직진우회전진행방해,건조,맑음,교차로 - 교차로안,승용,남,58세,상해없음,이륜,남,20세,중상
2017073000100375,2017년 7월 30일 19시,일요일,대전광역시 서구 갈마동,경상사고,0,0,1,0,차대차 - 기타,안전운전불이행,건조,맑음,단일로 - 기타,승용,여,26세,상해없음,승용,남,59세,경상
2017073000100376,2017년 7월 30일 19시,일요일,대전광역시 유성구 장대동,부상신고사고,0,0,0,1,차대차 - 측면충돌,안전거리미확보,건조,맑음,교차로 - 교차로부근,이륜,남,23세,부상신고,화물,남,49세,상해없음
2017073000100400,2017년 7월 30일 20시,일요일,대전광역시 대덕구 오정동,경상사고,0,0,1,0,차대차 - 측면충돌,교차로운행방법위반,건조,맑음,교차로 - 교차로안,승용,남,36세,상해없음,승용,남,66세,경상
2017073000100427,2017년 7월 30일 21시,일요일,대전광역시 유성구 상대동,경상사고,0,0,3,1,차대차 - 정면충돌,신호위반,건조,맑음,교차로 - 교차로안,승용,여,33세,상해없음,승용,여,46세,경상
2017073000100445,2017년 7월 30일 22시,일요일,대전광역시 유성구 궁동,중상사고,0,1,0,0,차대차 - 기타,신호위반,건조,맑음,교차로 - 교차로안,승용,남,34세,상해없음,원동기,남,56세,중상
2017073000100458,2017년 7월 30일 23시,일요일,대전광역시 서구 만년동,경상사고,0,0,3,0,차대차 - 기타,안전운전불이행,건조,맑음,교차로 - 교차로부근,승용,여,45세,경상,승용,남,31세,경상
2017073100100038,2017년 7월 31일 01시,월요일,대전광역시 서구 월평동,경상사고,0,0,1,0,차대차 - 추돌,안전운전불이행,건조,맑음,단일로 - 기타,승용,남,47세,상해없음,승용,남,37세,경상
2017073100100088,2017년 7월 31일 07시,월요일,대전광역시 대덕구 신탄진동,경상사고,0,0,2,0,차대차 - 측면충돌,교차로운행방법위반,건조,맑음,교차로 - 교차로안,승용,남,48세,상해없음,승용,남,25세,경상