사고번호,사고일시,요일,시군구,사고내용,사망자수,중상자수,경상자수,부상신고자수,사고유형,법규위반,노면상태,기상상태,도로형태,가해운전자 차종,가해운전자 성별,가해운전자 연령,가해운전자 상해정도,피해운전자 차종,피해운전자 성별,피해운전자 연령,피해운전자 상해정도
2017073100100115,2017년 7월 31일 08시,월요일,대전광역시 중구 호동,중상사고,0,1,0,0,차대차 - 측면충돌,안전운전불이행,건조,맑음,교차로 - 교차로횡단보도내,승용,남,39세,상해없음,자전거,남,60세,중상
2017073100100116,2017년 7월 31일 08시,월요일,대전광역시 서구 둔산동,경상사고,0,0,1,0,차대차 - 기타,안전운전불이행,젖음/습기,비,단일로 - 교량,승용,남,41세,상해없음,승용,남,36세,경상
2017073100100141,2017년 7월 31일 09시,월요일,대전광역시 대덕구 연축동,경상사고,0,0,1,0,차대차 - 기타,안전운전불이행,젖음/습기,비,단일로 - 기타,화물,남,53세,상해없음,승용,남,52세,상해없음
2017073100100213,2017년 7월 31일 11시,월요일,대전광역시 중구 선화동,경상사고,0,0,1,0,차대차 - 측면충돌,교차로운행방법위반,젖음/습기,비,교차로 - 교차로안,승용,여,23세,상해없음,승용,남,44세,경상
2017073100100214,2017년 7월 31일 11시,월요일,대전광역시 동구 가오동,경상사고,0,0,1,0,차대차 - 측면충돌,신호위반,젖음/습기,비,교차로 - 교차로안,승용,여,38세,상해없음,승용,남,57세,경상
2017073100100215,2017년 7월 31일 11시,월요일,대전광역시 유성구 장대동,경상사고,0,0,2,0,차대차 - 정면충돌,교차로운행방법위반,젖음/습기,비,단일로 - 기타,승용,남,44세,경상,원동기,남,53세,경상
2017073100100275,2017년 7월 31일 13시,월요일,대전광역시 중구 산성동,경상사고,0,0,1,0,차대사람 - 길가장자리구역통행중,안전운전불이행,젖음/습기,비,단일로 - 기타,승용,남,48세,상해없음,보행자,여,62세,경상
2017073100100386,2017년 7월 31일 16시,월요일,대전광역시 동구 원동,중상사고,0,1,0,0,차대사람 - 횡단중,신호위반,젖음/습기,비,단일로 - 기타,화물,남,66세,상해없음,보행자,여,57세,중상
2017073100100387,2017년 7월 31일 16시,월요일,대전광역시 서구 관저동,경상사고,0,0,1,0,차대차 - 측면충돌,안전운전불이행,젖음/습기,비,교차로 - 교차로안,승용,남,24세,상해없음,승용,남,35세,경상
2017073100100388,2017년 7월 31일 16시,월요일,대전광역시 유성구 자운동,경상사고,0,0,1,0,차대차 - 측면충돌,신호위반,젖음/습기,흐림,교차로 - 교차로안,승용,남,19세,상해없음,자전거,남,34세,경상
2017073100100420,2017년 7월 31일 17시,월요일,대전광역시 서구 둔산동,경상사고,0,0,3,0,차대차 - 추돌,안전운전불이행,젖음/습기,비,교차로 - 교차로부근,화물,남,62세,상해없음,승용,여,34세,경상
2017073100100421,2017년 7월 31일 17시,월요일,대전광역시 유성구 구암동,경상사고,0,0,1,0,차대차 - 기타,중앙선침범,건조,맑음,단일로 - 기타,승용,남,54세,상해없음,이륜,남,57세,경상
2017073100100449,2017년 7월 31일 18시,월요일,대전광역시 서구 갈마동,경상사고,0,0,1,0,차대차 - 측면충돌,안전운전불이행,건조,맑음,교차로 - 교차로안,승용,남,23세,상해없음,이륜,남,23세,경상
2017073100100450,2017년 7월 31일 18시,월요일,대전광역시 서구 갈마동,경상사고,0,0,1,0,차대사람 - 길가장자리구역통행중,안전운전불이행,젖음/습기,비,교차로 - 교차로부근,승용,남,83세,상해없음,보행자,여,17세,경상
2017073100100478,2017년 7월 31일 19시,월요일,대전광역시 동구 가양동,경상사고,0,0,1,0,차대사람 - 기타,안전운전불이행,건조,맑음,단일로 - 기타,승용,남,42세,상해없음,보행자,여,47세,경상
2017073100100479,2017년 7월 31일 19시,월요일,대전광역시 서구 변동,사망사고,1,0,0,0,차대차 - 측면충돌,불법유턴,젖음/습기,흐림,교차로 - 교차로횡단보도내,자전거,남,61세,사망,승용,남,77세,상해없음
2017073100100480,2017년 7월 31일 19시,월요일,대전광역시 유성구 관평동,경상사고,0,0,2,0,차대차 - 측면충돌,차로위반,젖음/습기,흐림,단일로 - 기타,승용,여,36세,경상,승용,여,30세,경상
2017073100100521,2017년 7월 31일 20시,월요일,대전광역시 서구 도마동,중상사고,0,1,0,0,차대사람 - 길가장자리구역통행중,안전운전불이행,건조,맑음,단일로 - 기타,승용,남,48세,상해없음,보행자,남,41세,중상
2017073100100575,2017년 7월 31일 22시,월요일,대전광역시 중구 선화동,경상사고,0,0,1,0,차대차 - 측면충돌,안전운전불이행,건조,맑음,교차로 - 교차로부근,승용,남,43세,상해없음,이륜,남,27세,경상
2017073100100576,2017년 7월 31일 22시,월요일,대전광역시 서구 정림동,경상사고,0,0,1,0,차대차 - 추돌,안전거리미확보,건조,맑음,교차로 - 교차로부근,승용,여,52세,상해없음,승용,남,48세,경상
2017080100100035,2017년 8월 1일 00시,화요일,대전광역시 서구 탄방동,경상사고,0,0,3,0,차대차 - 측면충돌,교차로운행방법위반,건조,맑음,교차로 - 교차로안,승용,남,31세,상해없음,승합,남,43세,경상
2017080100100036,2017년 8월 1일 00시,화요일,대전광역시 유성구 궁동,경상사고,0,0,2,0,차대사람 - 횡단중,보행자보호의무위반,건조,흐림,교차로 - 교차로횡단보도내,승용,남,57세,상해없음,보행자,여,18세,경상
2017080100100102,2017년 8월 1일 06시,화요일,대전광역시 유성구 원신흥동,경상사고,0,0,1,0,차대차 - 추돌,안전운전불이행,젖음/습기,비,단일로 - 기타,승용,여,47세,상해없음,승용,여,64세,경상
2017080100100114,2017년 8월 1일 07시,화요일,대전광역시 대덕구 오정동,중상사고,0,1,0,0,차대차 - 기타,안전운전불이행,젖음/습기,비,단일로 - 기타,승용,남,28세,상해없음,승용,여,65세,중상
2017080100100175,2017년 8월 1일 09시,화요일,대전광역시 서구 둔산동,경상사고,0,0,1,0,차대차 - 기타,안전운전불이행,건조,맑음,교차로 - 교차로안,승용,남,45세,상해없음,승용,남,72세,경상
2017080100100258,2017년 8월 1일 12시,화요일,대전광역시 동구 가오동,경상사고,0,0,3,0,차대차 - 기타,안전운전불이행,건조,맑음,단일로 - 기타,승용,남,72세,상해없음,승용,남,25세,경상
2017080100100278,2017년 8월 1일 13시,화요일,대전광역시 서구 복수동,중상사고,0,1,0,0,차대사람 - 횡단중,안전운전불이행,건조,맑음,단일로 - 기타,이륜,남,39세,상해없음,보행자,여,17세,중상
2017080100100279,2017년 8월 1일 13시,화요일,대전광역시 서구 둔산동,경상사고,0,0,4,1,차대차 - 측면충돌,신호위반,건조,맑음,교차로 - 교차로안,승용,여,30세,상해없음,승용,여,39세,경상
2017080100100280,2017년 8월 1일 13시,화요일,대전광역시 유성구 구암동,경상사고,0,0,2,0,차대차 - 측면충돌,안전운전불이행,건조,맑음,단일로 - 기타,승용,여,55세,상해없음,승용,남,51세,경상
2017080100100318,2017년 8월 1일 14시,화요일,대전광역시 동구 인동,경상사고,0,0,1,0,차대차 - 측면충돌,안전운전불이행,건조,맑음,교차로 - 교차로안,승용,여,65세,상해없음,승합,남,38세,경상
2017080100100319,2017년 8월 1일 14시,화요일,대전광역시 동구 중동,중상사고,0,1,1,0,차량단독 - 기타,안전운전불이행,건조,맑음,단일로 - 기타,승합,남,48세,상해없음,,,,
2017080100100320,2017년 8월 1일 14시,화요일,대전광역시 유성구 대정동,경상사고,0,0,1,0,차대차 - 측면충돌,신호위반,건조,맑음,교차로 - 교차로안,승용,남,64세,상해없음,승용,여,43세,경상
2017080100100351,2017년 8월 1일 15시,화요일,대전광역시 유성구 방동,경상사고,0,0,2,0,차대차 - 측면충돌,안전운전불이행,건조,맑음,단일로 - 기타,승용,여,44세,경상,화물,남,49세,경상
2017080100100377,2017년 8월 1일 16시,화요일,대전광역시 동구 성남동,경상사고,0,0,1,0,차대사람 - 횡단중,안전운전불이행,건조,맑음,교차로 - 교차로안,승용,여,40세,상해없음,보행자,남,77세,경상
2017080100100378,2017년 8월 1일 16시,화요일,대전광역시 서구 둔산동,경상사고,0,0,4,0,차대차 - 기타,안전거리미확보,건조,맑음,단일로 - 기타,승용,여,74세,상해없음,승용,남,69세,경상
2017080100100428,2017년 8월 1일 17시,화요일,대전광역시 서구 복수동,경상사고,0,0,1,0,차대사람 - 횡단중,보행자보호의무위반,건조,맑음,단일로 - 기타,승용,남,61세,상해없음,보행자,여,57세,경상
2017080100100528,2017년 8월 1일 20시,화요일,대전광역시 유성구 지족동,경상사고,0,0,1,0,차대차 - 추돌,안전운전불이행,건조,맑음,단일로 - 기타,승용,여,21세,상해없음,승용,남,61세,경상
2017080100100572,2017년 8월 1일 22시,화요일,대전광역시 동구 용전동,경상사고,0,0,1,0,차대차 - 측면충돌,안전거리미확보,건조,맑음,단일로 - 기타,승용,남,24세,상해없음,승용,남,53세,경상
2017080100100573,2017년 8월 1일 22시,화요일,대전광역시 동구 가양동,중상사고,0,1,0,0,차대사람 - 횡단중,안전운전불이행,건조,맑음,단일로 - 기타,승용,남,24세,상해없음,보행자,여,78세,중상
2017080100100586,2017년 8월 1일 23시,화요일,대전광역시 유성구 반석동,경상사고,0,0,2,0,차대차 - 추돌,안전운전불이행,건조,맑음,단일로 - 기타,화물,남,49세,상해없음,승용,남,42세,경상
2017080200100042,2017년 8월 2일 01시,수요일,대전광역시 유성구 구성동,경상사고,0,0,2,0,차대차 - 정면충돌,신호위반,건조,맑음,교차로 - 교차로안,화물,남,64세,상해없음,승용,남,56세,경상
2017080200100052,2017년 8월 2일 03시,수요일,대전광역시 서구 월평동,중상사고,0,3,0,0,차대차 - 정면충돌,신호위반,건조,맑음,교차로 - 교차로안,승합,남,43세,상해없음,승합,남,36세,중상
2017080200100078,2017년 8월 2일 06시,수요일,대전광역시 대덕구 오정동,부상신고사고,0,0,0,1,차대차 - 기타,안전운전불이행,건조,맑음,단일로 - 기타,자전거,남,51세,상해없음,자전거,남,68세,부상신고
2017080200100134,2017년 8월 2일 09시,수요일,대전광역시 동구 대동,중상사고,0,1,0,0,차대차 - 기타,중앙선침범,건조,맑음,단일로 - 기타,자전거,남,28세,상해없음,자전거,남,67세,중상
2017080200100135,2017년 8월 2일 09시,수요일,대전광역시 서구 탄방동,경상사고,0,0,4,0,차대차 - 측면충돌,신호위반,건조,맑음,교차로 - 교차로안,승용,여,30세,상해없음,승용,여,31세,경상
2017080200100168,2017년 8월 2일 10시,수요일,대전광역시 대덕구 중리동,경상사고,0,0,1,0,차대사람 - 횡단중,보행자보호의무위반,건조,맑음,교차로 - 교차로횡단보도내,승용,여,34세,상해없음,보행자,여,47세,경상
2017080200100262,2017년 8월 2일 13시,수요일,대전광역시 대덕구 중리동,경상사고,0,0,2,0,차대차 - 측면충돌,안전거리미확보,건조,맑음,교차로 - 교차로안,원동기,남,28세,상해없음,승용,남,39세,경상
2017080200100299,2017년 8월 2일 14시,수요일,대전광역시 서구 둔산동,경상사고,0,0,1,0,차대차 - 추돌,안전운전불이행,건조,맑음,단일로 - 기타,승용,여,43세,상해없음,승용,남,39세,경상
2017080200100300,2017년 8월 2일 14시,수요일,대전광역시 유성구 반석동,경상사고,0,0,1,0,차대차 - 추돌,안전운전불이행,건조,맑음,단일로 - 기타,승용,남,53세,상해없음,승용,남,33세,경상
2017080200100373,2017년 8월 2일 16시,수요일,대전광역시 서구 둔산동,경상사고,0,0,1,1,차대차 - 기타,안전거리미확보,건조,맑음,단일로 - 기타,승용,남,44세,상해없음,승용,여,44세,경상
2017080200100374,2017년 8월 2일 16시,수요일,대전광역시 유성구 지족동,경상사고,0,0,1,0,차대차 - 측면충돌,신호위반,건조,맑음,교차로 - 교차로횡단보도내,이륜,남,68세,상해없음,자전거,남,11세,경상
2017080200100406,2017년 8월 2일 17시,수요일,대전광역시 대덕구 신대동,사망사고,1,0,0,3,차대차 - 기타,안전운전불이행,건조,맑음,단일로 - 기타,화물,남,59세,사망,화물,남,47세,부상신고
2017080200100419,2017년 8월 2일 17시,수요일,대전광역시 대덕구 송촌동,경상사고,0,0,1,0,차대차 - 측면충돌,안전운전불이행,건조,맑음,단일로 - 기타,승합,남,60세,기타불명,승용,남,33세,경상
2017080200100449,2017년 8월 2일 18시,수요일,대전광역시 서구 내동,경상사고,0,0,1,0,차대차 - 측면충돌,교차로운행방법위반,건조,맑음,교차로 - 교차로안,승용,여,52세,상해없음,승용,남,33세,경상
2017080200100479,2017년 8월 2일 19시,수요일,대전광역시 중구 대흥동,중상사고,0,1,0,0,차대차 - 측면충돌,안전운전불이행,건조,맑음,단일로 - 기타,승용,남,73세,상해없음,자전거,남,64세,중상
2017080200100480,2017년 8월 2일 19시,수요일,대전광역시 서구 도마동,경상사고,0,0,1,0,차대차 - 측면충돌,안전운전불이행,건조,맑음,단일로 - 기타,승용,남,55세,상해없음,승용,남,28세,경상
2017080200100513,2017년 8월 2일 20시,수요일,대전광역시 대덕구 신탄진동,경상사고,0,0,2,0,차대차 - 기타,안전운전불이행,건조,맑음,교차로 - 교차로부근,승용,남,27세,상해없음,승용,남,44세,경상
2017080200100514,2017년 8월 2일 20시,수요일,대전광역시 유성구 용산동,중상사고,0,1,0,0,차대차 - 측면충돌,안전운전불이행,건조,맑음,단일로 - 기타,승용,남,38세,상해없음,승용,여,59세,중상
2017080300100030,2017년 8월 3일 00시,목요일,대전광역시 중구 오류동,경상사고,0,0,3,0,차대차 - 정면충돌,신호위반,건조,맑음,교차로 - 교차로안,이륜,남,38세,경상,이륜,남,20세,경상
2017080300100059,2017년 8월 3일 04시,목요일,대전광역시 서구 정림동,경상사고,0,0,1,0,차대차 - 측면충돌,신호위반,건조,맑음,교차로 - 교차로안,승용,남,41세,상해없음,승용,남,36세,경상
2017080300100060,2017년 8월 3일 04시,목요일,대전광역시 대덕구 중리동,중상사고,0,1,0,0,차대사람 - 횡단중,보행자보호의무위반,건조,맑음,교차로 - 교차로횡단보도내,승용,여,21세,상해없음,보행자,남,48세,중상
2017080300100061,2017년 8월 3일 04시,목요일,대전광역시 유성구 노은동,중상사고,0,2,0,0,차대차 - 측면충돌,신호위반,건조,맑음,교차로 - 교차로안,승용,여,42세,상해없음,승용,여,62세,중상
2017080300100076,2017년 8월 3일 06시,목요일,대전광역시 중구 선화동,경상사고,0,0,1,0,차대차 - 측면충돌,신호위반,건조,맑음,교차로 - 교차로안,승용,남,62세,상해없음,승용,여,47세,경상
2017080300100174,2017년 8월 3일 09시,목요일,대전광역시 동구 자양동,경상사고,0,0,4,0,차대차 - 측면충돌,직진우회전진행방해,건조,맑음,교차로 - 교차로안,승용,여,39세,경상,승용,여,43세,경상
2017080300100175,2017년 8월 3일 09시,목요일,대전광역시 대덕구 읍내동,경상사고,0,0,1,0,차대차 - 추돌,안전거리미확보,건조,맑음,교차로 - 교차로부근,화물,남,42세,상해없음,승용,여,51세,경상
2017080300100176,2017년 8월 3일 09시,목요일,대전광역시 대덕구 문평동,경상사고,0,0,1,0,차대차 - 추돌,안전운전불이행,건조,맑음,주차장 - 주차장,승용,여,39세,상해없음,화물,남,56세,경상
2017080300100217,2017년 8월 3일 10시,목요일,대전광역시 대덕구 중리동,중상사고,0,2,0,0,차대차 - 측면충돌,안전운전불이행,건조,맑음,단일로 - 기타,화물,남,57세,상해없음,승용,남,65세,중상
2017080300100259,2017년 8월 3일 11시,목요일,대전광역시 서구 둔산동,경상사고,0,0,1,0,차대차 - 기타,안전운전불이행,건조,맑음,단일로 - 기타,화물,남,32세,경상,화물,남,54세,상해없음
2017080300100296,2017년 8월 3일 12시,목요일,대전광역시 동구 판암동,경상사고,0,0,4,0,차대차 - 정면충돌,신호위반,건조,맑음,교차로 - 교차로안,승용,여,49세,상해없음,승용,남,21세,경상
2017080300100297,2017년 8월 3일 12시,목요일,대전광역시 서구 둔산동,중상사고,0,1,4,0,차대사람 - 기타,기타,건조,맑음,교차로 - 교차로부근,승용,남,71세,상해없음,보행자,남,40세,중상
2017080300100298,2017년 8월 3일 12시,목요일,대전광역시 유성구 노은동,중상사고,0,1,4,1,차대차 - 기타,안전거리미확보,건조,맑음,단일로 - 기타,승용,여,55세,상해없음,승용,남,61세,부상신고
2017080300100299,2017년 8월 3일 12시,목요일,대전광역시 유성구 봉산동,경상사고,0,0,1,0,차대차 - 기타,불법유턴,건조,맑음,교차로 - 교차로안,화물,남,62세,상해없음,승용,남,31세,경상
2017080300100332,2017년 8월 3일 13시,목요일,대전광역시 동구 정동,경상사고,0,0,1,0,차대사람 - 횡단중,보행자보호의무위반,건조,맑음,교차로 - 교차로부근,화물,남,58세,상해없음,보행자,여,62세,경상
2017080300100402,2017년 8월 3일 15시,목요일,대전광역시 동구 용전동,경상사고,0,0,2,0,차대차 - 추돌,안전운전불이행,건조,맑음,교차로 - 교차로부근,승용,남,57세,상해없음,승용,남,59세,경상
2017080300100403,2017년 8월 3일 15시,목요일,대전광역시 유성구 구암동,경상사고,0,0,3,0,차대차 - 추돌,안전운전불이행,건조,맑음,단일로 - 기타,건설기계,남,56세,상해없음,승용,남,47세,경상
2017080300100432,2017년 8월 3일 16시,목요일,대전광역시 대덕구 오정동,경상사고,0,0,2,0,차대차 - 측면충돌,안전운전불이행,건조,맑음,단일로 - 교량,승용,남,54세,상해없음,승용,여,64세,경상
2017080300100433,2017년 8월 3일 16시,목요일,대전광역시 서구 둔산동,경상사고,0,0,2,0,차대차 - 기타,안전운전불이행,건조,맑음,단일로 - 기타,승용,여,51세,상해없음,승용,여,50세,경상
2017080300100434,2017년 8월 3일 16시,목요일,대전광역시 유성구 구암동,경상사고,0,0,3,0,차대차 - 기타,직진우회전진행방해,건조,맑음,교차로 - 교차로안,승용,남,34세,상해없음,승용,남,23세,경상
2017080300100468,2017년 8월 3일 17시,목요일,대전광역시 대덕구 법동,경상사고,0,0,1,0,차대차 - 측면충돌,안전운전불이행,건조,맑음,교차로 - 교차로안,화물,남,25세,상해없음,승용,남,61세,경상
2017080300100469,2017년 8월 3일 17시,목요일,대전광역시 대덕구 송촌동,경상사고,0,0,1,0,차대차 - 기타,직진우회전진행방해,건조,맑음,교차로 - 교차로안,승용,여,37세,상해없음,기타불명,남,7세,경상
2017080300100507,2017년 8월 3일 18시,목요일,대전광역시 중구 문화동,경상사고,0,0,1,0,차대차 - 측면충돌,안전운전불이행,건조,맑음,단일로 - 기타,자전거,여,67세,경상,승용,남,48세,상해없음
2017080300100508,2017년 8월 3일 18시,목요일,대전광역시 서구 월평동,경상사고,0,0,2,0,차대차 - 기타,안전거리미확보,건조,맑음,단일로 - 기타,승용,남,39세,경상,승용,남,32세,상해없음
2017080300100535,2017년 8월 3일 19시,목요일,대전광역시 중구 은행동,경상사고,0,0,1,0,차량단독 - 기타,기타,건조,맑음,단일로 - 기타,승합,남,63세,상해없음,,,,
2017080300100536,2017년 8월 3일 19시,목요일,대전광역시 서구 월평동,경상사고,0,0,1,0,차대차 - 기타,안전거리미확보,건조,맑음,교차로 - 교차로안,이륜,남,36세,상해없음,승용,남,58세,경상
2017080300100567,2017년 8월 3일 20시,목요일,대전광역시 대덕구 중리동,경상사고,0,0,2,0,차대차 - 기타,교차로운행방법위반,건조,맑음,교차로 - 교차로안,승용,남,59세,상해없음,승용,남,28세,경상
2017080300100568,2017년 8월 3일 20시,목요일,대전광역시 대덕구 오정동,경상사고,0,0,1,0,차대차 - 기타,안전운전불이행,건조,맑음,교차로 - 교차로부근,개인형이동수단(PM),남,26세,상해없음,승용,남,32세,경상
2017080300100569,2017년 8월 3일 20시,목요일,대전광역시 유성구 탑립동,중상사고,0,1,0,0,차대차 - 측면충돌,신호위반,건조,맑음,교차로 - 교차로안,승용,남,52세,상해없음,원동기,남,19세,중상
2017080300100593,2017년 8월 3일 21시,목요일,대전광역시 서구 월평동,경상사고,0,0,1,0,차대차 - 기타,교차로운행방법위반,건조,맑음,교차로 - 교차로안,승용,남,29세,상해없음,화물,남,22세,경상
2017080300100644,2017년 8월 3일 23시,목요일,대전광역시 유성구 봉명동,중상사고,0,1,0,0,차대사람 - 횡단중,안전운전불이행,건조,맑음,단일로 - 기타,승용,남,34세,상해없음,보행자,남,45세,중상
2017080400100053,2017년 8월 4일 01시,금요일,대전광역시 서구 가장동,경상사고,0,0,1,0,차대차 - 측면충돌,신호위반,건조,맑음,교차로 - 교차로안,승용,남,59세,상해없음,승용,남,61세,경상
2017080400100054,2017년 8월 4일 01시,금요일,대전광역시 대덕구 오정동,부상신고사고,0,0,0,2,차대차 - 추돌,안전운전불이행,건조,맑음,단일로 - 기타,승용,남,59세,상해없음,승용,남,29세,부상신고
2017080400100099,2017년 8월 4일 06시,금요일,대전광역시 서구 관저동,중상사고,0,1,0,0,차대차 - 기타,안전운전불이행,건조,맑음,교차로 - 교차로횡단보도내,화물,남,73세,상해없음,자전거,여,55세,중상
2017080400100121,2017년 8월 4일 07시,금요일,대전광역시 대덕구 오정동,중상사고,0,1,0,0,차대차 - 측면충돌,기타,건조,맑음,단일로 - 기타,화물,남,33세,상해없음,자전거,남,53세,중상
2017080400100151,2017년 8월 4일 08시,금요일,대전광역시 대덕구 신탄진동,경상사고,0,0,1,0,차대차 - 추돌,안전운전불이행,건조,맑음,단일로 - 기타,승용,남,63세,상해없음,승용,남,28세,경상
2017080400100152,2017년 8월 4일 08시,금요일,대전광역시 대덕구 오정동,부상신고사고,0,0,0,2,차대차 - 측면충돌,안전운전불이행,건조,맑음,교차로 - 교차로안,화물,남,57세,기타불명,승용,남,72세,부상신고
2017080400100222,2017년 8월 4일 10시,금요일,대전광역시 서구 내동,경상사고,0,0,4,0,차대차 - 측면충돌,교차로운행방법위반,건조,맑음,교차로 - 교차로안,화물,남,60세,상해없음,승용,여,41세,경상
2017080400100297,2017년 8월 4일 12시,금요일,대전광역시 중구 문화동,경상사고,0,0,1,0,차대차 - 추돌,안전운전불이행,건조,맑음,단일로 - 기타,승용,남,71세,상해없음,승용,여,49세,경상
2017080400100351,2017년 8월 4일 14시,금요일,대전광역시 유성구 대정동,경상사고,0,0,2,0,차대차 - 기타,안전운전불이행,건조,맑음,기타 - 기타,화물,남,51세,상해없음,승용,남,45세,경상
2017080400100362,2017년 8월 4일 14시,금요일,대전광역시 서구 정림동,경상사고,0,0,1,0,차대사람 - 횡단중,안전운전불이행,건조,맑음,단일로 - 기타,승용,여,37세,상해없음,보행자,여,10세,경상
2017080400100408,2017년 8월 4일 15시,금요일,대전광역시 서구 가장동,경상사고,0,0,1,0,차대차 - 측면충돌,신호위반,건조,맑음,교차로 - 교차로안,승용,여,54세,상해없음,승용,남,59세,경상
2017080400100409,2017년 8월 4일 15시,금요일,대전광역시 서구 탄방동,경상사고,0,0,1,0,차대차 - 기타,안전운전불이행,건조,맑음,교차로 - 교차로부근,승용,남,36세,상해없음,승용,남,60세,경상
2017080400100410,2017년 8월 4일 15시,금요일,대전광역시 유성구 봉명동,경상사고,0,0,1,0,차대사람 - 횡단중,신호위반,건조,맑음,단일로 - 기타,승용,남,32세,기타불명,보행자,여,67세,경상
2017080400100411,2017년 8월 4일 15시,금요일,대전광역시 유성구 도룡동,경상사고,0,0,1,0,차대차 - 기타,안전운전불이행,건조,맑음,교차로 - 교차로안,승용,남,49세,상해없음,승용,남,27세,경상
2017080400100533,2017년 8월 4일 18시,금요일,대전광역시 서구 도마동,경상사고,0,0,1,0,차대사람 - 횡단중,보행자보호의무위반,건조,맑음,교차로 - 교차로횡단보도내,화물,남,74세,상해없음,보행자,여,53세,경상
2017080400100637,2017년 8월 4일 21시,금요일,대전광역시 서구 복수동,경상사고,0,0,1,0,차대차 - 추돌,안전운전불이행,건조,맑음,단일로 - 기타,승용,여,52세,상해없음,승합,남,34세,경상
2017080400100638,2017년 8월 4일 21시,금요일,대전광역시 서구 탄방동,중상사고,0,1,0,0,차대차 - 측면충돌,중앙선침범,건조,맑음,단일로 - 기타,승용,남,55세,상해없음,원동기,남,20세,중상
2017080400100658,2017년 8월 4일 22시,금요일,대전광역시 대덕구 중리동,중상사고,0,1,0,0,차대사람 - 기타,안전운전불이행,건조,맑음,교차로 - 교차로부근,승용,남,43세,상해없음,보행자,남,54세,중상
2017080400100676,2017년 8월 4일 23시,금요일,대전광역시 서구 둔산동,중상사고,0,1,0,0,차대차 - 기타,신호위반,건조,맑음,교차로 - 교차로횡단보도내,자전거,여,22세,중상,승용,남,45세,상해없음
2017080500100026,2017년 8월 5일 00시,토요일,대전광역시 대덕구 오정동,중상사고,0,1,1,0,차대차 - 기타,중앙선침범,건조,맑음,단일로 - 기타,승용,남,25세,상해없음,승용,남,43세,경상
2017080500100033,2017년 8월 5일 01시,토요일,대전광역시 대덕구 연축동,사망사고,1,0,0,0,차대차 - 추돌,안전운전불이행,건조,맑음,단일로 - 기타,화물,남,58세,사망,화물,남,55세,상해없음
2017080500100056,2017년 8월 5일 03시,토요일,대전광역시 동구 가양동,사망사고,1,0,0,0,차대사람 - 횡단중,안전운전불이행,건조,맑음,단일로 - 기타,승용,남,73세,상해없음,보행자,여,69세,사망
2017080500100071,2017년 8월 5일 04시,토요일,대전광역시 동구 가양동,중상사고,0,1,0,0,차대사람 - 기타,안전운전불이행,건조,맑음,단일로 - 기타,승용,남,22세,상해없음,보행자,남,80세,중상
2017080500100072,2017년 8월 5일 04시,토요일,대전광역시 서구 월평동,부상신고사고,0,0,0,2,차대차 - 추돌,안전운전불이행,건조,맑음,교차로 - 교차로부근,승용,남,56세,상해없음,승용,남,29세,부상신고
2017080500100082,2017년 8월 5일 05시,토요일,대전광역시 중구 문화동,중상사고,0,1,0,0,차대차 - 측면충돌,안전운전불이행,건조,맑음,교차로 - 교차로안,승용,남,43세,상해없음,자전거,남,57세,중상
2017080500100096,2017년 8월 5일 06시,토요일,대전광역시 서구 월평동,경상사고,0,0,1,0,차대차 - 정면충돌,신호위반,건조,맑음,교차로 - 교차로안,승용,남,58세,상해없음,승용,남,50세,경상
2017080500100233,2017년 8월 5일 11시,토요일,대전광역시 동구 세천동,경상사고,0,0,2,0,차대차 - 측면충돌,안전운전불이행,건조,맑음,단일로 - 기타,화물,남,59세,상해없음,승용,남,34세,경상
2017080500100308,2017년 8월 5일 13시,토요일,대전광역시 서구 둔산동,중상사고,0,1,0,0,차대사람 - 횡단중,신호위반,건조,맑음,교차로 - 교차로횡단보도내,승용,남,32세,상해없음,보행자,여,20세,중상
2017080500100370,2017년 8월 5일 15시,토요일,대전광역시 중구 안영동,경상사고,0,0,2,0,차대차 - 측면충돌,안전운전불이행,건조,맑음,교차로 - 교차로부근,건설기계,남,55세,상해없음,승용,남,58세,경상
2017080500100371,2017년 8월 5일 15시,토요일,대전광역시 대덕구 상서동,경상사고,0,0,1,0,차대차 - 추돌,안전운전불이행,건조,맑음,단일로 - 기타,승용,여,35세,상해없음,이륜,남,58세,경상
2017080500100412,2017년 8월 5일 16시,토요일,대전광역시 동구 가오동,경상사고,0,0,2,1,차대차 - 측면충돌,안전운전불이행,건조,맑음,단일로 - 기타,승용,남,48세,상해없음,승용,남,46세,부상신고
2017080500100413,2017년 8월 5일 16시,토요일,대전광역시 서구 가수원동,경상사고,0,0,5,0,차대차 - 추돌,안전운전불이행,건조,맑음,단일로 - 기타,승용,남,48세,상해없음,승용,여,40세,경상
2017080500100414,2017년 8월 5일 16시,토요일,대전광역시 대덕구 신탄진동,경상사고,0,0,1,0,차대차 - 추돌,안전거리미확보,건조,맑음,교차로 - 교차로부근,승용,남,17세,상해없음,화물,남,59세,경상
2017080500100415,2017년 8월 5일 16시,토요일,대전광역시 서구 둔산동,경상사고,0,0,2,0,차대차 - 정면충돌,안전운전불이행,건조,맑음,교차로 - 교차로횡단보도내,승용,남,37세,상해없음,자전거,여,62세,경상
2017080500100452,2017년 8월 5일 17시,토요일,대전광역시 중구 대흥동,경상사고,0,0,3,0,차대차 - 측면충돌,신호위반,건조,맑음,교차로 - 교차로부근,화물,남,30세,상해없음,승용,남,32세,경상