사고번호,사고일시,요일,시군구,사고내용,사망자수,중상자수,경상자수,부상신고자수,사고유형,법규위반,노면상태,기상상태,도로형태,가해운전자 차종,가해운전자 성별,가해운전자 연령,가해운전자 상해정도,피해운전자 차종,피해운전자 성별,피해운전자 연령,피해운전자 상해정도
2017081700100156,2017년 8월 17일 08시,목요일,대전광역시 대덕구 상서동,부상신고사고,0,0,0,1,차대사람 - 횡단중,안전운전불이행,건조,맑음,교차로 - 교차로부근,승용,여,29세,상해없음,보행자,남,78세,부상신고
2017081700100157,2017년 8월 17일 08시,목요일,대전광역시 유성구 지족동,경상사고,0,0,1,1,차대차 - 측면충돌,안전운전불이행,건조,흐림,교차로 - 교차로안,이륜,남,17세,부상신고,승용,남,49세,경상
2017081700100184,2017년 8월 17일 09시,목요일,대전광역시 유성구 외삼동,경상사고,0,0,1,0,차대차 - 추돌,안전운전불이행,건조,맑음,단일로 - 기타,승용,여,48세,상해없음,승용,남,48세,경상
2017081700100205,2017년 8월 17일 10시,목요일,대전광역시 중구 유천동,중상사고,0,1,0,0,차대차 - 측면충돌,신호위반,건조,흐림,교차로 - 교차로안,승합,남,44세,상해없음,화물,남,55세,중상
2017081700100206,2017년 8월 17일 10시,목요일,대전광역시 중구 태평동,경상사고,0,0,1,0,차대차 - 추돌,안전운전불이행,건조,흐림,교차로 - 교차로부근,승용,여,50세,상해없음,승용,남,48세,경상
2017081700100232,2017년 8월 17일 11시,목요일,대전광역시 동구 가양동,경상사고,0,0,1,0,차대차 - 측면충돌,안전운전불이행,건조,맑음,교차로 - 교차로부근,승용,남,75세,상해없음,자전거,남,83세,경상
2017081700100260,2017년 8월 17일 12시,목요일,대전광역시 중구 오류동,경상사고,0,0,1,0,차대차 - 측면충돌,안전거리미확보,건조,맑음,교차로 - 교차로부근,승용,남,41세,상해없음,승용,남,34세,경상
2017081700100261,2017년 8월 17일 12시,목요일,대전광역시 서구 갈마동,경상사고,0,0,1,0,차대차 - 기타,안전운전불이행,건조,맑음,교차로 - 교차로안,승용,여,25세,상해없음,이륜,남,47세,경상
2017081700100289,2017년 8월 17일 13시,목요일,대전광역시 유성구 신성동,경상사고,0,0,1,0,차대차 - 측면충돌,안전거리미확보,건조,맑음,교차로 - 교차로부근,승용,남,62세,상해없음,승용,여,27세,경상
2017081700100290,2017년 8월 17일 13시,목요일,대전광역시 유성구 봉명동,경상사고,0,0,2,1,차대차 - 측면충돌,안전거리미확보,건조,맑음,교차로 - 교차로부근,승용,남,66세,상해없음,승용,남,52세,경상
2017081700100319,2017년 8월 17일 14시,목요일,대전광역시 대덕구 오정동,경상사고,0,0,1,0,차대차 - 측면충돌,직진우회전진행방해,건조,맑음,교차로 - 교차로안,승용,여,47세,상해없음,승용,남,37세,경상
2017081700100355,2017년 8월 17일 15시,목요일,대전광역시 동구 낭월동,중상사고,0,1,0,0,차대사람 - 횡단중,안전운전불이행,건조,맑음,교차로 - 교차로횡단보도내,화물,남,46세,상해없음,보행자,남,62세,중상
2017081700100434,2017년 8월 17일 17시,목요일,대전광역시 중구 은행동,경상사고,0,0,1,0,차대사람 - 차도통행중,안전운전불이행,건조,맑음,단일로 - 기타,승합,남,54세,상해없음,보행자,여,19세,경상
2017081700100435,2017년 8월 17일 17시,목요일,대전광역시 동구 판암동,경상사고,0,0,1,0,차대차 - 측면충돌,안전운전불이행,건조,맑음,단일로 - 지하차도(도로)내,자전거,여,55세,경상,승용,여,34세,상해없음
2017081700100533,2017년 8월 17일 20시,목요일,대전광역시 동구 자양동,경상사고,0,0,1,0,차대사람 - 길가장자리구역통행중,안전운전불이행,건조,맑음,단일로 - 기타,승용,남,23세,기타불명,보행자,남,23세,경상
2017081700100559,2017년 8월 17일 21시,목요일,대전광역시 서구 변동,경상사고,0,0,3,0,차대차 - 측면충돌,안전거리미확보,건조,맑음,단일로 - 기타,승용,남,28세,상해없음,승용,남,37세,경상
2017081700100585,2017년 8월 17일 22시,목요일,대전광역시 서구 탄방동,중상사고,0,1,0,0,차대차 - 기타,안전운전불이행,건조,맑음,단일로 - 기타,승용,남,40세,기타불명,이륜,여,35세,중상
2017081800100033,2017년 8월 18일 01시,금요일,대전광역시 서구 둔산동,경상사고,0,0,1,0,차대사람 - 기타,안전운전불이행,젖음/습기,흐림,단일로 - 기타,승용,남,48세,상해없음,보행자,남,21세,경상
2017081800100049,2017년 8월 18일 03시,금요일,대전광역시 서구 용문동,경상사고,0,0,1,0,차대차 - 측면충돌,안전거리미확보,건조,맑음,교차로 - 교차로부근,승용,남,38세,상해없음,화물,남,52세,경상
2017081800100050,2017년 8월 18일 03시,금요일,대전광역시 서구 괴정동,경상사고,0,0,2,0,차대차 - 기타,신호위반,건조,맑음,교차로 - 교차로안,승용,남,38세,상해없음,승용,남,52세,경상
2017081800100072,2017년 8월 18일 06시,금요일,대전광역시 대덕구 석봉동,중상사고,0,1,0,0,차대사람 - 기타,안전운전불이행,건조,맑음,단일로 - 기타,승용,여,52세,상해없음,보행자,남,42세,중상
2017081800100097,2017년 8월 18일 07시,금요일,대전광역시 동구 삼성동,경상사고,0,0,2,0,차대차 - 추돌,안전운전불이행,건조,맑음,단일로 - 기타,승용,남,73세,상해없음,승용,남,65세,경상
2017081800100098,2017년 8월 18일 07시,금요일,대전광역시 서구 가장동,중상사고,0,1,0,0,차대차 - 측면충돌,안전운전불이행,건조,맑음,교차로 - 교차로횡단보도내,승용,남,27세,상해없음,자전거,여,51세,중상
2017081800100138,2017년 8월 18일 08시,금요일,대전광역시 동구 효동,경상사고,0,0,1,0,차량단독 - 기타,안전운전불이행,건조,맑음,단일로 - 기타,승합,남,46세,상해없음,,,,
2017081800100139,2017년 8월 18일 08시,금요일,대전광역시 서구 갈마동,경상사고,0,0,1,0,차대차 - 측면충돌,신호위반,건조,맑음,교차로 - 교차로부근,승용,남,59세,상해없음,승용,남,63세,경상
2017081800100192,2017년 8월 18일 10시,금요일,대전광역시 중구 오류동,경상사고,0,0,2,0,차대차 - 후진중충돌,안전운전불이행,건조,맑음,교차로 - 교차로부근,승용,여,56세,상해없음,승용,남,53세,경상
2017081800100257,2017년 8월 18일 12시,금요일,대전광역시 동구 삼성동,중상사고,0,1,0,0,차대차 - 측면충돌,안전운전불이행,건조,맑음,교차로 - 교차로안,승용,남,31세,상해없음,자전거,남,77세,중상
2017081800100258,2017년 8월 18일 12시,금요일,대전광역시 서구 둔산동,경상사고,0,0,1,0,차대사람 - 횡단중,안전운전불이행,건조,맑음,단일로 - 기타,승용,남,27세,상해없음,보행자,남,40세,경상
2017081800100259,2017년 8월 18일 12시,금요일,대전광역시 유성구 봉명동,경상사고,0,0,1,0,차대사람 - 기타,안전운전불이행,건조,맑음,기타 - 기타,자전거,남,56세,상해없음,보행자,여,6세,경상
2017081800100289,2017년 8월 18일 13시,금요일,대전광역시 서구 둔산동,경상사고,0,0,1,0,차대차 - 측면충돌,안전운전불이행,건조,맑음,교차로 - 교차로횡단보도내,승용,남,33세,상해없음,자전거,남,48세,경상
2017081800100290,2017년 8월 18일 13시,금요일,대전광역시 유성구 화암동,중상사고,0,1,0,0,차대차 - 기타,안전거리미확보,건조,맑음,단일로 - 기타,승용,남,31세,기타불명,이륜,남,46세,중상
2017081800100357,2017년 8월 18일 15시,금요일,대전광역시 서구 가장동,경상사고,0,0,2,0,차대차 - 추돌,안전운전불이행,건조,맑음,단일로 - 기타,화물,남,48세,상해없음,화물,남,43세,상해없음
2017081800100379,2017년 8월 18일 16시,금요일,대전광역시 동구 신상동,사망사고,1,0,0,0,차량단독 - 공작물충돌,안전운전불이행,건조,맑음,단일로 - 기타,특수,남,60세,사망,,,,
2017081800100392,2017년 8월 18일 16시,금요일,대전광역시 서구 둔산동,경상사고,0,0,1,0,차대차 - 측면충돌,신호위반,건조,맑음,교차로 - 교차로안,승용,여,54세,상해없음,승용,여,52세,경상
2017081800100393,2017년 8월 18일 16시,금요일,대전광역시 유성구 궁동,경상사고,0,0,1,0,차대차 - 추돌,안전운전불이행,건조,맑음,단일로 - 기타,승용,여,61세,상해없음,승용,남,44세,경상
2017081800100426,2017년 8월 18일 17시,금요일,대전광역시 대덕구 오정동,경상사고,0,0,1,0,차대차 - 기타,신호위반,건조,맑음,교차로 - 교차로횡단보도내,승용,남,39세,상해없음,자전거,남,57세,경상
2017081800100463,2017년 8월 18일 18시,금요일,대전광역시 대덕구 읍내동,경상사고,0,0,2,0,차대차 - 측면충돌,안전거리미확보,건조,맑음,단일로 - 기타,승용,남,46세,경상,승용,여,44세,경상
2017081800100464,2017년 8월 18일 18시,금요일,대전광역시 유성구 송강동,경상사고,0,0,1,0,차대사람 - 횡단중,보행자보호의무위반,건조,맑음,단일로 - 기타,기타불명,기타불명,미분류,기타불명,보행자,남,7세,경상
2017081800100500,2017년 8월 18일 19시,금요일,대전광역시 서구 둔산동,경상사고,0,0,2,0,차대차 - 기타,신호위반,건조,맑음,교차로 - 교차로안,승용,여,28세,상해없음,승용,남,36세,경상
2017081800100501,2017년 8월 18일 19시,금요일,대전광역시 유성구 상대동,경상사고,0,0,1,0,차대차 - 측면충돌,신호위반,건조,맑음,교차로 - 교차로부근,승용,여,38세,상해없음,승용,남,32세,경상
2017081800100534,2017년 8월 18일 20시,금요일,대전광역시 서구 월평동,경상사고,0,0,1,0,차대차 - 측면충돌,기타,건조,맑음,교차로 - 교차로횡단보도내,승용,남,54세,상해없음,이륜,남,60세,경상
2017081800100535,2017년 8월 18일 20시,금요일,대전광역시 유성구 구암동,경상사고,0,0,1,0,차대사람 - 횡단중,안전운전불이행,건조,흐림,단일로 - 기타,승용,남,34세,상해없음,보행자,여,47세,경상
2017081800100563,2017년 8월 18일 21시,금요일,대전광역시 동구 용전동,경상사고,0,0,1,0,차대차 - 기타,교차로운행방법위반,건조,흐림,교차로 - 교차로부근,승용,남,45세,상해없음,원동기,남,22세,경상
2017081800100564,2017년 8월 18일 21시,금요일,대전광역시 서구 월평동,경상사고,0,0,1,0,차대차 - 추돌,안전운전불이행,건조,맑음,교차로 - 교차로부근,승합,남,36세,상해없음,승용,남,52세,경상
2017081800100565,2017년 8월 18일 21시,금요일,대전광역시 유성구 구암동,경상사고,0,0,6,0,차대차 - 측면충돌,안전거리미확보,건조,맑음,단일로 - 기타,승용,여,45세,경상,화물,남,30세,경상
2017081800100593,2017년 8월 18일 22시,금요일,대전광역시 대덕구 법동,중상사고,0,1,0,0,차대사람 - 횡단중,안전운전불이행,건조,맑음,교차로 - 교차로부근,승합,여,48세,상해없음,보행자,여,51세,중상
2017081800100594,2017년 8월 18일 22시,금요일,대전광역시 서구 둔산동,중상사고,0,1,0,0,차대차 - 측면충돌,안전거리미확보,건조,맑음,교차로 - 교차로부근,승용,남,50세,상해없음,이륜,남,24세,중상
2017081800100595,2017년 8월 18일 22시,금요일,대전광역시 서구 월평동,중상사고,0,1,0,0,차대차 - 측면충돌,안전운전불이행,건조,맑음,교차로 - 교차로횡단보도내,승용,여,59세,상해없음,자전거,남,33세,중상
2017081800100612,2017년 8월 18일 23시,금요일,대전광역시 동구 가양동,경상사고,0,0,1,0,차대차 - 측면충돌,신호위반,건조,흐림,교차로 - 교차로안,승합,남,58세,상해없음,원동기,남,19세,경상
2017081900100048,2017년 8월 19일 01시,토요일,대전광역시 동구 성남동,경상사고,0,0,1,0,차대차 - 측면충돌,교차로운행방법위반,건조,흐림,교차로 - 교차로부근,승용,남,65세,상해없음,화물,남,34세,경상
2017081900100065,2017년 8월 19일 02시,토요일,대전광역시 유성구 용산동,경상사고,0,0,4,0,차대차 - 측면충돌,신호위반,건조,흐림,교차로 - 교차로안,승용,남,41세,상해없음,승용,남,32세,경상
2017081900100075,2017년 8월 19일 03시,토요일,대전광역시 중구 유천동,경상사고,0,0,1,0,차대사람 - 차도통행중,안전운전불이행,건조,맑음,단일로 - 기타,승용,남,29세,상해없음,보행자,남,43세,경상
2017081900100076,2017년 8월 19일 03시,토요일,대전광역시 유성구 봉명동,경상사고,0,0,1,0,차대사람 - 기타,안전운전불이행,건조,맑음,단일로 - 기타,승용,남,27세,상해없음,보행자,여,65세,경상
2017081900100087,2017년 8월 19일 04시,토요일,대전광역시 동구 삼성동,중상사고,0,1,0,0,차대차 - 추돌,안전운전불이행,건조,흐림,단일로 - 기타,승용,남,68세,상해없음,원동기,여,64세,중상
2017081900100088,2017년 8월 19일 04시,토요일,대전광역시 서구 둔산동,경상사고,0,0,1,0,차대차 - 측면충돌,신호위반,건조,맑음,교차로 - 교차로안,화물,남,70세,상해없음,승용,남,22세,경상
2017081900100125,2017년 8월 19일 07시,토요일,대전광역시 서구 둔산동,경상사고,0,0,1,0,차대사람 - 길가장자리구역통행중,안전운전불이행,건조,맑음,단일로 - 기타,승용,남,63세,상해없음,보행자,남,19세,경상
2017081900100166,2017년 8월 19일 09시,토요일,대전광역시 동구 중동,경상사고,0,0,1,0,차대차 - 측면충돌,신호위반,건조,맑음,교차로 - 교차로안,승용,남,48세,기타불명,승용,남,62세,경상
2017081900100190,2017년 8월 19일 10시,토요일,대전광역시 대덕구 오정동,부상신고사고,0,0,0,1,차대차 - 측면충돌,안전운전불이행,건조,맑음,단일로 - 기타,화물,남,54세,상해없음,자전거,남,80세,부상신고
2017081900100223,2017년 8월 19일 11시,토요일,대전광역시 유성구 노은동,중상사고,0,1,0,0,차대차 - 측면충돌,안전운전불이행,건조,맑음,교차로 - 교차로횡단보도내,승용,남,41세,상해없음,자전거,여,67세,중상
2017081900100285,2017년 8월 19일 13시,토요일,대전광역시 서구 월평동,중상사고,0,1,0,0,차대차 - 측면충돌,안전운전불이행,건조,맑음,교차로 - 교차로부근,승합,남,23세,상해없음,승용,여,40세,중상
2017081900100286,2017년 8월 19일 13시,토요일,대전광역시 서구 탄방동,경상사고,0,0,2,0,차대차 - 측면충돌,교차로운행방법위반,젖음/습기,비,교차로 - 교차로안,승용,남,30세,경상,승용,남,50세,경상
2017081900100287,2017년 8월 19일 13시,토요일,대전광역시 유성구 관평동,경상사고,0,0,1,0,차량단독 - 기타,기타,건조,맑음,교차로 - 교차로안,승합,남,57세,상해없음,,,,
2017081900100432,2017년 8월 19일 18시,토요일,대전광역시 서구 탄방동,중상사고,0,1,5,0,차대차 - 기타,안전거리미확보,건조,맑음,단일로 - 기타,승용,남,43세,상해없음,승용,남,62세,경상
2017081900100433,2017년 8월 19일 18시,토요일,대전광역시 서구 둔산동,중상사고,0,1,0,0,차대차 - 후진중충돌,안전운전불이행,건조,맑음,단일로 - 기타,승용,남,41세,상해없음,승용,남,45세,중상
2017081900100476,2017년 8월 19일 19시,토요일,대전광역시 중구 유천동,중상사고,0,1,0,0,차대사람 - 차도통행중,안전운전불이행,건조,맑음,교차로 - 교차로안,승용,남,30세,상해없음,보행자,남,74세,중상
2017081900100477,2017년 8월 19일 19시,토요일,대전광역시 동구 가양동,중상사고,0,1,0,0,차대사람 - 차도통행중,안전운전불이행,건조,맑음,교차로 - 교차로부근,승용,남,19세,상해없음,보행자,남,60세,중상
2017081900100478,2017년 8월 19일 19시,토요일,대전광역시 서구 도마동,경상사고,0,0,1,0,차대차 - 측면충돌,안전운전불이행,건조,맑음,단일로 - 기타,화물,남,69세,상해없음,승합,남,34세,상해없음
2017081900100504,2017년 8월 19일 20시,토요일,대전광역시 유성구 봉명동,중상사고,0,1,2,0,차대사람 - 횡단중,안전운전불이행,젖음/습기,비,단일로 - 기타,승용,남,39세,상해없음,보행자,남,34세,경상
2017081900100533,2017년 8월 19일 21시,토요일,대전광역시 대덕구 중리동,경상사고,0,0,1,0,차대차 - 후진중충돌,안전운전불이행,건조,맑음,교차로 - 교차로부근,승용,여,54세,상해없음,승용,남,49세,상해없음
2017082000100037,2017년 8월 20일 00시,일요일,대전광역시 서구 둔산동,중상사고,0,1,1,0,차대사람 - 횡단중,안전운전불이행,건조,맑음,교차로 - 교차로횡단보도내,승용,남,20세,상해없음,보행자,남,15세,경상
2017082000100091,2017년 8월 20일 02시,일요일,대전광역시 중구 유천동,경상사고,0,0,1,0,차대차 - 측면충돌,신호위반,건조,맑음,교차로 - 교차로안,승용,남,19세,상해없음,승용,남,36세,경상
2017082000100092,2017년 8월 20일 02시,일요일,대전광역시 중구 산성동,중상사고,0,1,1,0,차대차 - 측면충돌,안전운전불이행,건조,흐림,교차로 - 교차로안,승용,남,34세,상해없음,승용,남,61세,중상
2017082000100093,2017년 8월 20일 02시,일요일,대전광역시 서구 월평동,중상사고,0,1,1,0,차대사람 - 기타,안전운전불이행,건조,맑음,교차로 - 교차로횡단보도내,승용,여,62세,상해없음,보행자,남,28세,중상
2017082000100104,2017년 8월 20일 03시,일요일,대전광역시 서구 도마동,경상사고,0,0,3,0,차대차 - 측면충돌,안전운전불이행,건조,맑음,교차로 - 교차로안,승용,남,23세,경상,승용,남,70세,경상
2017082000100117,2017년 8월 20일 04시,일요일,대전광역시 대덕구 오정동,경상사고,0,0,3,0,차대차 - 추돌,안전운전불이행,젖음/습기,비,교차로 - 교차로부근,승용,남,31세,상해없음,승용,남,51세,경상
2017082000100173,2017년 8월 20일 09시,일요일,대전광역시 대덕구 송촌동,중상사고,0,1,0,0,차대사람 - 기타,안전운전불이행,젖음/습기,비,단일로 - 기타,승용,남,63세,상해없음,보행자,남,68세,중상
2017082000100174,2017년 8월 20일 09시,일요일,대전광역시 대덕구 중리동,중상사고,0,1,0,0,차대차 - 추돌,신호위반,젖음/습기,비,단일로 - 기타,화물,남,60세,상해없음,이륜,여,66세,중상
2017082000100175,2017년 8월 20일 09시,일요일,대전광역시 대덕구 신탄진동,경상사고,0,0,2,0,차대차 - 추돌,안전운전불이행,젖음/습기,비,교차로 - 교차로부근,승용,남,30세,상해없음,승용,여,23세,경상
2017082000100204,2017년 8월 20일 10시,일요일,대전광역시 중구 석교동,경상사고,0,0,1,0,차대차 - 측면충돌,안전운전불이행,건조,맑음,단일로 - 기타,승용,남,59세,상해없음,승용,여,47세,경상
2017082000100224,2017년 8월 20일 11시,일요일,대전광역시 유성구 장대동,중상사고,0,1,0,0,차대차 - 기타,안전운전불이행,젖음/습기,흐림,교차로 - 교차로안,승용,남,54세,상해없음,이륜,남,21세,중상
2017082000100245,2017년 8월 20일 12시,일요일,대전광역시 대덕구 읍내동,경상사고,0,0,1,0,차대차 - 기타,교차로운행방법위반,건조,맑음,교차로 - 교차로안,화물,남,39세,상해없음,승용,여,46세,경상
2017082000100294,2017년 8월 20일 14시,일요일,대전광역시 동구 용전동,경상사고,0,0,2,0,차대차 - 측면충돌,교차로운행방법위반,건조,맑음,교차로 - 교차로안,승용,남,52세,상해없음,승용,남,29세,경상
2017082000100295,2017년 8월 20일 14시,일요일,대전광역시 동구 하소동,경상사고,0,0,1,0,차대차 - 기타,안전운전불이행,건조,맑음,주차장 - 주차장,승용,여,64세,상해없음,승용,여,44세,경상
2017082000100315,2017년 8월 20일 15시,일요일,대전광역시 중구 대흥동,경상사고,0,0,1,0,차대차 - 측면충돌,안전운전불이행,건조,맑음,단일로 - 기타,승용,여,31세,상해없음,승용,여,42세,경상
2017082000100335,2017년 8월 20일 16시,일요일,대전광역시 동구 홍도동,중상사고,0,1,0,0,차대사람 - 횡단중,안전운전불이행,건조,맑음,단일로 - 기타,승용,남,45세,상해없음,보행자,남,85세,중상
2017082000100445,2017년 8월 20일 20시,일요일,대전광역시 서구 갈마동,경상사고,0,0,2,0,차대차 - 정면충돌,안전운전불이행,젖음/습기,비,단일로 - 기타,승용,남,32세,상해없음,승용,여,39세,경상
2017082000100498,2017년 8월 20일 22시,일요일,대전광역시 서구 둔산동,경상사고,0,0,2,0,차대차 - 측면충돌,신호위반,건조,맑음,교차로 - 교차로안,승용,여,59세,상해없음,승용,남,53세,경상
2017082000100499,2017년 8월 20일 22시,일요일,대전광역시 유성구 지족동,경상사고,0,0,1,0,차대차 - 추돌,안전운전불이행,건조,맑음,단일로 - 기타,승용,여,40세,상해없음,승용,여,34세,경상
2017082000100521,2017년 8월 20일 23시,일요일,대전광역시 동구 가양동,경상사고,0,0,2,0,차대차 - 추돌,안전운전불이행,건조,맑음,단일로 - 기타,승용,남,59세,상해없음,승용,남,56세,경상
2017082100100085,2017년 8월 21일 06시,월요일,대전광역시 서구 갈마동,경상사고,0,0,3,0,차대차 - 측면충돌,안전거리미확보,젖음/습기,흐림,교차로 - 교차로부근,승용,남,57세,상해없음,승용,남,29세,경상
2017082100100118,2017년 8월 21일 07시,월요일,대전광역시 서구 둔산동,경상사고,0,0,2,0,차대차 - 측면충돌,안전거리미확보,젖음/습기,비,단일로 - 기타,승용,여,55세,상해없음,승용,남,56세,경상
2017082100100159,2017년 8월 21일 08시,월요일,대전광역시 중구 대흥동,경상사고,0,0,1,0,차대차 - 추돌,안전운전불이행,젖음/습기,흐림,교차로 - 교차로안,화물,남,55세,상해없음,원동기,남,42세,경상
2017082100100160,2017년 8월 21일 08시,월요일,대전광역시 서구 갈마동,경상사고,0,0,1,0,차대차 - 기타,안전거리미확보,젖음/습기,비,단일로 - 기타,승용,여,49세,상해없음,승용,여,58세,상해없음
2017082100100242,2017년 8월 21일 11시,월요일,대전광역시 중구 문창동,경상사고,0,0,1,0,차대사람 - 횡단중,보행자보호의무위반,젖음/습기,흐림,교차로 - 교차로횡단보도내,화물,남,45세,상해없음,보행자,여,75세,경상
2017082100100243,2017년 8월 21일 11시,월요일,대전광역시 서구 용문동,중상사고,0,1,5,0,차대차 - 측면충돌,신호위반,건조,맑음,교차로 - 교차로안,승용,남,27세,경상,승용,남,54세,경상
2017082100100244,2017년 8월 21일 11시,월요일,대전광역시 유성구 봉명동,경상사고,0,0,1,0,차대사람 - 길가장자리구역통행중,안전운전불이행,건조,맑음,단일로 - 기타,승용,여,33세,상해없음,보행자,남,32세,경상
2017082100100282,2017년 8월 21일 12시,월요일,대전광역시 유성구 안산동,경상사고,0,0,1,0,차량단독 - 도로외이탈 - 추락,안전운전불이행,젖음/습기,비,단일로 - 기타,승용,남,45세,경상,,,,
2017082100100310,2017년 8월 21일 13시,월요일,대전광역시 서구 용문동,경상사고,0,0,3,0,차대차 - 추돌,안전운전불이행,젖음/습기,비,단일로 - 기타,승용,남,44세,상해없음,승용,남,70세,경상
2017082100100327,2017년 8월 21일 14시,월요일,대전광역시 중구 대흥동,경상사고,0,0,1,0,차대사람 - 횡단중,안전운전불이행,젖음/습기,비,교차로 - 교차로안,승용,남,40세,상해없음,보행자,여,48세,경상
2017082100100328,2017년 8월 21일 14시,월요일,대전광역시 동구 용전동,경상사고,0,0,1,0,차대차 - 기타,안전거리미확보,젖음/습기,비,단일로 - 기타,승용,여,19세,상해없음,승용,남,54세,상해없음
2017082100100329,2017년 8월 21일 14시,월요일,대전광역시 대덕구 신탄진동,경상사고,0,0,1,0,차대차 - 추돌,안전운전불이행,건조,맑음,교차로 - 교차로부근,화물,남,70세,상해없음,승용,남,60세,경상
2017082100100330,2017년 8월 21일 14시,월요일,대전광역시 대덕구 오정동,경상사고,0,0,3,0,차대차 - 측면충돌,신호위반,젖음/습기,비,교차로 - 교차로안,승용,여,52세,상해없음,승용,남,27세,경상
2017082100100363,2017년 8월 21일 15시,월요일,대전광역시 동구 천동,중상사고,0,1,0,0,차대차 - 기타,안전거리미확보,젖음/습기,비,단일로 - 기타,승용,남,65세,상해없음,이륜,남,42세,중상
2017082100100413,2017년 8월 21일 16시,월요일,대전광역시 동구 홍도동,경상사고,0,0,1,0,차대차 - 기타,안전거리미확보,젖음/습기,흐림,교차로 - 교차로부근,승용,여,28세,상해없음,원동기,남,49세,경상
2017082100100414,2017년 8월 21일 16시,월요일,대전광역시 동구 가오동,중상사고,0,2,0,0,차대차 - 추돌,안전운전불이행,젖음/습기,비,교차로 - 교차로부근,승용,남,31세,상해없음,승용,여,44세,중상
2017082100100455,2017년 8월 21일 17시,월요일,대전광역시 중구 호동,경상사고,0,0,1,0,차대차 - 측면충돌,안전운전불이행,젖음/습기,비,교차로 - 교차로안,승용,남,49세,상해없음,원동기,남,22세,경상
2017082100100456,2017년 8월 21일 17시,월요일,대전광역시 중구 태평동,경상사고,0,0,1,0,차대차 - 측면충돌,안전운전불이행,젖음/습기,비,단일로 - 기타,승용,남,60세,상해없음,자전거,남,48세,경상
2017082100100457,2017년 8월 21일 17시,월요일,대전광역시 서구 괴곡동,경상사고,0,0,1,0,차대차 - 후진중충돌,안전운전불이행,젖음/습기,비,단일로 - 기타,화물,남,54세,상해없음,승용,여,51세,경상
2017082100100458,2017년 8월 21일 17시,월요일,대전광역시 대덕구 중리동,경상사고,0,0,1,0,차대사람 - 횡단중,보행자보호의무위반,건조,맑음,교차로 - 교차로횡단보도내,승용,여,62세,상해없음,보행자,여,14세,경상
2017082100100459,2017년 8월 21일 17시,월요일,대전광역시 대덕구 오정동,경상사고,0,0,1,0,차대차 - 기타,안전운전불이행,젖음/습기,비,교차로 - 교차로안,승용,남,45세,상해없음,승용,여,49세,경상
2017082100100460,2017년 8월 21일 17시,월요일,대전광역시 서구 탄방동,부상신고사고,0,0,0,1,차대차 - 기타,안전운전불이행,젖음/습기,맑음,교차로 - 교차로안,원동기,남,55세,상해없음,승용,남,42세,부상신고
2017082100100497,2017년 8월 21일 18시,월요일,대전광역시 중구 문화동,경상사고,0,0,1,0,차대사람 - 횡단중,보행자보호의무위반,젖음/습기,비,교차로 - 교차로횡단보도내,승용,여,46세,상해없음,보행자,여,22세,경상
2017082100100498,2017년 8월 21일 18시,월요일,대전광역시 대덕구 덕암동,중상사고,0,1,0,0,차대차 - 기타,안전운전불이행,건조,맑음,교차로 - 교차로안,승합,남,60세,상해없음,이륜,남,39세,중상
2017082100100531,2017년 8월 21일 19시,월요일,대전광역시 중구 문창동,경상사고,0,0,1,0,차대차 - 측면충돌,중앙선침범,젖음/습기,비,단일로 - 기타,승용,남,68세,상해없음,원동기,남,17세,경상
2017082100100532,2017년 8월 21일 19시,월요일,대전광역시 대덕구 오정동,중상사고,0,1,1,0,차대차 - 기타,신호위반,건조,맑음,교차로 - 교차로안,승합,남,53세,상해없음,승용,남,55세,중상
2017082100100570,2017년 8월 21일 20시,월요일,대전광역시 동구 홍도동,경상사고,0,0,1,0,차대사람 - 차도통행중,안전운전불이행,젖음/습기,비,단일로 - 기타,승용,여,58세,상해없음,보행자,남,22세,경상
2017082100100608,2017년 8월 21일 21시,월요일,대전광역시 서구 둔산동,중상사고,0,1,0,0,차대사람 - 기타,보행자보호의무위반,젖음/습기,흐림,교차로 - 교차로횡단보도내,화물,남,62세,상해없음,보행자,여,53세,중상
2017082100100636,2017년 8월 21일 22시,월요일,대전광역시 중구 부사동,중상사고,0,1,0,0,차대사람 - 횡단중,보행자보호의무위반,건조,맑음,단일로 - 기타,승용,남,61세,상해없음,보행자,남,16세,중상
2017082200100045,2017년 8월 22일 01시,화요일,대전광역시 동구 인동,중상사고,0,1,0,0,차대차 - 측면충돌,신호위반,건조,흐림,교차로 - 교차로안,원동기,남,19세,중상,승용,남,45세,상해없음
2017082200100046,2017년 8월 22일 01시,화요일,대전광역시 서구 내동,부상신고사고,0,0,0,1,차대차 - 측면충돌,안전거리미확보,건조,맑음,교차로 - 교차로부근,이륜,남,17세,부상신고,승용,남,22세,상해없음
2017082200100054,2017년 8월 22일 02시,화요일,대전광역시 서구 도마동,중상사고,0,1,1,0,차대차 - 측면충돌,교차로운행방법위반,건조,맑음,교차로 - 교차로부근,승용,남,72세,상해없음,이륜,남,20세,중상
2017082200100066,2017년 8월 22일 04시,화요일,대전광역시 유성구 원신흥동,중상사고,0,1,0,0,차대차 - 추돌,안전운전불이행,건조,맑음,교차로 - 교차로부근,승합,남,34세,상해없음,승용,남,73세,중상
2017082200100094,2017년 8월 22일 06시,화요일,대전광역시 중구 산성동,중상사고,0,1,0,0,차대차 - 측면충돌,안전운전불이행,건조,맑음,교차로 - 교차로안,승용,남,78세,상해없음,승용,남,62세,중상