사고번호,사고일시,요일,시군구,사고내용,사망자수,중상자수,경상자수,부상신고자수,사고유형,법규위반,노면상태,기상상태,도로형태,가해운전자 차종,가해운전자 성별,가해운전자 연령,가해운전자 상해정도,피해운전자 차종,피해운전자 성별,피해운전자 연령,피해운전자 상해정도
2017090800100228,2017년 9월 8일 10시,금요일,대전광역시 대덕구 중리동,경상사고,0,0,1,0,차대사람 - 기타,안전운전불이행,건조,맑음,단일로 - 기타,승용,남,43세,상해없음,보행자,여,61세,경상
2017090800100259,2017년 9월 8일 11시,금요일,대전광역시 동구 가양동,부상신고사고,0,0,0,1,차대차 - 측면충돌,안전운전불이행,건조,맑음,단일로 - 기타,원동기,남,52세,부상신고,승용,남,47세,상해없음
2017090800100260,2017년 9월 8일 11시,금요일,대전광역시 동구 용운동,경상사고,0,0,1,0,차대차 - 측면충돌,안전운전불이행,건조,맑음,단일로 - 기타,자전거,남,25세,경상,화물,남,44세,기타불명
2017090800100261,2017년 9월 8일 11시,금요일,대전광역시 대덕구 삼정동,경상사고,0,0,1,0,차대차 - 측면충돌,안전운전불이행,건조,맑음,단일로 - 기타,농기계,남,60세,상해없음,승용,여,55세,경상
2017090800100290,2017년 9월 8일 12시,금요일,대전광역시 서구 가장동,중상사고,0,1,0,0,차대차 - 기타,안전운전불이행,건조,맑음,교차로 - 교차로안,자전거,남,30세,중상,승합,남,41세,상해없음
2017090800100318,2017년 9월 8일 13시,금요일,대전광역시 서구 월평동,경상사고,0,0,2,0,차대차 - 기타,신호위반,건조,맑음,교차로 - 교차로안,승용,여,34세,상해없음,승용,남,49세,경상
2017090800100354,2017년 9월 8일 14시,금요일,대전광역시 서구 둔산동,중상사고,0,1,0,0,차량단독 - 공작물충돌,안전운전불이행,건조,맑음,단일로 - 기타,승합,남,47세,상해없음,,,,
2017090800100355,2017년 9월 8일 14시,금요일,대전광역시 유성구 노은동,경상사고,0,0,1,0,차대차 - 기타,안전거리미확보,건조,맑음,단일로 - 기타,화물,남,59세,상해없음,승용,남,72세,경상
2017090800100484,2017년 9월 8일 17시,금요일,대전광역시 중구 문화동,중상사고,0,1,0,0,차대사람 - 횡단중,안전운전불이행,건조,맑음,단일로 - 기타,화물,남,56세,상해없음,보행자,여,36세,중상
2017090800100485,2017년 9월 8일 17시,금요일,대전광역시 서구 변동,경상사고,0,0,1,0,차대차 - 측면충돌,신호위반,건조,맑음,교차로 - 교차로안,승용,남,70세,상해없음,이륜,남,47세,경상
2017090800100486,2017년 9월 8일 17시,금요일,대전광역시 서구 도마동,경상사고,0,0,1,0,차대차 - 정면충돌,신호위반,건조,맑음,교차로 - 교차로안,승용,남,56세,상해없음,승용,남,50세,상해없음
2017090800100487,2017년 9월 8일 17시,금요일,대전광역시 유성구 죽동,경상사고,0,0,1,0,차대사람 - 횡단중,보행자보호의무위반,건조,맑음,단일로 - 기타,승용,남,45세,상해없음,보행자,남,31세,경상
2017090800100529,2017년 9월 8일 18시,금요일,대전광역시 서구 가장동,경상사고,0,0,1,0,차대차 - 기타,안전거리미확보,건조,맑음,교차로 - 교차로부근,승용,여,19세,상해없음,승합,남,44세,경상
2017090800100579,2017년 9월 8일 19시,금요일,대전광역시 동구 용전동,경상사고,0,0,1,0,차대차 - 후진중충돌,안전운전불이행,건조,맑음,단일로 - 기타,승용,여,20세,상해없음,승용,여,50세,경상
2017090800100580,2017년 9월 8일 19시,금요일,대전광역시 대덕구 중리동,경상사고,0,0,1,0,차대사람 - 기타,안전운전불이행,건조,맑음,단일로 - 기타,화물,남,57세,상해없음,보행자,여,46세,경상
2017090800100581,2017년 9월 8일 19시,금요일,대전광역시 대덕구 송촌동,경상사고,0,0,1,0,차대차 - 측면충돌,안전운전불이행,건조,맑음,단일로 - 기타,화물,남,63세,상해없음,승용,여,30세,경상
2017090800100582,2017년 9월 8일 19시,금요일,대전광역시 대덕구 읍내동,경상사고,0,0,2,0,차대차 - 추돌,안전운전불이행,건조,맑음,단일로 - 기타,화물,남,75세,상해없음,화물,남,54세,경상
2017090800100583,2017년 9월 8일 19시,금요일,대전광역시 대덕구 신대동,중상사고,0,1,0,0,차대사람 - 기타,안전운전불이행,건조,맑음,단일로 - 기타,자전거,남,53세,상해없음,보행자,남,59세,중상
2017090800100584,2017년 9월 8일 19시,금요일,대전광역시 서구 둔산동,중상사고,0,1,0,0,차대사람 - 횡단중,안전운전불이행,건조,맑음,교차로 - 교차로부근,승용,여,55세,상해없음,보행자,여,38세,중상
2017090800100585,2017년 9월 8일 19시,금요일,대전광역시 유성구 봉명동,경상사고,0,0,1,0,차대차 - 측면충돌,안전거리미확보,건조,맑음,교차로 - 교차로부근,승용,남,29세,상해없음,이륜,남,22세,경상
2017090800100623,2017년 9월 8일 20시,금요일,대전광역시 중구 대사동,경상사고,0,0,1,0,차대차 - 후진중충돌,불법유턴,건조,맑음,단일로 - 기타,승용,여,61세,상해없음,승용,남,33세,경상
2017090800100624,2017년 9월 8일 20시,금요일,대전광역시 서구 도마동,경상사고,0,0,1,0,차대사람 - 보도통행중,기타,건조,맑음,교차로 - 교차로부근,승용,남,69세,상해없음,보행자,남,25세,경상
2017090800100625,2017년 9월 8일 20시,금요일,대전광역시 유성구 원신흥동,경상사고,0,0,2,0,차대차 - 측면충돌,안전거리미확보,건조,맑음,단일로 - 기타,승용,남,35세,상해없음,승용,남,46세,경상
2017090800100658,2017년 9월 8일 21시,금요일,대전광역시 서구 변동,중상사고,0,1,0,0,차대차 - 측면충돌,안전운전불이행,건조,맑음,단일로 - 기타,자전거,남,18세,중상,승용,남,46세,상해없음
2017090800100659,2017년 9월 8일 21시,금요일,대전광역시 유성구 궁동,경상사고,0,0,1,0,차대사람 - 길가장자리구역통행중,안전운전불이행,건조,맑음,단일로 - 기타,승용,여,24세,상해없음,보행자,남,19세,경상
2017090800100660,2017년 9월 8일 21시,금요일,대전광역시 유성구 봉명동,경상사고,0,0,1,0,차대차 - 추돌,안전운전불이행,건조,맑음,단일로 - 기타,승용,남,41세,상해없음,승용,남,44세,경상
2017090800100699,2017년 9월 8일 22시,금요일,대전광역시 서구 용문동,사망사고,1,0,0,0,차대사람 - 기타,안전운전불이행,건조,맑음,교차로 - 교차로부근,승용,남,51세,상해없음,보행자,여,67세,사망
2017090800100722,2017년 9월 8일 23시,금요일,대전광역시 동구 용전동,경상사고,0,0,2,0,차대차 - 추돌,안전운전불이행,건조,맑음,단일로 - 기타,승용,남,40세,상해없음,승용,여,32세,경상
2017090900100044,2017년 9월 9일 01시,토요일,대전광역시 서구 둔산동,중상사고,0,1,0,0,차대사람 - 기타,안전운전불이행,건조,맑음,단일로 - 기타,승용,남,25세,상해없음,보행자,남,46세,중상
2017090900100057,2017년 9월 9일 02시,토요일,대전광역시 대덕구 석봉동,경상사고,0,0,2,0,차대차 - 측면충돌,안전운전불이행,건조,맑음,교차로 - 교차로부근,승용,남,46세,상해없음,승용,남,60세,경상
2017090900100091,2017년 9월 9일 04시,토요일,대전광역시 서구 도마동,중상사고,0,1,0,0,차대사람 - 차도통행중,안전운전불이행,건조,맑음,단일로 - 기타,화물,남,65세,상해없음,보행자,남,58세,중상
2017090900100111,2017년 9월 9일 05시,토요일,대전광역시 유성구 원내동,경상사고,0,0,1,0,차대차 - 추돌,신호위반,건조,맑음,교차로 - 교차로안,승용,남,70세,상해없음,화물,남,39세,경상
2017090900100250,2017년 9월 9일 11시,토요일,대전광역시 중구 태평동,중상사고,0,1,0,0,차대차 - 측면충돌,신호위반,건조,맑음,교차로 - 교차로안,승용,남,44세,상해없음,승용,남,32세,중상
2017090900100328,2017년 9월 9일 13시,토요일,대전광역시 중구 산성동,경상사고,0,0,2,0,차대차 - 추돌,안전운전불이행,건조,맑음,교차로 - 교차로부근,화물,남,56세,상해없음,승용,남,34세,경상
2017090900100556,2017년 9월 9일 19시,토요일,대전광역시 동구 대동,경상사고,0,0,1,0,차대차 - 측면충돌,교차로운행방법위반,건조,맑음,교차로 - 교차로안,승용,남,73세,상해없음,승용,여,64세,경상
2017090900100557,2017년 9월 9일 19시,토요일,대전광역시 서구 관저동,중상사고,0,1,0,0,차대차 - 측면충돌,신호위반,건조,맑음,교차로 - 교차로부근,승용,남,29세,상해없음,이륜,남,29세,중상
2017090900100558,2017년 9월 9일 19시,토요일,대전광역시 서구 갈마동,경상사고,0,0,1,0,차대차 - 기타,중앙선침범,건조,맑음,단일로 - 기타,승용,남,28세,상해없음,이륜,남,27세,경상
2017090900100593,2017년 9월 9일 20시,토요일,대전광역시 동구 가오동,중상사고,0,1,0,0,차대차 - 측면충돌,불법유턴,건조,흐림,단일로 - 기타,승용,남,52세,상해없음,원동기,남,28세,중상
2017090900100594,2017년 9월 9일 20시,토요일,대전광역시 서구 둔산동,중상사고,0,2,0,0,차대차 - 추돌,안전운전불이행,건조,맑음,단일로 - 기타,승용,남,56세,상해없음,승용,남,31세,중상
2017090900100595,2017년 9월 9일 20시,토요일,대전광역시 유성구 봉명동,경상사고,0,0,3,0,차대차 - 기타,안전운전불이행,건조,맑음,단일로 - 기타,승용,남,60세,상해없음,승용,남,32세,경상
2017090900100629,2017년 9월 9일 21시,토요일,대전광역시 동구 가양동,경상사고,0,0,1,0,차대차 - 측면충돌,안전운전불이행,건조,흐림,단일로 - 기타,승용,남,29세,경상,화물,남,55세,기타불명
2017090900100630,2017년 9월 9일 21시,토요일,대전광역시 서구 탄방동,경상사고,0,0,4,0,차대차 - 추돌,안전운전불이행,건조,맑음,단일로 - 기타,승용,남,71세,상해없음,승용,여,37세,경상
2017091000100033,2017년 9월 10일 00시,일요일,대전광역시 서구 월평동,중상사고,0,1,0,0,차대차 - 측면충돌,안전운전불이행,건조,맑음,교차로 - 교차로안,승용,남,58세,상해없음,승용,여,40세,중상
2017091000100075,2017년 9월 10일 03시,일요일,대전광역시 서구 갈마동,경상사고,0,0,1,0,차대차 - 측면충돌,신호위반,건조,맑음,교차로 - 교차로안,승용,남,31세,상해없음,승용,남,54세,경상
2017091000100101,2017년 9월 10일 05시,일요일,대전광역시 중구 대흥동,경상사고,0,0,2,0,차대차 - 측면충돌,신호위반,건조,맑음,교차로 - 교차로안,승용,남,32세,상해없음,승용,남,47세,경상
2017091000100102,2017년 9월 10일 05시,일요일,대전광역시 서구 둔산동,경상사고,0,0,1,0,차대사람 - 길가장자리구역통행중,안전운전불이행,건조,맑음,단일로 - 기타,승용,남,28세,상해없음,보행자,남,27세,경상
2017091000100120,2017년 9월 10일 07시,일요일,대전광역시 대덕구 비래동,경상사고,0,0,1,0,차대차 - 기타,중앙선침범,건조,맑음,단일로 - 기타,화물,남,33세,상해없음,건설기계,남,55세,경상
2017091000100158,2017년 9월 10일 09시,일요일,대전광역시 중구 대사동,중상사고,0,1,2,0,차대차 - 측면충돌,신호위반,건조,맑음,교차로 - 교차로안,승용,남,54세,상해없음,승용,남,63세,경상
2017091000100218,2017년 9월 10일 12시,일요일,대전광역시 유성구 반석동,경상사고,0,0,2,0,차대차 - 추돌,안전운전불이행,건조,맑음,교차로 - 교차로부근,승용,여,45세,상해없음,승용,남,30세,경상
2017091000100280,2017년 9월 10일 14시,일요일,대전광역시 중구 유천동,경상사고,0,0,1,0,차대차 - 측면충돌,안전운전불이행,건조,맑음,단일로 - 기타,승용,남,74세,상해없음,승용,남,61세,경상
2017091000100305,2017년 9월 10일 15시,일요일,대전광역시 유성구 신성동,경상사고,0,0,1,0,차대차 - 기타,안전운전불이행,건조,맑음,교차로 - 교차로부근,승용,여,63세,상해없음,승용,여,25세,경상
2017091000100337,2017년 9월 10일 16시,일요일,대전광역시 서구 도마동,경상사고,0,0,1,0,차대차 - 측면충돌,차로위반,건조,맑음,단일로 - 기타,승용,남,22세,상해없음,이륜,남,52세,경상
2017091000100406,2017년 9월 10일 18시,일요일,대전광역시 유성구 봉명동,경상사고,0,0,1,0,차대차 - 측면충돌,안전운전불이행,건조,맑음,단일로 - 기타,승용,남,45세,상해없음,자전거,여,23세,경상
2017091000100446,2017년 9월 10일 19시,일요일,대전광역시 서구 갈마동,경상사고,0,0,1,0,차대사람 - 길가장자리구역통행중,안전운전불이행,건조,맑음,단일로 - 기타,승용,여,48세,상해없음,보행자,여,38세,경상
2017091000100473,2017년 9월 10일 20시,일요일,대전광역시 유성구 학하동,경상사고,0,0,3,0,차대차 - 추돌,안전운전불이행,건조,맑음,단일로 - 기타,승용,여,51세,상해없음,승용,남,38세,경상
2017091000100523,2017년 9월 10일 22시,일요일,대전광역시 유성구 궁동,경상사고,0,0,1,0,차대차 - 추돌,안전운전불이행,건조,맑음,단일로 - 기타,승용,남,50세,상해없음,승용,여,30세,경상
2017091000100542,2017년 9월 10일 23시,일요일,대전광역시 유성구 봉명동,경상사고,0,0,1,0,차대차 - 측면충돌,신호위반,건조,맑음,교차로 - 교차로안,승용,남,71세,상해없음,이륜,남,44세,경상
2017091000100543,2017년 9월 10일 23시,일요일,대전광역시 유성구 죽동,경상사고,0,0,3,0,차대차 - 측면충돌,안전운전불이행,건조,맑음,단일로 - 기타,승용,남,52세,상해없음,승용,남,58세,경상
2017091100100031,2017년 9월 11일 00시,월요일,대전광역시 동구 가양동,중상사고,0,1,0,0,차대차 - 측면충돌,신호위반,건조,맑음,단일로 - 기타,원동기,남,16세,상해없음,자전거,남,72세,중상
2017091100100032,2017년 9월 11일 00시,월요일,대전광역시 동구 삼성동,중상사고,0,1,1,0,차대차 - 측면충돌,신호위반,건조,맑음,교차로 - 교차로안,승용,남,44세,상해없음,승용,남,57세,중상
2017091100100074,2017년 9월 11일 04시,월요일,대전광역시 유성구 송강동,경상사고,0,0,1,0,차대차 - 정면충돌,중앙선침범,젖음/습기,비,단일로 - 기타,승용,여,57세,상해없음,승용,남,58세,경상
2017091100100118,2017년 9월 11일 06시,월요일,대전광역시 유성구 죽동,경상사고,0,0,1,0,차대차 - 정면충돌,신호위반,젖음/습기,비,교차로 - 교차로안,승용,남,68세,상해없음,승용,남,72세,경상
2017091100100151,2017년 9월 11일 07시,월요일,대전광역시 중구 선화동,경상사고,0,0,1,0,차대사람 - 횡단중,안전운전불이행,젖음/습기,비,교차로 - 교차로안,승용,여,58세,상해없음,보행자,여,68세,경상
2017091100100202,2017년 9월 11일 08시,월요일,대전광역시 동구 삼성동,중상사고,0,1,0,0,차대차 - 측면충돌,교차로운행방법위반,건조,맑음,교차로 - 교차로안,승합,남,46세,상해없음,자전거,여,49세,중상
2017091100100203,2017년 9월 11일 08시,월요일,대전광역시 서구 관저동,경상사고,0,0,1,0,차대차 - 측면충돌,안전거리미확보,건조,맑음,교차로 - 교차로안,승용,여,43세,상해없음,승용,여,43세,경상
2017091100100249,2017년 9월 11일 09시,월요일,대전광역시 동구 가양동,경상사고,0,0,2,0,차대차 - 측면충돌,신호위반,건조,맑음,교차로 - 교차로안,승용,남,20세,상해없음,승용,남,47세,경상
2017091100100250,2017년 9월 11일 09시,월요일,대전광역시 대덕구 중리동,중상사고,0,1,0,0,차대사람 - 횡단중,안전운전불이행,젖음/습기,비,교차로 - 교차로횡단보도내,승용,남,48세,상해없음,보행자,여,60세,중상
2017091100100251,2017년 9월 11일 09시,월요일,대전광역시 서구 둔산동,경상사고,0,0,3,0,차대차 - 기타,안전운전불이행,젖음/습기,비,교차로 - 교차로안,승용,여,38세,경상,승용,남,57세,경상
2017091100100283,2017년 9월 11일 10시,월요일,대전광역시 서구 도마동,경상사고,0,0,2,0,차대차 - 추돌,안전운전불이행,젖음/습기,비,교차로 - 교차로부근,이륜,남,19세,경상,승용,남,23세,경상
2017091100100343,2017년 9월 11일 12시,월요일,대전광역시 중구 산성동,중상사고,0,1,0,0,차대사람 - 차도통행중,안전운전불이행,건조,맑음,단일로 - 기타,승용,남,73세,상해없음,보행자,여,59세,중상
2017091100100344,2017년 9월 11일 12시,월요일,대전광역시 동구 대동,중상사고,0,1,0,0,차대차 - 추돌,안전거리미확보,건조,맑음,단일로 - 기타,승용,남,24세,상해없음,승용,여,19세,중상
2017091100100365,2017년 9월 11일 13시,월요일,대전광역시 중구 대사동,경상사고,0,0,1,0,차대차 - 추돌,안전운전불이행,건조,맑음,교차로 - 교차로안,승용,남,62세,상해없음,승용,남,79세,경상
2017091100100456,2017년 9월 11일 16시,월요일,대전광역시 대덕구 덕암동,경상사고,0,0,1,0,차대사람 - 차도통행중,안전운전불이행,건조,맑음,단일로 - 기타,승용,남,78세,상해없음,보행자,여,64세,경상
2017091100100484,2017년 9월 11일 17시,월요일,대전광역시 대덕구 비래동,경상사고,0,0,2,0,차대차 - 측면충돌,안전운전불이행,건조,맑음,교차로 - 교차로안,승용,여,43세,상해없음,승용,남,61세,경상
2017091100100485,2017년 9월 11일 17시,월요일,대전광역시 유성구 원내동,경상사고,0,0,1,0,차대차 - 측면충돌,신호위반,건조,흐림,교차로 - 교차로안,화물,여,49세,상해없음,승용,여,49세,경상
2017091100100564,2017년 9월 11일 19시,월요일,대전광역시 서구 도마동,경상사고,0,0,1,0,차대차 - 측면충돌,안전운전불이행,건조,맑음,단일로 - 기타,승용,남,51세,상해없음,승용,여,49세,경상
2017091100100620,2017년 9월 11일 21시,월요일,대전광역시 중구 태평동,경상사고,0,0,1,0,차대차 - 추돌,안전운전불이행,건조,흐림,교차로 - 교차로부근,화물,남,25세,상해없음,승용,여,29세,경상
2017091100100621,2017년 9월 11일 21시,월요일,대전광역시 유성구 장대동,중상사고,0,1,0,0,차대사람 - 횡단중,안전운전불이행,건조,맑음,교차로 - 교차로부근,승용,남,68세,상해없음,보행자,남,23세,중상
2017091100100672,2017년 9월 11일 23시,월요일,대전광역시 중구 선화동,경상사고,0,0,1,0,차대차 - 측면충돌,안전운전불이행,건조,맑음,단일로 - 기타,승용,남,44세,상해없음,승용,여,42세,경상
2017091200100045,2017년 9월 12일 01시,화요일,대전광역시 서구 갈마동,경상사고,0,0,1,0,차대차 - 측면충돌,중앙선침범,건조,맑음,단일로 - 기타,승용,남,51세,상해없음,화물,남,66세,상해없음
2017091200100071,2017년 9월 12일 05시,화요일,대전광역시 유성구 궁동,부상신고사고,0,0,0,1,차량단독 - 전도전복,안전운전불이행,젖음/습기,비,단일로 - 기타,이륜,남,59세,부상신고,미분류,미분류,미분류,미분류
2017091200100085,2017년 9월 12일 06시,화요일,대전광역시 서구 관저동,경상사고,0,0,1,0,차대사람 - 차도통행중,안전운전불이행,건조,맑음,단일로 - 기타,화물,남,53세,상해없음,보행자,여,84세,경상
2017091200100159,2017년 9월 12일 08시,화요일,대전광역시 동구 가양동,경상사고,0,0,2,0,차대차 - 추돌,안전운전불이행,건조,맑음,단일로 - 기타,승용,남,25세,상해없음,승용,남,67세,경상
2017091200100193,2017년 9월 12일 09시,화요일,대전광역시 중구 대사동,경상사고,0,0,2,0,차대차 - 측면충돌,신호위반,건조,맑음,교차로 - 교차로부근,승용,남,48세,상해없음,승용,남,50세,경상
2017091200100223,2017년 9월 12일 10시,화요일,대전광역시 중구 대흥동,경상사고,0,0,1,0,차량단독 - 기타,기타,건조,맑음,단일로 - 기타,승합,남,48세,상해없음,,,,
2017091200100224,2017년 9월 12일 10시,화요일,대전광역시 동구 삼성동,경상사고,0,0,1,0,차대차 - 기타,안전거리미확보,건조,맑음,교차로 - 교차로부근,화물,남,47세,상해없음,승합,남,47세,상해없음
2017091200100302,2017년 9월 12일 13시,화요일,대전광역시 유성구 덕명동,중상사고,0,1,4,0,차대차 - 추돌,안전운전불이행,건조,맑음,교차로 - 교차로부근,승용,남,50세,상해없음,승용,여,59세,경상
2017091200100327,2017년 9월 12일 14시,화요일,대전광역시 서구 도마동,중상사고,0,1,0,0,차량단독 - 기타,안전운전불이행,건조,맑음,단일로 - 기타,승합,남,47세,상해없음,,,,
2017091200100388,2017년 9월 12일 16시,화요일,대전광역시 대덕구 연축동,경상사고,0,0,4,0,차대차 - 기타,안전운전불이행,건조,맑음,단일로 - 기타,승용,여,21세,상해없음,승합,남,50세,경상
2017091200100441,2017년 9월 12일 17시,화요일,대전광역시 서구 둔산동,중상사고,0,1,0,0,차대차 - 추돌,안전운전불이행,건조,맑음,단일로 - 기타,승용,여,58세,상해없음,자전거,남,54세,중상
2017091200100442,2017년 9월 12일 17시,화요일,대전광역시 유성구 원내동,경상사고,0,0,1,0,차대차 - 측면충돌,안전운전불이행,건조,맑음,단일로 - 기타,승용,남,50세,상해없음,자전거,남,76세,경상
2017091200100552,2017년 9월 12일 20시,화요일,대전광역시 유성구 구암동,경상사고,0,0,1,0,차대차 - 측면충돌,신호위반,건조,맑음,교차로 - 교차로안,승용,여,50세,상해없음,승용,여,25세,경상
2017091200100609,2017년 9월 12일 23시,화요일,대전광역시 서구 월평동,중상사고,0,1,0,0,차대차 - 측면충돌,과속,건조,맑음,단일로 - 기타,승용,남,72세,상해없음,이륜,여,45세,중상
2017091300100035,2017년 9월 13일 00시,수요일,대전광역시 서구 만년동,중상사고,0,1,3,0,차대차 - 정면충돌,신호위반,건조,맑음,교차로 - 교차로안,승용,남,41세,상해없음,승합,남,75세,경상
2017091300100044,2017년 9월 13일 01시,수요일,대전광역시 서구 만년동,경상사고,0,0,1,0,차대차 - 측면충돌,신호위반,건조,맑음,교차로 - 교차로안,승용,남,47세,상해없음,승용,남,31세,경상
2017091300100045,2017년 9월 13일 01시,수요일,대전광역시 서구 월평동,중상사고,0,1,0,0,차대차 - 측면충돌,신호위반,건조,맑음,교차로 - 교차로안,승용,남,26세,상해없음,화물,남,54세,중상
2017091300100056,2017년 9월 13일 03시,수요일,대전광역시 대덕구 법동,경상사고,0,0,1,0,차대사람 - 횡단중,신호위반,건조,맑음,교차로 - 교차로안,승용,남,75세,상해없음,보행자,여,73세,경상
2017091300100067,2017년 9월 13일 05시,수요일,대전광역시 중구 태평동,중상사고,0,1,0,0,차대사람 - 횡단중,보행자보호의무위반,건조,맑음,교차로 - 교차로횡단보도내,승용,여,64세,상해없음,보행자,여,80세,중상
2017091300100081,2017년 9월 13일 06시,수요일,대전광역시 서구 만년동,경상사고,0,0,1,0,차대차 - 측면충돌,안전거리미확보,건조,맑음,교차로 - 교차로부근,승합,남,46세,상해없음,승용,남,29세,경상
2017091300100255,2017년 9월 13일 11시,수요일,대전광역시 동구 원동,중상사고,0,1,0,0,차대사람 - 기타,안전운전불이행,건조,맑음,단일로 - 기타,화물,남,55세,상해없음,보행자,여,87세,중상
2017091300100256,2017년 9월 13일 11시,수요일,대전광역시 동구 원동,중상사고,0,1,0,0,차대사람 - 차도통행중,안전운전불이행,건조,맑음,교차로 - 교차로부근,승용,남,65세,상해없음,보행자,남,39세,중상
2017091300100257,2017년 9월 13일 11시,수요일,대전광역시 대덕구 오정동,중상사고,0,1,0,0,차대차 - 측면충돌,교차로운행방법위반,건조,맑음,교차로 - 교차로횡단보도내,승용,여,71세,상해없음,자전거,여,75세,중상
2017091300100295,2017년 9월 13일 12시,수요일,대전광역시 중구 문화동,중상사고,0,1,0,0,차대사람 - 차도통행중,안전운전불이행,건조,맑음,단일로 - 기타,승용,남,48세,상해없음,보행자,여,59세,중상
2017091300100328,2017년 9월 13일 13시,수요일,대전광역시 동구 삼성동,경상사고,0,0,2,0,차대차 - 측면충돌,안전운전불이행,건조,맑음,교차로 - 교차로부근,승용,남,56세,상해없음,승용,여,48세,경상
2017091300100329,2017년 9월 13일 13시,수요일,대전광역시 유성구 봉명동,중상사고,0,1,0,0,차대차 - 기타,안전운전불이행,건조,맑음,단일로 - 기타,승용,남,57세,상해없음,이륜,남,22세,중상
2017091300100407,2017년 9월 13일 15시,수요일,대전광역시 서구 도마동,경상사고,0,0,1,0,차대차 - 추돌,안전거리미확보,건조,맑음,교차로 - 교차로부근,승용,남,73세,상해없음,화물,남,64세,경상
2017091300100440,2017년 9월 13일 16시,수요일,대전광역시 중구 중촌동,경상사고,0,0,1,0,차대차 - 측면충돌,안전운전불이행,건조,맑음,단일로 - 기타,승용,남,41세,상해없음,승용,여,51세,경상
2017091300100441,2017년 9월 13일 16시,수요일,대전광역시 서구 갈마동,경상사고,0,0,1,0,차대차 - 기타,안전운전불이행,건조,맑음,기타 - 기타,승용,남,35세,상해없음,자전거,남,68세,경상
2017091300100544,2017년 9월 13일 18시,수요일,대전광역시 중구 오류동,중상사고,0,1,0,0,차대사람 - 차도통행중,안전운전불이행,건조,맑음,단일로 - 기타,승용,여,66세,상해없음,보행자,여,78세,중상
2017091300100545,2017년 9월 13일 18시,수요일,대전광역시 대덕구 대화동,경상사고,0,0,2,0,차대차 - 추돌,안전운전불이행,건조,맑음,교차로 - 교차로안,승합,남,30세,상해없음,승용,남,28세,경상
2017091300100546,2017년 9월 13일 18시,수요일,대전광역시 서구 만년동,경상사고,0,0,1,0,차대사람 - 횡단중,보행자보호의무위반,건조,맑음,단일로 - 기타,승용,여,45세,상해없음,보행자,남,60세,경상
2017091300100595,2017년 9월 13일 19시,수요일,대전광역시 서구 둔산동,경상사고,0,0,1,0,차대사람 - 기타,기타,건조,맑음,단일로 - 기타,원동기,남,58세,상해없음,보행자,남,11세,경상
2017091300100596,2017년 9월 13일 19시,수요일,대전광역시 유성구 관평동,사망사고,1,0,0,0,차대차 - 기타,안전운전불이행,건조,맑음,교차로 - 교차로안,승용,남,28세,상해없음,이륜,남,52세,사망
2017091300100622,2017년 9월 13일 20시,수요일,대전광역시 대덕구 오정동,경상사고,0,0,2,0,차대차 - 추돌,안전거리미확보,건조,맑음,단일로 - 기타,승용,남,64세,상해없음,승용,여,36세,경상
2017091300100653,2017년 9월 13일 21시,수요일,대전광역시 중구 용두동,경상사고,0,0,1,0,차대차 - 추돌,안전운전불이행,건조,맑음,교차로 - 교차로부근,승용,남,48세,상해없음,승용,여,60세,경상
2017091300100678,2017년 9월 13일 22시,수요일,대전광역시 동구 낭월동,중상사고,0,1,3,0,차대차 - 추돌,안전운전불이행,건조,맑음,교차로 - 교차로부근,승용,남,28세,상해없음,승용,남,27세,경상
2017091400100070,2017년 9월 14일 05시,목요일,대전광역시 유성구 학하동,사망사고,1,0,0,0,차량단독 - 기타,안전운전불이행,건조,맑음,단일로 - 기타,화물,남,37세,사망,,,,
2017091400100087,2017년 9월 14일 06시,목요일,대전광역시 유성구 학하동,경상사고,0,0,1,1,차대차 - 추돌,안전운전불이행,건조,맑음,단일로 - 기타,승용,남,64세,상해없음,특수,남,22세,상해없음
2017091400100139,2017년 9월 14일 07시,목요일,대전광역시 대덕구 오정동,경상사고,0,0,1,0,차대사람 - 기타,안전운전불이행,건조,맑음,기타 - 기타,화물,남,66세,상해없음,보행자,남,36세,경상
2017091400100140,2017년 9월 14일 07시,목요일,대전광역시 대덕구 신탄진동,중상사고,0,1,0,0,차대사람 - 횡단중,보행자보호의무위반,건조,맑음,교차로 - 교차로안,승용,남,62세,상해없음,보행자,여,54세,중상
2017091400100141,2017년 9월 14일 07시,목요일,대전광역시 유성구 봉산동,경상사고,0,0,1,0,차대차 - 측면충돌,신호위반,건조,맑음,교차로 - 교차로안,승용,남,46세,상해없음,승용,남,28세,경상
2017091400100186,2017년 9월 14일 08시,목요일,대전광역시 중구 선화동,경상사고,0,0,1,0,차대사람 - 기타,안전운전불이행,건조,맑음,단일로 - 기타,화물,남,49세,상해없음,보행자,남,36세,경상
2017091400100187,2017년 9월 14일 08시,목요일,대전광역시 중구 태평동,중상사고,0,1,0,0,차대사람 - 보도통행중,보행자보호의무위반,건조,맑음,교차로 - 교차로횡단보도내,승용,남,46세,상해없음,보행자,여,61세,중상
2017091400100188,2017년 9월 14일 08시,목요일,대전광역시 대덕구 신탄진동,경상사고,0,0,2,1,차대차 - 기타,안전운전불이행,건조,맑음,교차로 - 교차로부근,승용,남,58세,상해없음,승합,남,58세,상해없음