사고번호,사고일시,요일,시군구,사고내용,사망자수,중상자수,경상자수,부상신고자수,사고유형,법규위반,노면상태,기상상태,도로형태,가해운전자 차종,가해운전자 성별,가해운전자 연령,가해운전자 상해정도,피해운전자 차종,피해운전자 성별,피해운전자 연령,피해운전자 상해정도
2017091400100189,2017년 9월 14일 08시,목요일,대전광역시 서구 둔산동,경상사고,0,0,1,0,차대차 - 추돌,안전운전불이행,건조,맑음,단일로 - 기타,승용,남,28세,상해없음,승용,여,33세,경상
2017091400100190,2017년 9월 14일 08시,목요일,대전광역시 유성구 계산동,경상사고,0,0,1,0,차대차 - 추돌,안전운전불이행,건조,맑음,교차로 - 교차로부근,승용,남,59세,상해없음,화물,남,27세,경상
2017091400100262,2017년 9월 14일 10시,목요일,대전광역시 서구 둔산동,경상사고,0,0,4,0,차대차 - 추돌,안전운전불이행,건조,맑음,교차로 - 교차로부근,화물,남,38세,상해없음,승용,여,34세,경상
2017091400100263,2017년 9월 14일 10시,목요일,대전광역시 서구 둔산동,경상사고,0,0,1,0,차대사람 - 기타,안전운전불이행,건조,맑음,단일로 - 기타,승용,여,32세,상해없음,보행자,여,40세,경상
2017091400100324,2017년 9월 14일 12시,목요일,대전광역시 중구 오류동,경상사고,0,0,1,0,차대사람 - 횡단중,안전운전불이행,건조,맑음,교차로 - 교차로안,승용,남,45세,상해없음,보행자,여,75세,경상
2017091400100325,2017년 9월 14일 12시,목요일,대전광역시 중구 석교동,경상사고,0,0,1,0,차대차 - 추돌,안전운전불이행,건조,맑음,단일로 - 기타,승용,남,61세,상해없음,자전거,남,82세,경상
2017091400100326,2017년 9월 14일 12시,목요일,대전광역시 서구 내동,경상사고,0,0,1,0,차대차 - 추돌,안전운전불이행,건조,맑음,단일로 - 기타,승용,남,19세,상해없음,화물,남,69세,경상
2017091400100327,2017년 9월 14일 12시,목요일,대전광역시 서구 만년동,중상사고,0,1,0,0,차대사람 - 보도통행중,기타,건조,맑음,단일로 - 기타,자전거,여,20세,상해없음,보행자,남,50세,중상
2017091400100328,2017년 9월 14일 12시,목요일,대전광역시 서구 도안동,경상사고,0,0,2,0,차대차 - 추돌,안전운전불이행,건조,맑음,단일로 - 기타,승용,남,47세,상해없음,승용,남,36세,경상
2017091400100356,2017년 9월 14일 13시,목요일,대전광역시 유성구 성북동,경상사고,0,0,1,0,차량단독 - 공작물충돌,안전운전불이행,건조,맑음,기타 - 기타,승용,여,60세,상해없음,,,,
2017091400100357,2017년 9월 14일 13시,목요일,대전광역시 유성구 문지동,경상사고,0,0,3,0,차대차 - 측면충돌,신호위반,건조,맑음,교차로 - 교차로안,승용,여,57세,상해없음,승용,남,69세,경상
2017091400100400,2017년 9월 14일 14시,목요일,대전광역시 대덕구 오정동,중상사고,0,1,0,0,차대차 - 기타,교차로운행방법위반,건조,맑음,교차로 - 교차로안,승용,남,52세,상해없음,이륜,남,44세,중상
2017091400100401,2017년 9월 14일 14시,목요일,대전광역시 대덕구 읍내동,중상사고,0,1,6,0,차대차 - 기타,안전운전불이행,건조,맑음,단일로 - 기타,화물,남,44세,상해없음,화물,남,36세,경상
2017091400100426,2017년 9월 14일 15시,목요일,대전광역시 대덕구 덕암동,사망사고,1,0,0,0,차대사람 - 기타,안전운전불이행,건조,맑음,교차로 - 교차로부근,화물,남,48세,상해없음,보행자,남,78세,사망
2017091400100477,2017년 9월 14일 16시,목요일,대전광역시 서구 둔산동,중상사고,0,1,2,0,차대차 - 기타,안전운전불이행,건조,맑음,교차로 - 교차로안,승용,남,26세,상해없음,승용,여,43세,중상
2017091400100533,2017년 9월 14일 17시,목요일,대전광역시 대덕구 오정동,경상사고,0,0,2,1,차대차 - 기타,안전운전불이행,건조,맑음,단일로 - 기타,화물,남,44세,상해없음,승합,남,50세,부상신고
2017091400100584,2017년 9월 14일 18시,목요일,대전광역시 중구 태평동,경상사고,0,0,2,0,차대차 - 측면충돌,안전거리미확보,건조,맑음,단일로 - 기타,승용,남,52세,상해없음,승용,여,52세,경상
2017091400100585,2017년 9월 14일 18시,목요일,대전광역시 동구 대동,경상사고,0,0,1,0,차대차 - 측면충돌,안전운전불이행,건조,맑음,교차로 - 교차로안,승용,남,53세,상해없음,승용,여,47세,경상
2017091400100586,2017년 9월 14일 18시,목요일,대전광역시 동구 성남동,경상사고,0,0,1,0,차대차 - 측면충돌,신호위반,건조,맑음,교차로 - 교차로안,승용,여,48세,상해없음,승용,남,25세,경상
2017091400100664,2017년 9월 14일 20시,목요일,대전광역시 서구 둔산동,경상사고,0,0,1,0,차대차 - 측면충돌,안전운전불이행,건조,맑음,단일로 - 기타,승용,남,37세,상해없음,이륜,남,23세,경상
2017091400100678,2017년 9월 14일 21시,목요일,대전광역시 대덕구 읍내동,부상신고사고,0,0,0,1,차대차 - 기타,안전운전불이행,건조,맑음,단일로 - 기타,화물,남,24세,상해없음,승용,여,30세,부상신고
2017091400100712,2017년 9월 14일 22시,목요일,대전광역시 유성구 장대동,경상사고,0,0,2,0,차대차 - 추돌,신호위반,건조,맑음,교차로 - 교차로안,승용,남,66세,상해없음,승용,남,54세,경상
2017091500100027,2017년 9월 15일 00시,금요일,대전광역시 중구 오류동,경상사고,0,0,2,0,차대차 - 측면충돌,교차로운행방법위반,건조,맑음,단일로 - 기타,승용,여,61세,상해없음,승용,여,41세,경상
2017091500100040,2017년 9월 15일 02시,금요일,대전광역시 중구 오류동,경상사고,0,0,2,0,차대차 - 추돌,안전운전불이행,건조,맑음,교차로 - 교차로부근,승용,여,54세,상해없음,승용,여,63세,경상
2017091500100070,2017년 9월 15일 05시,금요일,대전광역시 유성구 봉명동,경상사고,0,0,1,0,차대차 - 측면충돌,안전운전불이행,건조,맑음,교차로 - 교차로안,승용,남,64세,상해없음,승용,여,42세,경상
2017091500100102,2017년 9월 15일 07시,금요일,대전광역시 유성구 봉산동,경상사고,0,0,1,0,차대차 - 측면충돌,신호위반,건조,맑음,단일로 - 기타,화물,남,70세,상해없음,화물,남,41세,경상
2017091500100154,2017년 9월 15일 08시,금요일,대전광역시 동구 세천동,경상사고,0,0,2,0,차대차 - 추돌,안전운전불이행,건조,맑음,교차로 - 교차로안,승합,남,34세,상해없음,승용,남,65세,경상
2017091500100217,2017년 9월 15일 10시,금요일,대전광역시 중구 문화동,경상사고,0,0,1,0,차대사람 - 횡단중,신호위반,건조,맑음,교차로 - 교차로횡단보도내,이륜,남,71세,상해없음,보행자,남,22세,경상
2017091500100257,2017년 9월 15일 11시,금요일,대전광역시 중구 유천동,중상사고,0,1,0,0,차대차 - 측면충돌,불법유턴,젖음/습기,맑음,교차로 - 교차로안,승용,여,49세,상해없음,이륜,남,25세,중상
2017091500100258,2017년 9월 15일 11시,금요일,대전광역시 유성구 노은동,경상사고,0,0,1,0,차대차 - 추돌,안전운전불이행,건조,맑음,교차로 - 교차로부근,특수,남,33세,상해없음,승용,여,51세,경상
2017091500100304,2017년 9월 15일 13시,금요일,대전광역시 동구 중동,중상사고,0,1,2,0,차대차 - 기타,안전운전불이행,건조,맑음,단일로 - 기타,승용,남,58세,상해없음,승합,남,47세,상해없음
2017091500100305,2017년 9월 15일 13시,금요일,대전광역시 동구 용전동,경상사고,0,0,1,0,차대차 - 측면충돌,안전운전불이행,건조,맑음,교차로 - 교차로부근,승용,여,35세,상해없음,승용,남,73세,경상
2017091500100338,2017년 9월 15일 14시,금요일,대전광역시 서구 월평동,중상사고,0,1,0,0,차대차 - 측면충돌,안전운전불이행,건조,맑음,단일로 - 기타,승용,남,54세,상해없음,이륜,남,19세,중상
2017091500100339,2017년 9월 15일 14시,금요일,대전광역시 서구 탄방동,경상사고,0,0,1,0,차대차 - 측면충돌,신호위반,건조,맑음,교차로 - 교차로안,승용,여,62세,상해없음,이륜,남,20세,경상
2017091500100389,2017년 9월 15일 15시,금요일,대전광역시 대덕구 중리동,경상사고,0,0,1,0,차대차 - 후진중충돌,안전운전불이행,건조,맑음,단일로 - 기타,승용,남,58세,상해없음,승용,남,40세,경상
2017091500100440,2017년 9월 15일 16시,금요일,대전광역시 유성구 봉명동,경상사고,0,0,1,0,차대차 - 측면충돌,안전운전불이행,건조,맑음,교차로 - 교차로부근,화물,남,58세,상해없음,자전거,남,15세,경상
2017091500100493,2017년 9월 15일 17시,금요일,대전광역시 서구 관저동,경상사고,0,0,1,0,차대사람 - 횡단중,중앙선침범,건조,맑음,단일로 - 기타,승용,남,62세,상해없음,보행자,남,30세,경상
2017091500100536,2017년 9월 15일 18시,금요일,대전광역시 중구 오류동,경상사고,0,0,1,0,차대차 - 추돌,안전운전불이행,건조,맑음,교차로 - 교차로부근,승용,남,33세,상해없음,승용,남,40세,경상
2017091500100605,2017년 9월 15일 19시,금요일,대전광역시 중구 대사동,경상사고,0,0,1,0,차대차 - 추돌,안전운전불이행,건조,맑음,단일로 - 기타,승용,남,31세,상해없음,자전거,남,51세,경상
2017091500100606,2017년 9월 15일 19시,금요일,대전광역시 중구 유천동,경상사고,0,0,2,0,차대차 - 추돌,안전운전불이행,건조,맑음,단일로 - 기타,승용,남,64세,상해없음,승용,남,44세,경상
2017091500100607,2017년 9월 15일 19시,금요일,대전광역시 중구 유천동,경상사고,0,0,1,0,차대사람 - 횡단중,보행자보호의무위반,건조,맑음,교차로 - 교차로횡단보도내,승용,남,35세,상해없음,보행자,남,45세,경상
2017091500100608,2017년 9월 15일 19시,금요일,대전광역시 대덕구 읍내동,경상사고,0,0,1,0,차대차 - 기타,안전운전불이행,건조,맑음,단일로 - 기타,화물,남,36세,상해없음,승용,여,48세,경상
2017091500100609,2017년 9월 15일 19시,금요일,대전광역시 대덕구 비래동,경상사고,0,0,2,0,차대차 - 기타,안전운전불이행,건조,맑음,교차로 - 교차로안,승용,남,34세,상해없음,승용,남,26세,경상
2017091500100610,2017년 9월 15일 19시,금요일,대전광역시 서구 월평동,경상사고,0,0,1,0,차대차 - 기타,안전운전불이행,건조,맑음,단일로 - 지하차도(도로)내,승용,남,66세,상해없음,승용,여,41세,경상
2017091500100611,2017년 9월 15일 19시,금요일,대전광역시 유성구 봉산동,경상사고,0,0,1,0,차대차 - 추돌,안전운전불이행,건조,맑음,교차로 - 교차로부근,승용,남,59세,상해없음,화물,남,45세,경상
2017091500100612,2017년 9월 15일 19시,금요일,대전광역시 유성구 방동,중상사고,0,1,1,0,차대차 - 추돌,안전거리미확보,건조,맑음,단일로 - 기타,승용,남,29세,경상,승용,여,56세,중상
2017091500100677,2017년 9월 15일 21시,금요일,대전광역시 서구 도마동,중상사고,0,1,0,0,차대차 - 측면충돌,안전운전불이행,건조,맑음,단일로 - 기타,승용,남,58세,상해없음,승용,여,59세,중상
2017091500100678,2017년 9월 15일 21시,금요일,대전광역시 서구 갈마동,경상사고,0,0,3,0,차대차 - 기타,직진우회전진행방해,건조,맑음,교차로 - 교차로안,승용,남,29세,상해없음,승용,남,54세,경상
2017091500100712,2017년 9월 15일 22시,금요일,대전광역시 동구 삼성동,중상사고,0,1,0,0,차대사람 - 횡단중,안전운전불이행,건조,맑음,교차로 - 교차로횡단보도내,승합,남,43세,상해없음,보행자,남,21세,중상
2017091500100713,2017년 9월 15일 22시,금요일,대전광역시 서구 월평동,경상사고,0,0,2,0,차대차 - 기타,신호위반,건조,맑음,교차로 - 교차로부근,승용,여,50세,상해없음,승용,여,43세,경상
2017091600100049,2017년 9월 16일 01시,토요일,대전광역시 서구 갈마동,중상사고,0,1,1,0,차대차 - 측면충돌,신호위반,건조,맑음,교차로 - 교차로안,승용,남,24세,상해없음,승용,남,52세,경상
2017091600100081,2017년 9월 16일 04시,토요일,대전광역시 서구 둔산동,경상사고,0,0,1,0,차대사람 - 횡단중,안전운전불이행,건조,맑음,단일로 - 기타,승용,남,54세,상해없음,보행자,남,29세,경상
2017091600100154,2017년 9월 16일 08시,토요일,대전광역시 유성구 원내동,경상사고,0,0,2,0,차대차 - 측면충돌,교차로운행방법위반,건조,맑음,교차로 - 교차로안,승용,여,40세,경상,승용,여,48세,경상
2017091600100266,2017년 9월 16일 11시,토요일,대전광역시 대덕구 석봉동,중상사고,0,1,0,0,차대차 - 측면충돌,안전거리미확보,건조,맑음,교차로 - 교차로부근,화물,남,33세,상해없음,승용,여,45세,중상
2017091600100267,2017년 9월 16일 11시,토요일,대전광역시 유성구 노은동,경상사고,0,0,2,0,차대차 - 측면충돌,신호위반,건조,맑음,교차로 - 교차로안,화물,남,54세,상해없음,승용,여,56세,경상
2017091600100334,2017년 9월 16일 13시,토요일,대전광역시 중구 석교동,중상사고,0,1,1,0,차대차 - 측면충돌,신호위반,건조,맑음,교차로 - 교차로안,승용,여,42세,상해없음,승용,남,47세,중상
2017091600100368,2017년 9월 16일 14시,토요일,대전광역시 대덕구 석봉동,경상사고,0,0,1,0,차대차 - 측면충돌,직진우회전진행방해,건조,맑음,교차로 - 교차로안,화물,여,62세,상해없음,화물,남,57세,경상
2017091600100471,2017년 9월 16일 17시,토요일,대전광역시 동구 성남동,경상사고,0,0,1,0,차대차 - 기타,안전운전불이행,건조,맑음,단일로 - 기타,승합,남,19세,상해없음,이륜,남,58세,경상
2017091600100596,2017년 9월 16일 21시,토요일,대전광역시 동구 세천동,경상사고,0,0,2,0,차대차 - 측면충돌,안전운전불이행,건조,맑음,기타 - 기타,승용,남,34세,상해없음,승용,남,35세,경상
2017091600100597,2017년 9월 16일 21시,토요일,대전광역시 유성구 갑동,중상사고,0,1,1,0,차대차 - 추돌,안전운전불이행,건조,맑음,단일로 - 기타,승용,여,26세,경상,승용,남,37세,중상
2017091600100622,2017년 9월 16일 22시,토요일,대전광역시 유성구 외삼동,중상사고,0,1,0,0,차량단독 - 전도전복 - 전도,안전운전불이행,건조,맑음,단일로 - 기타,이륜,남,75세,중상,,,,
2017091600100644,2017년 9월 16일 23시,토요일,대전광역시 서구 탄방동,경상사고,0,0,1,0,차대차 - 추돌,안전거리미확보,건조,맑음,단일로 - 기타,승용,남,67세,상해없음,승용,남,30세,경상
2017091700100033,2017년 9월 17일 01시,일요일,대전광역시 중구 대사동,경상사고,0,0,1,0,차대사람 - 기타,기타,건조,맑음,단일로 - 기타,승용,남,43세,상해없음,보행자,여,57세,경상
2017091700100034,2017년 9월 17일 01시,일요일,대전광역시 유성구 봉명동,중상사고,0,1,2,0,차대차 - 측면충돌,신호위반,건조,맑음,교차로 - 교차로안,이륜,남,18세,중상,승용,남,58세,경상
2017091700100045,2017년 9월 17일 02시,일요일,대전광역시 서구 용문동,중상사고,0,1,0,0,차대사람 - 횡단중,안전운전불이행,건조,맑음,단일로 - 기타,승용,남,31세,상해없음,보행자,여,29세,중상
2017091700100127,2017년 9월 17일 09시,일요일,대전광역시 서구 갈마동,경상사고,0,0,1,0,차대차 - 기타,안전운전불이행,건조,맑음,기타 - 기타,승용,남,23세,상해없음,자전거,여,66세,경상
2017091700100179,2017년 9월 17일 11시,일요일,대전광역시 대덕구 송촌동,경상사고,0,0,4,0,차대차 - 측면충돌,안전운전불이행,건조,맑음,단일로 - 기타,승용,남,44세,상해없음,화물,남,57세,경상
2017091700100214,2017년 9월 17일 12시,일요일,대전광역시 유성구 노은동,부상신고사고,0,0,0,2,차대차 - 측면충돌,안전운전불이행,건조,맑음,단일로 - 기타,건설기계,남,53세,상해없음,승용,여,50세,부상신고
2017091700100270,2017년 9월 17일 14시,일요일,대전광역시 서구 관저동,경상사고,0,0,1,0,차대차 - 측면충돌,안전운전불이행,건조,맑음,단일로 - 기타,승용,남,24세,상해없음,이륜,남,24세,경상
2017091700100340,2017년 9월 17일 16시,일요일,대전광역시 서구 내동,중상사고,0,1,1,0,차대차 - 측면충돌,신호위반,건조,맑음,교차로 - 교차로안,승용,여,54세,상해없음,승용,남,70세,중상
2017091700100341,2017년 9월 17일 16시,일요일,대전광역시 유성구 노은동,경상사고,0,0,1,0,차대차 - 추돌,안전운전불이행,건조,맑음,단일로 - 터널,승용,남,34세,상해없음,승용,여,30세,경상
2017091700100377,2017년 9월 17일 17시,일요일,대전광역시 유성구 구암동,중상사고,0,1,1,0,차대차 - 측면충돌,직진우회전진행방해,건조,맑음,교차로 - 교차로안,승용,여,55세,중상,승용,남,50세,경상
2017091700100413,2017년 9월 17일 18시,일요일,대전광역시 중구 문화동,중상사고,0,1,0,0,차대차 - 측면충돌,안전운전불이행,건조,맑음,교차로 - 교차로부근,이륜,남,25세,중상,승용,남,55세,상해없음
2017091700100414,2017년 9월 17일 18시,일요일,대전광역시 대덕구 중리동,경상사고,0,0,4,0,차대차 - 기타,중앙선침범,건조,맑음,단일로 - 기타,승용,남,56세,상해없음,승용,여,37세,경상
2017091700100415,2017년 9월 17일 18시,일요일,대전광역시 유성구 전민동,중상사고,0,1,0,0,차대차 - 측면충돌,교차로운행방법위반,건조,맑음,교차로 - 교차로안,승용,여,38세,기타불명,이륜,남,28세,중상
2017091700100442,2017년 9월 17일 19시,일요일,대전광역시 동구 삼성동,경상사고,0,0,1,0,차대차 - 측면충돌,안전운전불이행,건조,맑음,교차로 - 교차로안,이륜,남,79세,경상,승용,남,64세,상해없음
2017091700100443,2017년 9월 17일 19시,일요일,대전광역시 대덕구 법동,중상사고,0,1,0,0,차대사람 - 기타,안전운전불이행,건조,맑음,단일로 - 기타,승용,남,60세,상해없음,보행자,남,66세,중상
2017091700100474,2017년 9월 17일 20시,일요일,대전광역시 중구 대흥동,경상사고,0,0,5,0,차대차 - 측면충돌,교차로운행방법위반,건조,맑음,교차로 - 교차로안,승용,여,50세,경상,승용,여,51세,경상
2017091700100501,2017년 9월 17일 21시,일요일,대전광역시 서구 갈마동,경상사고,0,0,1,0,차대사람 - 횡단중,보행자보호의무위반,건조,맑음,교차로 - 교차로횡단보도내,이륜,남,20세,상해없음,보행자,여,21세,경상
2017091700100537,2017년 9월 17일 23시,일요일,대전광역시 동구 가양동,중상사고,0,1,0,0,차대사람 - 기타,안전운전불이행,건조,맑음,단일로 - 기타,승용,여,30세,상해없음,보행자,남,37세,중상
2017091800100038,2017년 9월 18일 01시,월요일,대전광역시 서구 둔산동,경상사고,0,0,1,0,차대사람 - 기타,안전운전불이행,건조,맑음,단일로 - 기타,승용,남,19세,상해없음,보행자,남,25세,경상
2017091800100065,2017년 9월 18일 05시,월요일,대전광역시 유성구 봉명동,경상사고,0,0,1,0,차대차 - 추돌,안전운전불이행,건조,맑음,단일로 - 기타,승용,남,61세,상해없음,기타불명,남,47세,경상
2017091800100159,2017년 9월 18일 08시,월요일,대전광역시 서구 둔산동,중상사고,0,1,0,0,차대차 - 측면충돌,신호위반,건조,맑음,교차로 - 교차로안,승용,여,62세,상해없음,승용,여,33세,중상
2017091800100160,2017년 9월 18일 08시,월요일,대전광역시 유성구 도룡동,경상사고,0,0,1,0,차대차 - 기타,안전운전불이행,건조,맑음,단일로 - 기타,승용,여,46세,기타불명,자전거,남,34세,경상
2017091800100212,2017년 9월 18일 09시,월요일,대전광역시 유성구 장대동,중상사고,0,1,0,0,차대사람 - 횡단중,안전운전불이행,건조,맑음,교차로 - 교차로횡단보도내,승용,여,58세,상해없음,보행자,남,83세,중상
2017091800100213,2017년 9월 18일 09시,월요일,대전광역시 유성구 덕명동,중상사고,0,1,0,0,차대차 - 추돌,안전운전불이행,건조,맑음,단일로 - 기타,승용,남,44세,상해없음,승용,여,34세,중상
2017091800100288,2017년 9월 18일 11시,월요일,대전광역시 서구 둔산동,경상사고,0,0,3,0,차대차 - 기타,안전거리미확보,건조,맑음,단일로 - 기타,승용,여,45세,상해없음,승용,남,68세,경상
2017091800100320,2017년 9월 18일 12시,월요일,대전광역시 중구 용두동,경상사고,0,0,3,0,차대차 - 추돌,안전운전불이행,건조,맑음,단일로 - 기타,승용,남,51세,상해없음,승용,남,22세,경상
2017091800100321,2017년 9월 18일 12시,월요일,대전광역시 대덕구 중리동,중상사고,0,1,0,0,차대차 - 측면충돌,신호위반,건조,맑음,단일로 - 기타,승용,여,29세,상해없음,자전거,남,53세,중상
2017091800100385,2017년 9월 18일 14시,월요일,대전광역시 동구 신흥동,경상사고,0,0,1,0,차량단독 - 기타,안전운전불이행,건조,맑음,단일로 - 기타,승용,남,62세,상해없음,,,,
2017091800100386,2017년 9월 18일 14시,월요일,대전광역시 대덕구 덕암동,경상사고,0,0,1,0,차대차 - 추돌,안전운전불이행,건조,맑음,교차로 - 교차로부근,승용,남,59세,상해없음,승용,남,46세,경상
2017091800100387,2017년 9월 18일 14시,월요일,대전광역시 유성구 노은동,경상사고,0,0,1,0,차대차 - 측면충돌,안전운전불이행,건조,맑음,교차로 - 교차로안,승용,여,64세,상해없음,승용,여,41세,경상
2017091800100432,2017년 9월 18일 15시,월요일,대전광역시 서구 갈마동,중상사고,0,1,0,0,차대차 - 기타,안전운전불이행,건조,맑음,단일로 - 기타,승용,여,58세,기타불명,승합,남,55세,상해없음
2017091800100433,2017년 9월 18일 15시,월요일,대전광역시 유성구 원신흥동,경상사고,0,0,1,0,차대사람 - 횡단중,신호위반,건조,맑음,교차로 - 교차로횡단보도내,승용,남,33세,상해없음,보행자,남,9세,경상
2017091800100530,2017년 9월 18일 17시,월요일,대전광역시 중구 옥계동,중상사고,0,3,0,0,차대사람 - 횡단중,신호위반,건조,맑음,단일로 - 기타,승용,여,45세,상해없음,보행자,여,49세,중상
2017091800100531,2017년 9월 18일 17시,월요일,대전광역시 동구 대동,중상사고,0,1,0,0,차대차 - 측면충돌,교차로운행방법위반,건조,맑음,교차로 - 교차로안,원동기,남,71세,중상,승용,남,69세,상해없음
2017091800100532,2017년 9월 18일 17시,월요일,대전광역시 서구 월평동,경상사고,0,0,1,0,차대차 - 추돌,안전운전불이행,건조,맑음,단일로 - 터널,승용,남,18세,상해없음,승용,남,38세,경상
2017091800100587,2017년 9월 18일 18시,월요일,대전광역시 동구 용운동,경상사고,0,0,1,0,차대차 - 측면충돌,안전운전불이행,건조,맑음,단일로 - 기타,원동기,남,21세,상해없음,원동기,남,73세,경상
2017091800100628,2017년 9월 18일 19시,월요일,대전광역시 중구 선화동,중상사고,0,1,0,0,차대차 - 추돌,안전운전불이행,건조,맑음,교차로 - 교차로안,승용,남,54세,상해없음,승용,여,51세,중상
2017091800100629,2017년 9월 18일 19시,월요일,대전광역시 서구 가수원동,경상사고,0,0,10,0,차대차 - 측면충돌,신호위반,건조,맑음,교차로 - 교차로안,승용,남,35세,상해없음,승합,남,46세,경상
2017091800100668,2017년 9월 18일 20시,월요일,대전광역시 대덕구 읍내동,경상사고,0,0,1,0,차대차 - 추돌,안전운전불이행,건조,맑음,단일로 - 기타,승용,남,44세,상해없음,승용,남,57세,경상
2017091800100669,2017년 9월 18일 20시,월요일,대전광역시 유성구 학하동,부상신고사고,0,0,0,1,차대사람 - 횡단중,안전운전불이행,건조,맑음,교차로 - 교차로부근,승용,남,32세,상해없음,보행자,남,52세,부상신고
2017091800100700,2017년 9월 18일 21시,월요일,대전광역시 동구 가오동,경상사고,0,0,1,0,차대사람 - 횡단중,안전운전불이행,건조,맑음,단일로 - 기타,승용,남,36세,기타불명,보행자,남,14세,경상
2017091800100701,2017년 9월 18일 21시,월요일,대전광역시 서구 월평동,경상사고,0,0,1,0,차대사람 - 길가장자리구역통행중,안전운전불이행,건조,맑음,단일로 - 기타,승용,남,46세,상해없음,보행자,남,45세,경상
2017091800100702,2017년 9월 18일 21시,월요일,대전광역시 유성구 원내동,경상사고,0,0,1,0,차대사람 - 횡단중,안전운전불이행,건조,맑음,교차로 - 교차로부근,승합,남,61세,상해없음,보행자,남,70세,경상
2017091800100703,2017년 9월 18일 21시,월요일,대전광역시 유성구 반석동,경상사고,0,0,2,0,차대차 - 기타,안전운전불이행,건조,맑음,교차로 - 교차로부근,승용,여,36세,상해없음,승용,남,23세,경상
2017091800100726,2017년 9월 18일 22시,월요일,대전광역시 동구 성남동,경상사고,0,0,1,0,차대차 - 정면충돌,안전거리미확보,건조,맑음,단일로 - 기타,승용,남,78세,상해없음,승용,남,61세,상해없음
2017091900100084,2017년 9월 19일 06시,화요일,대전광역시 동구 낭월동,중상사고,0,1,0,0,차대차 - 기타,안전거리미확보,건조,맑음,단일로 - 기타,승용,남,53세,상해없음,자전거,남,54세,중상
2017091900100107,2017년 9월 19일 07시,화요일,대전광역시 서구 만년동,경상사고,0,0,1,0,차대차 - 측면충돌,직진우회전진행방해,건조,맑음,교차로 - 교차로안,승용,남,45세,상해없음,승용,여,55세,경상
2017091900100167,2017년 9월 19일 08시,화요일,대전광역시 동구 삼성동,경상사고,0,0,1,0,차대차 - 추돌,안전운전불이행,건조,맑음,교차로 - 교차로부근,승용,남,58세,상해없음,승용,남,26세,경상
2017091900100195,2017년 9월 19일 09시,화요일,대전광역시 대덕구 오정동,중상사고,0,1,0,0,차대사람 - 횡단중,보행자보호의무위반,건조,맑음,교차로 - 교차로횡단보도내,승용,여,55세,상해없음,보행자,여,54세,중상
2017091900100242,2017년 9월 19일 11시,화요일,대전광역시 동구 원동,중상사고,0,2,0,0,차대차 - 측면충돌,교차로운행방법위반,건조,맑음,단일로 - 기타,승용,여,50세,상해없음,승용,여,66세,중상
2017091900100282,2017년 9월 19일 13시,화요일,대전광역시 서구 탄방동,경상사고,0,0,1,0,차대차 - 기타,안전운전불이행,젖음/습기,비,교차로 - 교차로안,기타불명,기타불명,미분류,기타불명,자전거,남,14세,경상
2017091900100306,2017년 9월 19일 14시,화요일,대전광역시 대덕구 중리동,경상사고,0,0,1,0,차대차 - 기타,안전운전불이행,건조,맑음,교차로 - 교차로안,승용,여,37세,상해없음,승용,여,39세,경상
2017091900100351,2017년 9월 19일 15시,화요일,대전광역시 서구 도마동,경상사고,0,0,2,0,차대사람 - 기타,안전운전불이행,건조,맑음,단일로 - 기타,화물,남,44세,상해없음,보행자,여,63세,경상
2017091900100380,2017년 9월 19일 16시,화요일,대전광역시 서구 복수동,경상사고,0,0,1,0,차대차 - 후진중충돌,안전운전불이행,건조,맑음,단일로 - 기타,화물,남,52세,상해없음,이륜,여,62세,경상
2017091900100381,2017년 9월 19일 16시,화요일,대전광역시 대덕구 신탄진동,경상사고,0,0,1,0,차대차 - 기타,안전운전불이행,건조,맑음,단일로 - 기타,화물,남,49세,기타불명,승용,여,59세,경상
2017091900100382,2017년 9월 19일 16시,화요일,대전광역시 서구 갈마동,중상사고,0,1,0,0,차대사람 - 기타,안전운전불이행,건조,맑음,단일로 - 기타,승용,남,23세,상해없음,보행자,여,76세,중상
2017091900100456,2017년 9월 19일 18시,화요일,대전광역시 서구 갈마동,경상사고,0,0,1,0,차대차 - 기타,안전운전불이행,건조,맑음,교차로 - 교차로부근,승용,여,51세,기타불명,승용,남,32세,경상
2017091900100520,2017년 9월 19일 20시,화요일,대전광역시 중구 문화동,경상사고,0,0,2,0,차대차 - 측면충돌,차로위반,건조,맑음,단일로 - 기타,승용,남,65세,상해없음,승용,남,50세,경상
2017091900100521,2017년 9월 19일 20시,화요일,대전광역시 서구 둔산동,경상사고,0,0,1,0,차대차 - 추돌,안전운전불이행,건조,맑음,단일로 - 기타,이륜,남,35세,상해없음,승용,여,44세,경상
2017091900100522,2017년 9월 19일 20시,화요일,대전광역시 유성구 원내동,중상사고,0,1,0,0,차대사람 - 횡단중,보행자보호의무위반,건조,맑음,교차로 - 교차로횡단보도내,화물,남,46세,상해없음,보행자,여,33세,중상
2017091900100566,2017년 9월 19일 21시,화요일,대전광역시 대덕구 송촌동,부상신고사고,0,0,0,1,차대사람 - 기타,안전운전불이행,건조,맑음,단일로 - 기타,승용,남,65세,상해없음,보행자,남,42세,부상신고