사고번호,사고일시,요일,시군구,사고내용,사망자수,중상자수,경상자수,부상신고자수,사고유형,법규위반,노면상태,기상상태,도로형태,가해운전자 차종,가해운전자 성별,가해운전자 연령,가해운전자 상해정도,피해운전자 차종,피해운전자 성별,피해운전자 연령,피해운전자 상해정도
2017093000100041,2017년 9월 30일 00시,토요일,대전광역시 유성구 구암동,경상사고,0,0,2,0,차대차 - 추돌,안전운전불이행,건조,맑음,교차로 - 교차로부근,승용,남,37세,상해없음,승용,남,56세,경상
2017093000100054,2017년 9월 30일 01시,토요일,대전광역시 서구 둔산동,중상사고,0,1,5,0,차대차 - 측면충돌,신호위반,건조,맑음,교차로 - 교차로안,승용,남,58세,중상,승용,남,56세,경상
2017093000100109,2017년 9월 30일 06시,토요일,대전광역시 유성구 봉명동,경상사고,0,0,1,0,차대차 - 기타,중앙선침범,건조,맑음,단일로 - 기타,승용,남,55세,상해없음,승용,남,45세,경상
2017093000100126,2017년 9월 30일 07시,토요일,대전광역시 서구 변동,경상사고,0,0,1,0,차대차 - 추돌,안전운전불이행,건조,맑음,단일로 - 기타,승용,남,63세,상해없음,승용,남,58세,경상
2017093000100174,2017년 9월 30일 09시,토요일,대전광역시 대덕구 대화동,중상사고,0,1,0,0,차대사람 - 기타,보행자보호의무위반,건조,맑음,교차로 - 교차로횡단보도내,건설기계,남,59세,상해없음,보행자,여,46세,중상
2017093000100203,2017년 9월 30일 10시,토요일,대전광역시 유성구 구암동,경상사고,0,0,1,0,차대차 - 추돌,안전운전불이행,건조,맑음,단일로 - 기타,화물,남,25세,상해없음,화물,남,43세,경상
2017093000100243,2017년 9월 30일 11시,토요일,대전광역시 동구 인동,경상사고,0,0,1,0,차대사람 - 차도통행중,안전운전불이행,건조,맑음,단일로 - 기타,승용,남,59세,기타불명,보행자,여,51세,경상
2017093000100274,2017년 9월 30일 12시,토요일,대전광역시 서구 탄방동,경상사고,0,0,1,0,차대차 - 후진중충돌,안전운전불이행,건조,맑음,교차로 - 교차로부근,승용,여,54세,상해없음,이륜,남,26세,경상
2017093000100323,2017년 9월 30일 13시,토요일,대전광역시 대덕구 대화동,경상사고,0,0,1,0,차대차 - 추돌,안전거리미확보,건조,맑음,단일로 - 기타,화물,남,46세,상해없음,승용,여,40세,기타불명
2017093000100324,2017년 9월 30일 13시,토요일,대전광역시 대덕구 중리동,경상사고,0,0,1,0,차대사람 - 보도통행중,안전운전불이행,건조,맑음,교차로 - 교차로부근,승용,여,56세,상해없음,보행자,남,49세,경상
2017093000100325,2017년 9월 30일 13시,토요일,대전광역시 유성구 구암동,경상사고,0,0,3,0,차대차 - 측면충돌,교차로운행방법위반,건조,맑음,교차로 - 교차로안,승용,남,31세,경상,승용,남,63세,경상
2017093000100359,2017년 9월 30일 14시,토요일,대전광역시 서구 만년동,경상사고,0,0,2,0,차대차 - 기타,안전거리미확보,건조,맑음,교차로 - 교차로부근,승용,남,39세,상해없음,승용,여,59세,경상
2017093000100400,2017년 9월 30일 15시,토요일,대전광역시 서구 도안동,중상사고,0,1,0,0,차대차 - 추돌,안전운전불이행,건조,맑음,교차로 - 교차로안,승용,남,27세,상해없음,승용,여,38세,중상
2017093000100401,2017년 9월 30일 15시,토요일,대전광역시 서구 탄방동,경상사고,0,0,4,0,차대차 - 기타,안전거리미확보,건조,맑음,단일로 - 기타,승용,여,33세,상해없음,승용,남,37세,경상
2017093000100402,2017년 9월 30일 15시,토요일,대전광역시 서구 탄방동,경상사고,0,0,1,0,차대차 - 기타,안전거리미확보,건조,맑음,단일로 - 기타,승용,남,51세,상해없음,승용,남,42세,경상
2017093000100403,2017년 9월 30일 15시,토요일,대전광역시 서구 둔산동,경상사고,0,0,1,0,차량단독 - 기타,안전운전불이행,건조,맑음,교차로 - 교차로부근,승용,남,45세,상해없음,,,,
2017093000100442,2017년 9월 30일 16시,토요일,대전광역시 대덕구 대화동,경상사고,0,0,3,1,차대차 - 추돌,안전거리미확보,건조,맑음,단일로 - 기타,화물,남,31세,상해없음,승합,남,52세,경상
2017093000100443,2017년 9월 30일 16시,토요일,대전광역시 유성구 봉명동,중상사고,0,2,0,0,차대차 - 측면충돌,안전운전불이행,건조,맑음,단일로 - 기타,승용,남,52세,상해없음,승용,여,49세,중상
2017093000100480,2017년 9월 30일 17시,토요일,대전광역시 서구 도마동,경상사고,0,0,1,0,차대사람 - 기타,안전운전불이행,건조,맑음,주차장 - 주차장,화물,남,57세,기타불명,보행자,여,56세,경상
2017093000100481,2017년 9월 30일 17시,토요일,대전광역시 대덕구 오정동,중상사고,0,1,0,0,차대차 - 측면충돌,안전운전불이행,건조,맑음,단일로 - 기타,승용,남,55세,상해없음,승용,남,59세,중상
2017093000100482,2017년 9월 30일 17시,토요일,대전광역시 대덕구 문평동,경상사고,0,0,1,0,차대차 - 측면충돌,안전운전불이행,건조,맑음,교차로 - 교차로안,승용,남,38세,상해없음,승용,남,36세,경상
2017093000100567,2017년 9월 30일 19시,토요일,대전광역시 중구 태평동,경상사고,0,0,1,0,차대차 - 측면충돌,안전운전불이행,건조,맑음,단일로 - 기타,승용,남,54세,상해없음,승합,남,46세,상해없음
2017093000100568,2017년 9월 30일 19시,토요일,대전광역시 동구 삼괴동,경상사고,0,0,1,0,차대차 - 추돌,안전운전불이행,건조,맑음,단일로 - 기타,승용,여,55세,상해없음,승용,여,47세,경상
2017093000100569,2017년 9월 30일 19시,토요일,대전광역시 유성구 송강동,경상사고,0,0,1,0,차대차 - 정면충돌,신호위반,건조,맑음,교차로 - 교차로안,이륜,남,18세,상해없음,승용,남,27세,경상
2017093000100602,2017년 9월 30일 20시,토요일,대전광역시 서구 둔산동,경상사고,0,0,1,0,차대차 - 기타,중앙선침범,건조,맑음,단일로 - 기타,승용,남,57세,상해없음,이륜,남,18세,경상
2017093000100603,2017년 9월 30일 20시,토요일,대전광역시 유성구 봉명동,경상사고,0,0,3,0,차대차 - 추돌,안전운전불이행,건조,맑음,단일로 - 기타,승용,남,43세,상해없음,승용,남,53세,경상
2017093000100632,2017년 9월 30일 21시,토요일,대전광역시 서구 둔산동,중상사고,0,1,1,0,차대차 - 추돌,안전운전불이행,건조,맑음,교차로 - 교차로부근,승용,남,48세,상해없음,승용,남,48세,경상
2017093000100685,2017년 9월 30일 23시,토요일,대전광역시 유성구 봉명동,경상사고,0,0,1,0,차량단독 - 기타,안전운전불이행,건조,맑음,기타 - 기타,자전거,남,24세,경상,,,,
2017100100100062,2017년 10월 1일 01시,일요일,대전광역시 서구 도마동,경상사고,0,0,2,0,차대차 - 측면충돌,신호위반,건조,맑음,교차로 - 교차로안,승용,남,30세,상해없음,승용,남,37세,경상
2017100100100063,2017년 10월 1일 01시,일요일,대전광역시 서구 둔산동,경상사고,0,0,1,0,차대차 - 측면충돌,신호위반,건조,맑음,교차로 - 교차로안,승용,남,62세,상해없음,승용,남,53세,경상
2017100100100088,2017년 10월 1일 03시,일요일,대전광역시 중구 선화동,중상사고,0,1,1,0,차대사람 - 횡단중,신호위반,건조,맑음,교차로 - 교차로안,승용,남,26세,상해없음,보행자,여,24세,경상
2017100100100105,2017년 10월 1일 05시,일요일,대전광역시 동구 용전동,중상사고,0,1,0,0,차대사람 - 횡단중,신호위반,건조,맑음,단일로 - 기타,승용,남,60세,상해없음,보행자,여,77세,중상
2017100100100199,2017년 10월 1일 11시,일요일,대전광역시 서구 갈마동,중상사고,0,1,0,0,차대차 - 기타,중앙선침범,건조,맑음,교차로 - 교차로부근,승용,남,61세,상해없음,이륜,남,53세,중상
2017100100100216,2017년 10월 1일 12시,일요일,대전광역시 대덕구 법동,중상사고,0,1,0,0,차대차 - 측면충돌,교차로운행방법위반,건조,흐림,교차로 - 교차로안,승용,남,53세,상해없음,승용,남,35세,중상
2017100100100248,2017년 10월 1일 13시,일요일,대전광역시 유성구 봉산동,중상사고,0,1,0,0,차량단독 - 공작물충돌,안전운전불이행,건조,흐림,단일로 - 기타,화물,남,57세,중상,,,,
2017100100100301,2017년 10월 1일 15시,일요일,대전광역시 서구 도안동,경상사고,0,0,1,0,차대차 - 기타,안전운전불이행,젖음/습기,비,단일로 - 기타,승용,남,58세,상해없음,승용,남,42세,상해없음
2017100100100357,2017년 10월 1일 17시,일요일,대전광역시 서구 괴정동,경상사고,0,0,1,0,차대사람 - 횡단중,보행자보호의무위반,젖음/습기,비,교차로 - 교차로횡단보도내,승용,여,28세,상해없음,보행자,여,51세,경상
2017100100100398,2017년 10월 1일 18시,일요일,대전광역시 서구 용문동,경상사고,0,0,3,0,차대차 - 기타,안전운전불이행,건조,맑음,단일로 - 기타,승용,남,24세,상해없음,승용,남,34세,경상
2017100100100453,2017년 10월 1일 19시,일요일,대전광역시 중구 오류동,경상사고,0,0,4,0,차대차 - 추돌,안전운전불이행,젖음/습기,비,교차로 - 교차로부근,승용,남,57세,상해없음,승용,남,56세,경상
2017100100100454,2017년 10월 1일 19시,일요일,대전광역시 서구 변동,경상사고,0,0,1,0,차량단독 - 기타,안전운전불이행,젖음/습기,비,단일로 - 기타,승용,남,57세,상해없음,,,,
2017100100100455,2017년 10월 1일 19시,일요일,대전광역시 대덕구 송촌동,경상사고,0,0,1,0,차대차 - 측면충돌,중앙선침범,젖음/습기,비,단일로 - 기타,승용,여,51세,상해없음,이륜,여,43세,경상
2017100100100456,2017년 10월 1일 19시,일요일,대전광역시 대덕구 오정동,경상사고,0,0,1,0,차대차 - 추돌,안전운전불이행,젖음/습기,비,교차로 - 교차로안,승합,남,44세,상해없음,승용,남,72세,경상
2017100100100496,2017년 10월 1일 20시,일요일,대전광역시 대덕구 신대동,경상사고,0,0,1,0,차대사람 - 기타,안전운전불이행,젖음/습기,비,교차로 - 교차로부근,승용,남,38세,상해없음,보행자,여,67세,경상
2017100100100497,2017년 10월 1일 20시,일요일,대전광역시 대덕구 신대동,경상사고,0,0,1,0,차대차 - 측면충돌,안전운전불이행,젖음/습기,비,단일로 - 기타,기타불명,기타불명,미분류,기타불명,승용,여,38세,경상
2017100100100538,2017년 10월 1일 21시,일요일,대전광역시 동구 자양동,중상사고,0,1,0,0,차대사람 - 횡단중,안전운전불이행,젖음/습기,비,단일로 - 기타,이륜,남,38세,상해없음,보행자,여,50세,중상
2017100100100539,2017년 10월 1일 21시,일요일,대전광역시 서구 관저동,경상사고,0,0,1,0,차대차 - 기타,신호위반,젖음/습기,비,교차로 - 교차로안,승용,남,19세,상해없음,승용,남,52세,경상
2017100100100575,2017년 10월 1일 22시,일요일,대전광역시 서구 도안동,경상사고,0,0,1,0,차대차 - 추돌,안전운전불이행,젖음/습기,비,단일로 - 기타,승용,남,40세,상해없음,승용,여,24세,경상
2017100100100576,2017년 10월 1일 22시,일요일,대전광역시 서구 월평동,중상사고,0,1,0,0,차대사람 - 기타,안전운전불이행,젖음/습기,비,단일로 - 기타,승용,여,42세,상해없음,보행자,남,49세,중상
2017100100100607,2017년 10월 1일 23시,일요일,대전광역시 동구 판암동,중상사고,0,1,0,0,차대차 - 측면충돌,불법유턴,젖음/습기,비,단일로 - 기타,승용,남,57세,상해없음,원동기,남,36세,중상
2017100200100052,2017년 10월 2일 01시,월요일,대전광역시 중구 부사동,중상사고,0,1,0,0,차대사람 - 횡단중,안전운전불이행,건조,맑음,단일로 - 기타,승용,남,33세,상해없음,보행자,남,62세,중상
2017100200100053,2017년 10월 2일 01시,월요일,대전광역시 서구 월평동,경상사고,0,0,1,0,차대차 - 기타,안전운전불이행,젖음/습기,비,단일로 - 기타,승용,남,38세,상해없음,승용,여,45세,경상
2017100200100076,2017년 10월 2일 02시,월요일,대전광역시 서구 용문동,경상사고,0,0,1,0,차대차 - 기타,신호위반,젖음/습기,비,교차로 - 교차로안,승용,여,54세,상해없음,승용,남,40세,경상
2017100200100099,2017년 10월 2일 04시,월요일,대전광역시 동구 원동,부상신고사고,0,0,0,1,차량단독 - 공작물충돌,안전운전불이행,젖음/습기,흐림,단일로 - 기타,승용,남,19세,부상신고,,,,
2017100200100118,2017년 10월 2일 05시,월요일,대전광역시 서구 둔산동,경상사고,0,0,2,0,차대차 - 기타,신호위반,젖음/습기,비,교차로 - 교차로안,승용,여,52세,경상,승용,여,63세,경상
2017100200100256,2017년 10월 2일 11시,월요일,대전광역시 서구 둔산동,경상사고,0,0,2,0,차대차 - 기타,교차로운행방법위반,건조,맑음,교차로 - 교차로안,기타불명,기타불명,미분류,기타불명,승용,여,28세,경상
2017100200100326,2017년 10월 2일 13시,월요일,대전광역시 서구 탄방동,경상사고,0,0,1,0,차대차 - 기타,신호위반,건조,맑음,교차로 - 교차로안,승용,여,55세,기타불명,승용,여,29세,경상
2017100200100327,2017년 10월 2일 13시,월요일,대전광역시 서구 월평동,경상사고,0,0,4,0,차대차 - 추돌,안전운전불이행,건조,맑음,단일로 - 지하차도(도로)내,화물,남,27세,상해없음,승용,여,56세,경상
2017100200100417,2017년 10월 2일 15시,월요일,대전광역시 서구 탄방동,경상사고,0,0,1,0,차대사람 - 길가장자리구역통행중,안전운전불이행,건조,맑음,단일로 - 기타,승용,남,45세,상해없음,보행자,여,23세,경상
2017100200100460,2017년 10월 2일 16시,월요일,대전광역시 동구 가양동,경상사고,0,0,1,0,차대차 - 추돌,안전운전불이행,건조,맑음,교차로 - 교차로부근,승용,남,33세,상해없음,승용,여,33세,경상
2017100200100461,2017년 10월 2일 16시,월요일,대전광역시 유성구 노은동,중상사고,0,1,1,0,차대차 - 측면충돌,신호위반,건조,맑음,교차로 - 교차로안,승용,남,21세,기타불명,승용,남,55세,경상
2017100200100543,2017년 10월 2일 18시,월요일,대전광역시 서구 복수동,중상사고,0,1,0,0,차대사람 - 횡단중,신호위반,건조,맑음,교차로 - 교차로횡단보도내,승용,남,52세,상해없음,보행자,남,39세,중상
2017100200100587,2017년 10월 2일 19시,월요일,대전광역시 중구 문화동,경상사고,0,0,1,0,차대차 - 측면충돌,안전운전불이행,건조,맑음,교차로 - 교차로안,승용,남,56세,상해없음,승용,남,34세,경상
2017100200100588,2017년 10월 2일 19시,월요일,대전광역시 동구 용전동,경상사고,0,0,2,0,차대차 - 추돌,안전거리미확보,건조,맑음,교차로 - 교차로부근,화물,남,54세,상해없음,승용,여,55세,경상
2017100200100589,2017년 10월 2일 19시,월요일,대전광역시 유성구 방동,경상사고,0,0,2,0,차대차 - 추돌,신호위반,건조,맑음,교차로 - 교차로안,화물,남,41세,상해없음,화물,여,43세,경상
2017100200100653,2017년 10월 2일 21시,월요일,대전광역시 서구 가장동,중상사고,0,1,0,0,차대차 - 추돌,안전운전불이행,건조,맑음,단일로 - 기타,이륜,남,29세,중상,승용,남,56세,상해없음
2017100200100654,2017년 10월 2일 21시,월요일,대전광역시 대덕구 신일동,경상사고,0,0,1,0,차대차 - 측면충돌,안전운전불이행,건조,맑음,단일로 - 기타,승용,여,47세,상해없음,승합,남,41세,경상
2017100200100698,2017년 10월 2일 23시,월요일,대전광역시 서구 월평동,경상사고,0,0,1,0,차대차 - 기타,안전운전불이행,건조,맑음,단일로 - 기타,승용,남,75세,상해없음,이륜,남,30세,경상
2017100300100027,2017년 10월 3일 00시,화요일,대전광역시 유성구 원내동,중상사고,0,1,0,0,차량단독 - 전도전복,안전운전불이행,건조,맑음,단일로 - 기타,이륜,남,65세,중상,미분류,미분류,미분류,미분류
2017100300100071,2017년 10월 3일 05시,화요일,대전광역시 유성구 봉명동,경상사고,0,0,1,0,차대차 - 추돌,안전운전불이행,건조,맑음,교차로 - 교차로부근,승용,남,36세,상해없음,승용,여,54세,경상
2017100300100084,2017년 10월 3일 06시,화요일,대전광역시 서구 도마동,중상사고,0,1,0,0,차대차 - 추돌,안전운전불이행,건조,맑음,교차로 - 교차로부근,이륜,남,22세,중상,승합,남,50세,상해없음
2017100300100149,2017년 10월 3일 11시,화요일,대전광역시 서구 갈마동,경상사고,0,0,1,0,차대차 - 측면충돌,안전거리미확보,건조,맑음,교차로 - 교차로안,승용,남,40세,상해없음,승용,여,38세,경상
2017100300100177,2017년 10월 3일 12시,화요일,대전광역시 대덕구 오정동,경상사고,0,0,1,0,차대차 - 측면충돌,안전운전불이행,건조,맑음,단일로 - 기타,이륜,남,34세,상해없음,승용,남,68세,경상
2017100300100178,2017년 10월 3일 12시,화요일,대전광역시 유성구 문지동,경상사고,0,0,2,0,차대차 - 추돌,안전운전불이행,건조,맑음,단일로 - 기타,승용,남,28세,상해없음,승용,남,51세,경상
2017100300100232,2017년 10월 3일 14시,화요일,대전광역시 서구 괴곡동,경상사고,0,0,2,0,차대차 - 측면충돌,중앙선침범,건조,맑음,교차로 - 교차로부근,승용,남,49세,상해없음,승용,남,62세,경상
2017100300100260,2017년 10월 3일 15시,화요일,대전광역시 대덕구 오정동,경상사고,0,0,1,0,차대차 - 기타,안전운전불이행,건조,맑음,단일로 - 기타,화물,남,57세,상해없음,승용,남,41세,경상
2017100300100261,2017년 10월 3일 15시,화요일,대전광역시 유성구 외삼동,경상사고,0,0,1,0,차대차 - 기타,안전운전불이행,건조,맑음,교차로 - 교차로부근,승용,남,57세,상해없음,승용,여,49세,경상
2017100300100275,2017년 10월 3일 16시,화요일,대전광역시 대덕구 비래동,경상사고,0,0,2,0,차대차 - 추돌,안전운전불이행,건조,맑음,단일로 - 기타,승용,남,40세,상해없음,승용,여,51세,경상
2017100300100285,2017년 10월 3일 16시,화요일,대전광역시 대덕구 법동,경상사고,0,0,1,0,차대차 - 측면충돌,안전운전불이행,건조,맑음,단일로 - 기타,승용,남,55세,기타불명,승용,남,56세,경상
2017100300100302,2017년 10월 3일 17시,화요일,대전광역시 서구 변동,중상사고,0,2,0,0,차대차 - 측면충돌,교차로운행방법위반,건조,맑음,교차로 - 교차로안,승용,남,28세,상해없음,승합,여,61세,중상
2017100300100349,2017년 10월 3일 19시,화요일,대전광역시 서구 갈마동,경상사고,0,0,1,0,차대차 - 기타,안전운전불이행,건조,맑음,교차로 - 교차로부근,승용,남,64세,상해없음,이륜,남,63세,경상
2017100300100391,2017년 10월 3일 21시,화요일,대전광역시 유성구 장대동,경상사고,0,0,2,0,차대차 - 측면충돌,안전운전불이행,건조,맑음,단일로 - 기타,화물,남,42세,상해없음,승용,남,57세,경상
2017100300100395,2017년 10월 3일 21시,화요일,대전광역시 서구 월평동,경상사고,0,0,1,0,차대차 - 측면충돌,신호위반,건조,맑음,교차로 - 교차로안,승용,남,24세,상해없음,승용,여,53세,경상
2017100300100396,2017년 10월 3일 21시,화요일,대전광역시 서구 갈마동,경상사고,0,0,1,0,차대차 - 기타,안전운전불이행,건조,맑음,교차로 - 교차로횡단보도내,화물,남,46세,상해없음,자전거,남,21세,경상
2017100400100046,2017년 10월 4일 02시,수요일,대전광역시 유성구 봉명동,중상사고,0,3,0,1,차대차 - 측면충돌,중앙선침범,건조,맑음,단일로 - 기타,승용,남,53세,상해없음,승용,남,27세,중상
2017100400100068,2017년 10월 4일 05시,수요일,대전광역시 중구 은행동,경상사고,0,0,3,0,차대차 - 측면충돌,안전거리미확보,건조,맑음,단일로 - 기타,승용,남,71세,상해없음,승용,남,26세,경상
2017100400100098,2017년 10월 4일 09시,수요일,대전광역시 대덕구 오정동,중상사고,0,1,0,0,차대차 - 기타,안전운전불이행,건조,맑음,교차로 - 교차로안,승용,남,21세,상해없음,승용,여,70세,중상
2017100400100171,2017년 10월 4일 12시,수요일,대전광역시 중구 목동,중상사고,0,3,3,0,차대차 - 측면충돌,안전거리미확보,건조,맑음,단일로 - 기타,승용,남,51세,중상,승용,남,63세,경상
2017100400100172,2017년 10월 4일 12시,수요일,대전광역시 대덕구 석봉동,경상사고,0,0,2,0,차대차 - 기타,안전운전불이행,건조,맑음,교차로 - 교차로안,승용,남,59세,상해없음,승용,남,50세,경상
2017100400100173,2017년 10월 4일 12시,수요일,대전광역시 유성구 덕명동,부상신고사고,0,0,0,4,차대차 - 추돌,중앙선침범,건조,맑음,교차로 - 교차로부근,승용,남,38세,상해없음,승용,여,27세,상해없음
2017100400100222,2017년 10월 4일 14시,수요일,대전광역시 중구 태평동,중상사고,0,1,1,0,차대차 - 측면충돌,교차로운행방법위반,건조,맑음,교차로 - 교차로안,승용,남,60세,상해없음,승용,남,58세,중상
2017100400100247,2017년 10월 4일 15시,수요일,대전광역시 대덕구 중리동,경상사고,0,0,1,0,차대차 - 기타,안전운전불이행,건조,맑음,교차로 - 교차로안,승용,남,69세,상해없음,자전거,남,59세,경상
2017100400100290,2017년 10월 4일 17시,수요일,대전광역시 중구 태평동,중상사고,0,3,0,0,차대차 - 측면충돌,신호위반,건조,흐림,교차로 - 교차로안,승용,남,45세,상해없음,승용,남,50세,중상
2017100400100329,2017년 10월 4일 19시,수요일,대전광역시 동구 가양동,경상사고,0,0,1,0,차대차 - 측면충돌,신호위반,건조,맑음,교차로 - 교차로안,승용,남,25세,상해없음,승용,남,38세,경상
2017100400100361,2017년 10월 4일 21시,수요일,대전광역시 동구 성남동,부상신고사고,0,0,0,1,차대사람 - 횡단중,안전운전불이행,건조,맑음,교차로 - 교차로안,승용,남,55세,상해없음,보행자,남,52세,부상신고
2017100400100376,2017년 10월 4일 22시,수요일,대전광역시 서구 만년동,경상사고,0,0,2,0,차대차 - 기타,차로위반,건조,맑음,단일로 - 기타,승용,남,43세,상해없음,승용,남,33세,경상
2017100400100390,2017년 10월 4일 23시,수요일,대전광역시 서구 도마동,경상사고,0,0,1,0,차대차 - 측면충돌,안전운전불이행,건조,맑음,단일로 - 기타,승용,남,56세,상해없음,이륜,남,36세,경상
2017100500100053,2017년 10월 5일 03시,목요일,대전광역시 동구 가오동,경상사고,0,0,1,0,차대사람 - 기타,안전운전불이행,건조,맑음,교차로 - 교차로부근,승용,남,23세,상해없음,보행자,남,37세,경상
2017100500100145,2017년 10월 5일 12시,목요일,대전광역시 서구 갈마동,경상사고,0,0,2,0,차대차 - 측면충돌,안전거리미확보,건조,맑음,교차로 - 교차로안,승용,여,45세,경상,승용,남,51세,경상
2017100500100213,2017년 10월 5일 15시,목요일,대전광역시 중구 용두동,경상사고,0,0,1,0,차대사람 - 횡단중,안전운전불이행,건조,맑음,교차로 - 교차로부근,승용,남,52세,상해없음,보행자,남,52세,경상
2017100500100281,2017년 10월 5일 18시,목요일,대전광역시 유성구 안산동,경상사고,0,0,1,0,차량단독 - 기타,안전운전불이행,건조,맑음,단일로 - 기타,승용,여,50세,상해없음,,,,
2017100500100352,2017년 10월 5일 21시,목요일,대전광역시 서구 갈마동,경상사고,0,0,1,0,차량단독 - 기타,안전운전불이행,건조,맑음,단일로 - 기타,승합,남,55세,상해없음,,,,
2017100500100376,2017년 10월 5일 22시,목요일,대전광역시 서구 내동,경상사고,0,0,5,0,차대차 - 측면충돌,안전운전불이행,건조,맑음,단일로 - 기타,이륜,남,23세,상해없음,승용,남,55세,경상
2017100500100397,2017년 10월 5일 23시,목요일,대전광역시 유성구 봉명동,중상사고,0,1,1,0,차대사람 - 횡단중,안전운전불이행,건조,맑음,교차로 - 교차로안,승용,남,27세,상해없음,보행자,남,34세,중상
2017100600100025,2017년 10월 6일 00시,금요일,대전광역시 서구 변동,경상사고,0,0,1,0,차대차 - 추돌,안전운전불이행,건조,맑음,교차로 - 교차로부근,화물,남,59세,상해없음,승용,여,25세,경상
2017100600100151,2017년 10월 6일 10시,금요일,대전광역시 대덕구 법동,중상사고,0,1,0,0,차대사람 - 횡단중,안전운전불이행,젖음/습기,비,교차로 - 교차로횡단보도내,승용,남,61세,상해없음,보행자,여,76세,중상
2017100600100253,2017년 10월 6일 15시,금요일,대전광역시 중구 태평동,경상사고,0,0,2,0,차대차 - 측면충돌,직진우회전진행방해,건조,맑음,교차로 - 교차로안,승용,여,65세,상해없음,승용,여,27세,경상
2017100600100318,2017년 10월 6일 18시,금요일,대전광역시 서구 둔산동,경상사고,0,0,1,0,차대차 - 기타,안전운전불이행,건조,맑음,교차로 - 교차로부근,승용,여,42세,상해없음,자전거,남,25세,경상
2017100600100345,2017년 10월 6일 19시,금요일,대전광역시 서구 복수동,경상사고,0,0,1,0,차대차 - 추돌,안전운전불이행,건조,맑음,교차로 - 교차로부근,승용,남,63세,상해없음,승용,남,61세,상해없음
2017100600100426,2017년 10월 6일 22시,금요일,대전광역시 중구 태평동,경상사고,0,0,1,0,차대사람 - 횡단중,보행자보호의무위반,건조,맑음,교차로 - 교차로부근,승용,남,51세,상해없음,보행자,여,66세,경상
2017100600100427,2017년 10월 6일 22시,금요일,대전광역시 동구 자양동,부상신고사고,0,0,0,1,차대차 - 추돌,안전운전불이행,건조,맑음,교차로 - 교차로안,화물,남,57세,상해없음,원동기,남,20세,부상신고
2017100700100099,2017년 10월 7일 07시,토요일,대전광역시 서구 괴정동,중상사고,0,1,0,0,차대차 - 기타,신호위반,건조,맑음,교차로 - 교차로안,승용,남,75세,상해없음,자전거,남,78세,중상
2017100700100126,2017년 10월 7일 09시,토요일,대전광역시 유성구 원내동,중상사고,0,1,0,0,차량단독 - 기타,기타,건조,맑음,단일로 - 기타,승합,남,52세,상해없음,,,,
2017100700100147,2017년 10월 7일 10시,토요일,대전광역시 중구 유천동,경상사고,0,0,2,0,차대차 - 측면충돌,안전운전불이행,건조,맑음,단일로 - 기타,화물,남,64세,상해없음,승용,남,53세,경상
2017100700100174,2017년 10월 7일 11시,토요일,대전광역시 서구 갈마동,중상사고,0,1,0,0,차대사람 - 기타,안전운전불이행,건조,맑음,기타 - 기타,승용,남,50세,상해없음,보행자,여,52세,중상
2017100700100264,2017년 10월 7일 14시,토요일,대전광역시 서구 도안동,경상사고,0,0,1,0,차대차 - 측면충돌,안전거리미확보,건조,맑음,단일로 - 기타,승용,남,63세,상해없음,승용,남,26세,경상
2017100700100295,2017년 10월 7일 15시,토요일,대전광역시 동구 삼성동,중상사고,0,1,0,0,차대차 - 기타,안전운전불이행,건조,맑음,단일로 - 기타,자전거,남,46세,상해없음,자전거,남,67세,중상
2017100700100328,2017년 10월 7일 16시,토요일,대전광역시 동구 원동,경상사고,0,0,1,0,차대차 - 기타,기타,건조,맑음,단일로 - 기타,승용,남,52세,상해없음,승용,남,34세,상해없음
2017100700100329,2017년 10월 7일 16시,토요일,대전광역시 대덕구 오정동,경상사고,0,0,3,0,차대차 - 측면충돌,교차로운행방법위반,건조,맑음,교차로 - 교차로안,승용,남,72세,상해없음,승용,남,28세,경상
2017100700100352,2017년 10월 7일 17시,토요일,대전광역시 유성구 노은동,경상사고,0,0,1,0,차대차 - 측면충돌,불법유턴,건조,맑음,단일로 - 기타,자전거,여,69세,경상,승용,남,35세,상해없음
2017100700100390,2017년 10월 7일 18시,토요일,대전광역시 대덕구 중리동,중상사고,0,1,0,0,차대차 - 기타,신호위반,건조,맑음,교차로 - 교차로안,승용,여,46세,상해없음,이륜,남,17세,중상
2017100700100391,2017년 10월 7일 18시,토요일,대전광역시 서구 둔산동,경상사고,0,0,2,0,차대차 - 기타,안전운전불이행,건조,맑음,단일로 - 기타,승용,여,58세,상해없음,승용,남,26세,경상
2017100700100392,2017년 10월 7일 18시,토요일,대전광역시 유성구 하기동,경상사고,0,0,2,0,차대차 - 측면충돌,기타,건조,맑음,단일로 - 기타,승용,남,32세,상해없음,승용,여,35세,경상
2017100700100447,2017년 10월 7일 20시,토요일,대전광역시 중구 대흥동,경상사고,0,0,1,0,차대차 - 측면충돌,안전운전불이행,건조,맑음,단일로 - 기타,승용,남,50세,상해없음,승용,남,25세,경상
2017100700100448,2017년 10월 7일 20시,토요일,대전광역시 대덕구 법동,경상사고,0,0,1,0,차대차 - 추돌,안전운전불이행,젖음/습기,흐림,단일로 - 기타,승용,여,61세,기타불명,승용,남,28세,상해없음