사고번호,사고일시,요일,시군구,사고내용,사망자수,중상자수,경상자수,부상신고자수,사고유형,법규위반,노면상태,기상상태,도로형태,가해운전자 차종,가해운전자 성별,가해운전자 연령,가해운전자 상해정도,피해운전자 차종,피해운전자 성별,피해운전자 연령,피해운전자 상해정도
2017101300100608,2017년 10월 13일 19시,금요일,대전광역시 유성구 원내동,경상사고,0,0,1,0,차대차 - 측면충돌,교차로운행방법위반,건조,맑음,교차로 - 교차로안,이륜,남,56세,상해없음,자전거,남,39세,경상
2017101300100609,2017년 10월 13일 19시,금요일,대전광역시 유성구 도룡동,중상사고,0,1,0,0,차대사람 - 차도통행중,안전운전불이행,건조,맑음,단일로 - 기타,승용,남,27세,상해없음,보행자,여,54세,중상
2017101300100636,2017년 10월 13일 20시,금요일,대전광역시 서구 갈마동,경상사고,0,0,3,0,차대차 - 기타,안전거리미확보,건조,맑음,단일로 - 기타,승용,여,25세,상해없음,승용,남,60세,경상
2017101300100659,2017년 10월 13일 21시,금요일,대전광역시 중구 산성동,중상사고,0,1,2,0,차대사람 - 횡단중,신호위반,건조,맑음,단일로 - 기타,승용,남,63세,상해없음,보행자,남,27세,경상
2017101300100660,2017년 10월 13일 21시,금요일,대전광역시 유성구 봉명동,중상사고,0,1,0,0,차대차 - 측면충돌,안전운전불이행,건조,맑음,교차로 - 교차로부근,승용,여,59세,상해없음,자전거,남,63세,중상
2017101300100690,2017년 10월 13일 22시,금요일,대전광역시 중구 석교동,중상사고,0,1,0,0,차대사람 - 기타,안전운전불이행,건조,맑음,단일로 - 기타,승용,남,46세,상해없음,보행자,여,86세,중상
2017101300100691,2017년 10월 13일 22시,금요일,대전광역시 서구 관저동,중상사고,0,1,0,0,차대차 - 측면충돌,신호위반,건조,맑음,교차로 - 교차로부근,승용,남,50세,상해없음,이륜,남,18세,중상
2017101300100692,2017년 10월 13일 22시,금요일,대전광역시 대덕구 읍내동,경상사고,0,0,1,0,차대사람 - 기타,기타,건조,맑음,단일로 - 기타,승용,남,53세,상해없음,보행자,여,16세,경상
2017101300100693,2017년 10월 13일 22시,금요일,대전광역시 서구 만년동,경상사고,0,0,4,0,차대차 - 기타,안전운전불이행,건조,맑음,교차로 - 교차로안,승용,여,50세,경상,승용,여,48세,경상
2017101300100694,2017년 10월 13일 22시,금요일,대전광역시 유성구 덕명동,중상사고,0,1,0,0,차대사람 - 횡단중,안전운전불이행,건조,맑음,교차로 - 교차로안,승용,여,24세,상해없음,보행자,여,22세,중상
2017101300100715,2017년 10월 13일 23시,금요일,대전광역시 동구 자양동,중상사고,0,2,0,0,차대사람 - 길가장자리구역통행중,안전운전불이행,건조,맑음,단일로 - 기타,승용,남,24세,상해없음,보행자,남,19세,중상
2017101400100048,2017년 10월 14일 01시,토요일,대전광역시 서구 복수동,경상사고,0,0,3,0,차대차 - 측면충돌,안전운전불이행,건조,맑음,단일로 - 기타,승용,남,31세,상해없음,승용,남,36세,경상
2017101400100049,2017년 10월 14일 01시,토요일,대전광역시 서구 둔산동,경상사고,0,0,1,0,차량단독 - 기타,안전운전불이행,건조,맑음,단일로 - 기타,승용,남,21세,상해없음,,,,
2017101400100085,2017년 10월 14일 04시,토요일,대전광역시 유성구 방동,중상사고,0,1,0,0,차량단독 - 공작물충돌,안전운전불이행,젖음/습기,비,단일로 - 기타,승용,남,33세,중상,,,,
2017101400100103,2017년 10월 14일 05시,토요일,대전광역시 서구 둔산동,경상사고,0,0,1,0,차대차 - 추돌,안전거리미확보,건조,맑음,교차로 - 교차로부근,화물,남,63세,상해없음,승용,남,67세,경상
2017101400100173,2017년 10월 14일 09시,토요일,대전광역시 동구 가오동,경상사고,0,0,1,0,차대차 - 측면충돌,교차로운행방법위반,건조,맑음,교차로 - 교차로안,화물,남,61세,상해없음,이륜,남,49세,경상
2017101400100174,2017년 10월 14일 09시,토요일,대전광역시 유성구 도룡동,부상신고사고,0,0,0,2,차대차 - 기타,안전운전불이행,건조,맑음,교차로 - 교차로부근,승용,남,26세,부상신고,승용,남,52세,부상신고
2017101400100242,2017년 10월 14일 11시,토요일,대전광역시 중구 문화동,중상사고,0,1,0,0,차대사람 - 횡단중,안전운전불이행,건조,맑음,교차로 - 교차로안,승용,여,30세,상해없음,보행자,남,75세,중상
2017101400100243,2017년 10월 14일 11시,토요일,대전광역시 중구 호동,경상사고,0,0,1,0,차대차 - 측면충돌,신호위반,건조,맑음,교차로 - 교차로안,승용,여,45세,상해없음,화물,여,64세,경상
2017101400100244,2017년 10월 14일 11시,토요일,대전광역시 대덕구 송촌동,경상사고,0,0,1,0,차대차 - 추돌,안전운전불이행,건조,맑음,기타 - 기타,승용,남,34세,기타불명,승용,남,24세,경상
2017101400100245,2017년 10월 14일 11시,토요일,대전광역시 대덕구 중리동,경상사고,0,0,1,0,차대차 - 기타,차로위반,건조,맑음,교차로 - 교차로부근,승용,남,43세,상해없음,승합,남,56세,상해없음
2017101400100280,2017년 10월 14일 12시,토요일,대전광역시 동구 자양동,중상사고,0,1,0,0,차대차 - 측면충돌,교차로운행방법위반,건조,맑음,교차로 - 교차로안,승용,여,34세,상해없음,이륜,남,51세,중상
2017101400100322,2017년 10월 14일 13시,토요일,대전광역시 동구 가오동,중상사고,0,1,0,0,차대차 - 측면충돌,신호위반,건조,맑음,교차로 - 교차로안,승용,남,60세,상해없음,원동기,남,36세,중상
2017101400100369,2017년 10월 14일 14시,토요일,대전광역시 대덕구 오정동,경상사고,0,0,1,0,차대차 - 추돌,안전운전불이행,건조,맑음,교차로 - 교차로안,승용,여,57세,상해없음,승용,여,54세,경상
2017101400100370,2017년 10월 14일 14시,토요일,대전광역시 유성구 궁동,경상사고,0,0,4,0,차대차 - 측면충돌,안전거리미확보,건조,맑음,단일로 - 기타,승용,남,69세,상해없음,승용,여,51세,경상
2017101400100407,2017년 10월 14일 15시,토요일,대전광역시 서구 월평동,경상사고,0,0,1,0,차대차 - 추돌,안전운전불이행,건조,맑음,교차로 - 교차로부근,승용,남,63세,상해없음,승용,남,29세,상해없음
2017101400100473,2017년 10월 14일 17시,토요일,대전광역시 유성구 봉명동,경상사고,0,0,3,0,차대차 - 추돌,안전운전불이행,건조,맑음,단일로 - 기타,승용,남,19세,상해없음,승용,남,23세,경상
2017101400100474,2017년 10월 14일 17시,토요일,대전광역시 유성구 봉명동,경상사고,0,0,1,0,차대차 - 기타,안전운전불이행,건조,맑음,교차로 - 교차로안,승용,남,64세,상해없음,화물,남,30세,경상
2017101400100475,2017년 10월 14일 17시,토요일,대전광역시 유성구 구암동,경상사고,0,0,3,0,차대차 - 기타,중앙선침범,건조,맑음,교차로 - 교차로부근,승용,여,24세,상해없음,승용,남,54세,경상
2017101400100594,2017년 10월 14일 20시,토요일,대전광역시 동구 용운동,중상사고,0,1,0,0,차대사람 - 길가장자리구역통행중,안전운전불이행,건조,맑음,교차로 - 교차로부근,승용,여,45세,상해없음,보행자,여,66세,중상
2017101400100624,2017년 10월 14일 21시,토요일,대전광역시 대덕구 신탄진동,중상사고,0,1,0,0,차대차 - 기타,교차로운행방법위반,건조,맑음,교차로 - 교차로안,승용,남,52세,상해없음,이륜,남,53세,중상
2017101400100645,2017년 10월 14일 22시,토요일,대전광역시 중구 오류동,경상사고,0,0,1,0,차대사람 - 횡단중,안전운전불이행,건조,맑음,교차로 - 교차로안,승용,여,61세,상해없음,보행자,여,18세,경상
2017101400100646,2017년 10월 14일 22시,토요일,대전광역시 유성구 노은동,경상사고,0,0,2,0,차대차 - 기타,신호위반,건조,맑음,교차로 - 교차로안,승용,남,30세,상해없음,승용,여,47세,경상
2017101500100070,2017년 10월 15일 03시,일요일,대전광역시 서구 둔산동,경상사고,0,0,1,0,차대사람 - 기타,안전운전불이행,건조,맑음,단일로 - 기타,승용,남,21세,상해없음,보행자,여,24세,경상
2017101500100110,2017년 10월 15일 06시,일요일,대전광역시 중구 중촌동,경상사고,0,0,2,0,차대차 - 추돌,안전거리미확보,건조,맑음,교차로 - 교차로부근,승용,여,61세,상해없음,승용,남,50세,경상
2017101500100142,2017년 10월 15일 09시,일요일,대전광역시 유성구 갑동,사망사고,1,0,0,0,차량단독 - 전도전복 - 전도,안전운전불이행,건조,맑음,단일로 - 기타,이륜,남,23세,사망,,,,
2017101500100157,2017년 10월 15일 10시,일요일,대전광역시 중구 선화동,경상사고,0,0,1,0,차대차 - 측면충돌,안전거리미확보,건조,맑음,교차로 - 교차로부근,승용,남,69세,상해없음,화물,남,49세,경상
2017101500100158,2017년 10월 15일 10시,일요일,대전광역시 서구 관저동,중상사고,0,1,0,0,차대사람 - 기타,보행자보호의무위반,건조,맑음,교차로 - 교차로안,승용,남,45세,상해없음,보행자,남,85세,중상
2017101500100198,2017년 10월 15일 12시,일요일,대전광역시 유성구 원내동,경상사고,0,0,1,1,차대차 - 추돌,안전운전불이행,건조,맑음,단일로 - 기타,승용,남,41세,상해없음,승용,남,73세,부상신고
2017101500100225,2017년 10월 15일 13시,일요일,대전광역시 서구 둔산동,경상사고,0,0,1,0,차대차 - 측면충돌,안전운전불이행,건조,맑음,기타 - 기타,승용,남,61세,상해없음,승용,남,53세,경상
2017101500100254,2017년 10월 15일 14시,일요일,대전광역시 서구 탄방동,경상사고,0,0,1,0,차대차 - 측면충돌,중앙선침범,건조,맑음,교차로 - 교차로부근,승용,남,49세,상해없음,승용,남,28세,경상
2017101500100255,2017년 10월 15일 14시,일요일,대전광역시 서구 갈마동,경상사고,0,0,1,0,차대차 - 측면충돌,기타,건조,맑음,교차로 - 교차로부근,승용,남,40세,상해없음,이륜,남,52세,경상
2017101500100344,2017년 10월 15일 17시,일요일,대전광역시 유성구 봉명동,경상사고,0,0,4,0,차대차 - 기타,안전거리미확보,건조,맑음,교차로 - 교차로부근,승용,남,75세,상해없음,승용,남,42세,경상
2017101500100391,2017년 10월 15일 18시,일요일,대전광역시 대덕구 석봉동,경상사고,0,0,1,0,차대차 - 기타,안전운전불이행,건조,맑음,기타 - 기타,승용,남,58세,상해없음,승용,남,44세,기타불명
2017101500100392,2017년 10월 15일 18시,일요일,대전광역시 유성구 원내동,중상사고,0,1,0,0,차대차 - 측면충돌,안전운전불이행,건조,맑음,단일로 - 기타,승용,남,49세,상해없음,자전거,여,60세,중상
2017101500100393,2017년 10월 15일 18시,일요일,대전광역시 유성구 궁동,경상사고,0,0,1,0,차대사람 - 보도통행중,기타,건조,맑음,기타 - 기타,승용,여,54세,상해없음,보행자,여,26세,경상
2017101500100418,2017년 10월 15일 19시,일요일,대전광역시 중구 오류동,경상사고,0,0,4,0,차대차 - 추돌,안전운전불이행,건조,맑음,교차로 - 교차로부근,승용,남,60세,상해없음,승용,남,56세,경상
2017101500100452,2017년 10월 15일 20시,일요일,대전광역시 동구 용전동,경상사고,0,0,2,0,차대차 - 기타,교차로운행방법위반,건조,맑음,교차로 - 교차로안,승용,여,25세,상해없음,승용,남,58세,경상
2017101500100453,2017년 10월 15일 20시,일요일,대전광역시 동구 대동,중상사고,0,1,0,0,차대차 - 측면충돌,불법유턴,건조,맑음,단일로 - 기타,승용,남,55세,상해없음,이륜,남,30세,중상
2017101500100454,2017년 10월 15일 20시,일요일,대전광역시 서구 월평동,경상사고,0,0,1,0,차대차 - 측면충돌,교차로운행방법위반,건조,맑음,교차로 - 교차로부근,승용,남,55세,상해없음,화물,남,49세,경상
2017101500100455,2017년 10월 15일 20시,일요일,대전광역시 유성구 봉명동,부상신고사고,0,0,0,1,차대사람 - 기타,안전운전불이행,건조,맑음,단일로 - 기타,화물,남,48세,상해없음,보행자,남,60세,부상신고
2017101500100475,2017년 10월 15일 21시,일요일,대전광역시 유성구 궁동,경상사고,0,0,1,0,차대차 - 측면충돌,신호위반,건조,맑음,단일로 - 기타,승용,남,31세,상해없음,자전거,남,24세,경상
2017101500100490,2017년 10월 15일 22시,일요일,대전광역시 서구 둔산동,부상신고사고,0,0,0,1,차대차 - 기타,안전운전불이행,건조,맑음,단일로 - 기타,자전거,남,55세,부상신고,이륜,남,26세,상해없음
2017101500100491,2017년 10월 15일 22시,일요일,대전광역시 유성구 구암동,경상사고,0,0,2,0,차대차 - 추돌,안전운전불이행,건조,맑음,교차로 - 교차로부근,승용,남,46세,상해없음,승용,여,34세,경상
2017101600100095,2017년 10월 16일 07시,월요일,대전광역시 유성구 구성동,사망사고,1,0,0,0,차량단독 - 기타,안전운전불이행,건조,맑음,단일로 - 기타,이륜,남,41세,사망,,,,
2017101600100213,2017년 10월 16일 11시,월요일,대전광역시 중구 문화동,중상사고,0,1,0,0,차량단독 - 기타,안전운전불이행,건조,맑음,단일로 - 기타,승합,남,46세,상해없음,,,,
2017101600100243,2017년 10월 16일 12시,월요일,대전광역시 유성구 봉명동,경상사고,0,0,1,0,차대차 - 정면충돌,안전운전불이행,건조,맑음,단일로 - 기타,자전거,남,76세,경상,승용,남,31세,상해없음
2017101600100282,2017년 10월 16일 13시,월요일,대전광역시 중구 대흥동,중상사고,0,1,0,0,차대차 - 측면충돌,교차로운행방법위반,건조,맑음,교차로 - 교차로안,승용,남,75세,상해없음,이륜,남,56세,중상
2017101600100374,2017년 10월 16일 16시,월요일,대전광역시 중구 문화동,경상사고,0,0,1,0,차대차 - 측면충돌,안전운전불이행,건조,맑음,교차로 - 교차로안,자전거,남,17세,경상,승용,여,35세,상해없음
2017101600100408,2017년 10월 16일 17시,월요일,대전광역시 동구 가오동,경상사고,0,0,1,0,차대차 - 측면충돌,교차로운행방법위반,건조,맑음,교차로 - 교차로안,승용,여,54세,상해없음,승용,남,29세,경상
2017101600100468,2017년 10월 16일 18시,월요일,대전광역시 유성구 송정동,경상사고,0,0,1,0,차대차 - 추돌,안전운전불이행,건조,맑음,기타 - 기타,승용,남,62세,상해없음,승용,여,43세,경상
2017101600100469,2017년 10월 16일 18시,월요일,대전광역시 유성구 원내동,경상사고,0,0,1,0,차대차 - 기타,안전거리미확보,건조,맑음,교차로 - 교차로부근,승용,여,27세,상해없음,승용,여,68세,경상
2017101600100518,2017년 10월 16일 19시,월요일,대전광역시 서구 내동,사망사고,1,1,0,0,차대사람 - 횡단중,보행자보호의무위반,건조,맑음,교차로 - 교차로횡단보도내,승용,남,45세,상해없음,보행자,여,5세,사망
2017101600100590,2017년 10월 16일 22시,월요일,대전광역시 서구 갈마동,경상사고,0,0,2,0,차대차 - 측면충돌,안전거리미확보,건조,흐림,단일로 - 기타,승용,여,39세,상해없음,승용,여,56세,경상
2017101700100043,2017년 10월 17일 01시,화요일,대전광역시 대덕구 읍내동,사망사고,1,0,0,0,차대사람 - 횡단중,안전운전불이행,건조,맑음,단일로 - 기타,승합,남,45세,상해없음,보행자,남,58세,사망
2017101700100102,2017년 10월 17일 06시,화요일,대전광역시 유성구 지족동,경상사고,0,0,2,1,차대차 - 기타,안전거리미확보,건조,맑음,교차로 - 교차로부근,승용,남,57세,상해없음,승용,남,52세,부상신고
2017101700100121,2017년 10월 17일 07시,화요일,대전광역시 유성구 도룡동,경상사고,0,0,2,0,차대차 - 기타,안전운전불이행,건조,맑음,교차로 - 교차로안,승용,남,57세,경상,승용,여,56세,경상
2017101700100160,2017년 10월 17일 08시,화요일,대전광역시 대덕구 법동,경상사고,0,0,1,0,차대차 - 기타,안전운전불이행,건조,맑음,교차로 - 교차로부근,승용,남,73세,상해없음,자전거,남,47세,경상
2017101700100161,2017년 10월 17일 08시,화요일,대전광역시 유성구 궁동,중상사고,0,1,5,0,차대차 - 기타,안전거리미확보,건조,맑음,단일로 - 지하차도(도로)내,승용,남,54세,상해없음,승용,남,55세,경상
2017101700100201,2017년 10월 17일 09시,화요일,대전광역시 중구 문화동,중상사고,0,1,0,0,차대사람 - 횡단중,보행자보호의무위반,건조,맑음,교차로 - 교차로부근,승용,남,71세,상해없음,보행자,남,70세,중상
2017101700100202,2017년 10월 17일 09시,화요일,대전광역시 동구 정동,경상사고,0,0,1,0,차대차 - 기타,교차로운행방법위반,건조,맑음,교차로 - 교차로안,화물,남,62세,상해없음,승용,여,50세,경상
2017101700100203,2017년 10월 17일 09시,화요일,대전광역시 유성구 대정동,경상사고,0,0,1,0,차대사람 - 횡단중,보행자보호의무위반,건조,맑음,교차로 - 교차로안,기타불명,기타불명,미분류,기타불명,보행자,여,40세,경상
2017101700100304,2017년 10월 17일 12시,화요일,대전광역시 중구 선화동,중상사고,0,1,0,0,차대차 - 측면충돌,안전운전불이행,건조,맑음,단일로 - 기타,승용,여,40세,상해없음,자전거,남,67세,중상
2017101700100305,2017년 10월 17일 12시,화요일,대전광역시 동구 대성동,경상사고,0,0,1,0,차대차 - 측면충돌,안전운전불이행,건조,맑음,교차로 - 교차로안,승용,여,54세,상해없음,승용,여,36세,경상
2017101700100326,2017년 10월 17일 13시,화요일,대전광역시 서구 도마동,중상사고,0,1,0,0,차대사람 - 횡단중,과속,건조,맑음,단일로 - 기타,화물,남,47세,상해없음,보행자,여,76세,중상
2017101700100357,2017년 10월 17일 14시,화요일,대전광역시 중구 유천동,경상사고,0,0,1,0,차대사람 - 길가장자리구역통행중,안전운전불이행,건조,맑음,단일로 - 기타,기타불명,기타불명,미분류,기타불명,보행자,여,73세,경상
2017101700100471,2017년 10월 17일 17시,화요일,대전광역시 서구 만년동,중상사고,0,1,0,0,차량단독 - 기타,안전운전불이행,건조,맑음,기타 - 기타,이륜,남,55세,중상,,,,
2017101700100472,2017년 10월 17일 17시,화요일,대전광역시 유성구 노은동,중상사고,0,1,1,0,차대차 - 측면충돌,신호위반,건조,맑음,교차로 - 교차로안,승용,여,48세,상해없음,승용,여,27세,중상
2017101700100537,2017년 10월 17일 18시,화요일,대전광역시 동구 원동,경상사고,0,0,2,0,차대차 - 추돌,안전운전불이행,건조,맑음,교차로 - 교차로부근,승용,남,53세,상해없음,승용,여,25세,경상
2017101700100538,2017년 10월 17일 18시,화요일,대전광역시 서구 둔산동,경상사고,0,0,1,0,차대차 - 기타,직진우회전진행방해,건조,맑음,교차로 - 교차로안,승용,남,62세,기타불명,이륜,남,40세,경상
2017101700100539,2017년 10월 17일 18시,화요일,대전광역시 서구 탄방동,경상사고,0,0,1,0,차대사람 - 횡단중,보행자보호의무위반,건조,맑음,교차로 - 교차로횡단보도내,기타불명,기타불명,미분류,기타불명,보행자,여,17세,경상
2017101700100577,2017년 10월 17일 19시,화요일,대전광역시 동구 용전동,경상사고,0,0,3,0,차대차 - 측면충돌,교차로운행방법위반,건조,맑음,교차로 - 교차로안,승용,여,32세,경상,승합,남,31세,경상
2017101700100578,2017년 10월 17일 19시,화요일,대전광역시 대덕구 법동,경상사고,0,0,1,0,차대차 - 추돌,안전거리미확보,건조,맑음,단일로 - 기타,승용,남,22세,상해없음,승용,남,42세,경상
2017101700100579,2017년 10월 17일 19시,화요일,대전광역시 서구 탄방동,경상사고,0,0,2,0,차대차 - 기타,안전운전불이행,건조,맑음,단일로 - 기타,승용,남,50세,상해없음,승용,남,37세,경상
2017101700100606,2017년 10월 17일 20시,화요일,대전광역시 유성구 노은동,경상사고,0,0,1,0,차대차 - 기타,안전운전불이행,건조,맑음,단일로 - 기타,승용,남,46세,상해없음,이륜,남,27세,경상
2017101800100045,2017년 10월 18일 01시,수요일,대전광역시 중구 대흥동,경상사고,0,0,2,0,차대차 - 측면충돌,신호위반,건조,맑음,교차로 - 교차로안,승용,남,24세,경상,승용,남,55세,경상
2017101800100183,2017년 10월 18일 09시,수요일,대전광역시 서구 둔산동,중상사고,0,1,0,0,차대사람 - 기타,안전운전불이행,건조,맑음,단일로 - 기타,원동기,남,55세,상해없음,보행자,여,75세,중상
2017101800100212,2017년 10월 18일 10시,수요일,대전광역시 중구 대흥동,중상사고,0,1,0,0,차대차 - 측면충돌,불법유턴,건조,맑음,교차로 - 교차로안,자전거,남,64세,중상,승용,남,55세,상해없음
2017101800100235,2017년 10월 18일 11시,수요일,대전광역시 중구 문화동,중상사고,0,1,0,0,차대차 - 측면충돌,안전운전불이행,건조,맑음,교차로 - 교차로부근,승용,여,36세,상해없음,원동기,남,27세,중상
2017101800100282,2017년 10월 18일 13시,수요일,대전광역시 유성구 관평동,경상사고,0,0,1,0,차대차 - 기타,안전운전불이행,건조,맑음,단일로 - 기타,화물,남,64세,상해없음,승용,남,60세,경상
2017101800100321,2017년 10월 18일 14시,수요일,대전광역시 대덕구 용호동,부상신고사고,0,0,0,1,차대차 - 측면충돌,안전운전불이행,건조,맑음,교차로 - 교차로횡단보도내,승용,여,56세,상해없음,자전거,남,34세,부상신고
2017101800100369,2017년 10월 18일 16시,수요일,대전광역시 중구 선화동,중상사고,0,1,0,0,차대차 - 측면충돌,직진우회전진행방해,건조,맑음,교차로 - 교차로안,원동기,남,30세,상해없음,원동기,남,48세,중상
2017101800100370,2017년 10월 18일 16시,수요일,대전광역시 서구 월평동,경상사고,0,0,2,0,차대차 - 측면충돌,안전거리미확보,건조,맑음,단일로 - 기타,승용,여,70세,상해없음,승용,남,37세,경상
2017101800100394,2017년 10월 18일 17시,수요일,대전광역시 대덕구 비래동,경상사고,0,0,1,0,차대차 - 추돌,안전운전불이행,건조,맑음,단일로 - 기타,승용,여,55세,상해없음,화물,남,49세,경상
2017101800100410,2017년 10월 18일 17시,수요일,대전광역시 서구 관저동,경상사고,0,0,1,0,차대사람 - 기타,안전운전불이행,건조,맑음,교차로 - 교차로부근,기타불명,기타불명,미분류,기타불명,보행자,남,24세,경상
2017101800100477,2017년 10월 18일 18시,수요일,대전광역시 대덕구 신탄진동,경상사고,0,0,1,0,차대차 - 기타,안전운전불이행,건조,맑음,단일로 - 기타,승용,여,34세,상해없음,승용,남,28세,경상
2017101800100478,2017년 10월 18일 18시,수요일,대전광역시 유성구 원신흥동,경상사고,0,0,2,0,차대차 - 추돌,안전운전불이행,건조,맑음,교차로 - 교차로안,승용,남,56세,상해없음,승용,남,31세,경상
2017101800100479,2017년 10월 18일 18시,수요일,대전광역시 유성구 교촌동,경상사고,0,0,1,0,차대차 - 측면충돌,안전운전불이행,건조,맑음,단일로 - 기타,승용,남,75세,상해없음,승용,남,35세,경상
2017101800100520,2017년 10월 18일 19시,수요일,대전광역시 대덕구 송촌동,경상사고,0,0,1,0,차대차 - 측면충돌,안전운전불이행,건조,맑음,단일로 - 기타,승합,남,65세,상해없음,승용,남,29세,경상
2017101800100559,2017년 10월 18일 20시,수요일,대전광역시 중구 대흥동,중상사고,0,1,0,0,차대차 - 측면충돌,기타,건조,맑음,단일로 - 기타,승용,여,50세,상해없음,승합,남,32세,상해없음
2017101800100560,2017년 10월 18일 20시,수요일,대전광역시 유성구 관평동,경상사고,0,0,1,0,차대차 - 추돌,안전운전불이행,건조,맑음,단일로 - 기타,화물,남,42세,상해없음,이륜,남,25세,경상
2017101800100591,2017년 10월 18일 21시,수요일,대전광역시 중구 태평동,경상사고,0,0,1,0,차대차 - 측면충돌,신호위반,건조,맑음,교차로 - 교차로안,승용,여,41세,상해없음,이륜,남,29세,경상
2017101800100611,2017년 10월 18일 22시,수요일,대전광역시 중구 은행동,경상사고,0,0,1,0,차대사람 - 차도통행중,안전운전불이행,건조,맑음,단일로 - 기타,승용,남,23세,상해없음,보행자,여,20세,경상
2017101800100627,2017년 10월 18일 23시,수요일,대전광역시 서구 도마동,중상사고,0,1,0,0,차대차 - 측면충돌,안전운전불이행,건조,맑음,교차로 - 교차로안,승용,남,65세,상해없음,이륜,남,33세,중상
2017101900100034,2017년 10월 19일 00시,목요일,대전광역시 서구 변동,경상사고,0,0,1,0,차대차 - 추돌,안전운전불이행,건조,맑음,단일로 - 기타,승용,남,37세,상해없음,승용,남,65세,경상
2017101900100046,2017년 10월 19일 01시,목요일,대전광역시 서구 둔산동,중상사고,0,1,1,0,차대차 - 정면충돌,신호위반,건조,맑음,교차로 - 교차로안,승합,남,38세,상해없음,승용,남,50세,경상
2017101900100053,2017년 10월 19일 02시,목요일,대전광역시 서구 탄방동,경상사고,0,0,2,0,차대차 - 추돌,안전운전불이행,건조,맑음,교차로 - 교차로부근,승합,남,45세,상해없음,승용,남,49세,경상
2017101900100056,2017년 10월 19일 03시,목요일,대전광역시 서구 월평동,경상사고,0,0,5,0,차대차 - 정면충돌,안전운전불이행,건조,맑음,교차로 - 교차로안,승용,남,45세,상해없음,승합,남,26세,경상
2017101900100120,2017년 10월 19일 07시,목요일,대전광역시 유성구 반석동,경상사고,0,0,1,0,차대차 - 추돌,차로위반,건조,맑음,단일로 - 기타,건설기계,남,56세,상해없음,승용,남,62세,경상
2017101900100172,2017년 10월 19일 08시,목요일,대전광역시 유성구 송강동,경상사고,0,0,1,0,차대차 - 측면충돌,안전운전불이행,건조,맑음,단일로 - 기타,승용,남,40세,상해없음,승합,남,59세,경상
2017101900100218,2017년 10월 19일 09시,목요일,대전광역시 유성구 방동,경상사고,0,0,1,0,차량단독 - 공작물충돌,안전운전불이행,건조,맑음,단일로 - 기타,승합,남,61세,상해없음,,,,
2017101900100245,2017년 10월 19일 10시,목요일,대전광역시 중구 사정동,중상사고,0,1,0,0,차대차 - 측면충돌,신호위반,건조,맑음,교차로 - 교차로안,승용,남,63세,상해없음,이륜,남,60세,중상
2017101900100269,2017년 10월 19일 11시,목요일,대전광역시 대덕구 오정동,경상사고,0,0,2,0,차대차 - 측면충돌,직진우회전진행방해,건조,맑음,교차로 - 교차로안,승용,남,40세,경상,특수,남,40세,경상
2017101900100290,2017년 10월 19일 12시,목요일,대전광역시 동구 신흥동,중상사고,0,1,0,0,차대차 - 기타,안전운전불이행,건조,맑음,교차로 - 교차로부근,승용,남,40세,상해없음,자전거,여,52세,중상
2017101900100338,2017년 10월 19일 14시,목요일,대전광역시 서구 복수동,경상사고,0,0,1,0,차대사람 - 보도통행중,보행자보호의무위반,건조,맑음,교차로 - 교차로횡단보도내,승용,남,55세,상해없음,보행자,여,18세,경상
2017101900100339,2017년 10월 19일 14시,목요일,대전광역시 서구 내동,경상사고,0,0,2,0,차대차 - 측면충돌,신호위반,건조,맑음,교차로 - 교차로부근,승용,여,49세,상해없음,승용,남,60세,경상
2017101900100381,2017년 10월 19일 15시,목요일,대전광역시 서구 월평동,경상사고,0,0,1,0,차대차 - 측면충돌,안전거리미확보,건조,맑음,단일로 - 기타,승용,남,76세,상해없음,승용,남,27세,경상
2017101900100382,2017년 10월 19일 15시,목요일,대전광역시 유성구 하기동,경상사고,0,0,1,0,차대차 - 측면충돌,안전운전불이행,건조,맑음,단일로 - 기타,원동기,남,63세,상해없음,승용,여,41세,경상
2017101900100383,2017년 10월 19일 15시,목요일,대전광역시 유성구 원내동,경상사고,0,0,1,0,차대차 - 추돌,안전운전불이행,건조,맑음,단일로 - 기타,승용,여,26세,상해없음,승용,남,58세,경상
2017101900100425,2017년 10월 19일 16시,목요일,대전광역시 유성구 봉명동,경상사고,0,0,4,0,차대차 - 추돌,안전거리미확보,건조,맑음,단일로 - 기타,승용,남,69세,상해없음,승용,여,37세,경상
2017101900100426,2017년 10월 19일 16시,목요일,대전광역시 유성구 송강동,중상사고,0,1,0,0,차대사람 - 차도통행중,안전운전불이행,건조,맑음,단일로 - 기타,승용,남,36세,상해없음,보행자,여,75세,중상
2017101900100520,2017년 10월 19일 18시,목요일,대전광역시 중구 부사동,경상사고,0,0,1,0,차대차 - 측면충돌,안전운전불이행,건조,맑음,단일로 - 기타,승용,남,59세,상해없음,승용,여,49세,경상