사고번호,사고일시,요일,시군구,사고내용,사망자수,중상자수,경상자수,부상신고자수,사고유형,법규위반,노면상태,기상상태,도로형태,가해운전자 차종,가해운전자 성별,가해운전자 연령,가해운전자 상해정도,피해운전자 차종,피해운전자 성별,피해운전자 연령,피해운전자 상해정도
2017101900100521,2017년 10월 19일 18시,목요일,대전광역시 대덕구 평촌동,경상사고,0,0,1,0,차대차 - 측면충돌,안전운전불이행,건조,맑음,단일로 - 기타,화물,남,72세,상해없음,승용,여,51세,경상
2017101900100522,2017년 10월 19일 18시,목요일,대전광역시 대덕구 상서동,경상사고,0,0,1,0,차대차 - 측면충돌,안전운전불이행,건조,맑음,단일로 - 기타,승용,남,64세,상해없음,화물,남,49세,경상
2017101900100674,2017년 10월 19일 23시,목요일,대전광역시 대덕구 오정동,경상사고,0,0,2,0,차대차 - 측면충돌,신호위반,건조,맑음,교차로 - 교차로안,승용,여,52세,상해없음,이륜,남,16세,경상
2017102000100037,2017년 10월 20일 00시,금요일,대전광역시 대덕구 오정동,경상사고,0,0,3,1,차대차 - 추돌,안전운전불이행,건조,맑음,교차로 - 교차로부근,승용,남,25세,상해없음,승합,남,33세,부상신고
2017102000100066,2017년 10월 20일 04시,금요일,대전광역시 서구 변동,경상사고,0,0,1,0,차대차 - 측면충돌,신호위반,건조,맑음,교차로 - 교차로안,승용,남,54세,상해없음,승용,남,63세,경상
2017102000100077,2017년 10월 20일 05시,금요일,대전광역시 서구 관저동,중상사고,0,1,1,0,차대차 - 측면충돌,신호위반,건조,맑음,교차로 - 교차로안,화물,남,43세,경상,승용,남,59세,중상
2017102000100078,2017년 10월 20일 05시,금요일,대전광역시 대덕구 중리동,부상신고사고,0,0,0,2,차대차 - 측면충돌,안전운전불이행,젖음/습기,맑음,교차로 - 교차로부근,승용,남,61세,상해없음,승용,남,24세,부상신고
2017102000100079,2017년 10월 20일 05시,금요일,대전광역시 서구 월평동,중상사고,0,1,0,0,차대사람 - 횡단중,안전운전불이행,건조,맑음,단일로 - 기타,승용,남,61세,상해없음,보행자,남,53세,중상
2017102000100080,2017년 10월 20일 05시,금요일,대전광역시 유성구 장대동,경상사고,0,0,1,0,차대차 - 측면충돌,신호위반,건조,맑음,교차로 - 교차로안,승용,남,63세,상해없음,화물,남,60세,경상
2017102000100174,2017년 10월 20일 08시,금요일,대전광역시 서구 탄방동,경상사고,0,0,1,0,차대차 - 추돌,안전운전불이행,건조,맑음,교차로 - 교차로부근,승용,남,66세,상해없음,승용,여,59세,경상
2017102000100175,2017년 10월 20일 08시,금요일,대전광역시 서구 월평동,중상사고,0,1,0,0,차대차 - 기타,안전거리미확보,건조,맑음,단일로 - 교량,기타불명,기타불명,미분류,기타불명,승용,여,38세,중상
2017102000100176,2017년 10월 20일 08시,금요일,대전광역시 유성구 관평동,중상사고,0,2,0,0,차대차 - 측면충돌,안전운전불이행,건조,맑음,단일로 - 기타,원동기,남,74세,중상,승용,여,42세,중상
2017102000100214,2017년 10월 20일 09시,금요일,대전광역시 서구 둔산동,경상사고,0,0,1,0,차대사람 - 기타,보행자보호의무위반,건조,맑음,교차로 - 교차로횡단보도내,화물,남,47세,상해없음,보행자,여,45세,경상
2017102000100286,2017년 10월 20일 11시,금요일,대전광역시 서구 관저동,중상사고,0,2,0,0,차대차 - 추돌,안전운전불이행,건조,맑음,단일로 - 지하차도(도로)내,승합,남,59세,상해없음,승용,여,64세,중상
2017102000100287,2017년 10월 20일 11시,금요일,대전광역시 대덕구 평촌동,경상사고,0,0,4,0,차대차 - 측면충돌,안전운전불이행,건조,맑음,교차로 - 교차로부근,승용,남,49세,상해없음,승용,여,58세,경상
2017102000100288,2017년 10월 20일 11시,금요일,대전광역시 서구 둔산동,부상신고사고,0,0,0,1,차대사람 - 횡단중,안전운전불이행,건조,맑음,교차로 - 교차로횡단보도내,기타불명,기타불명,미분류,기타불명,보행자,여,20세,부상신고
2017102000100289,2017년 10월 20일 11시,금요일,대전광역시 유성구 장대동,경상사고,0,0,2,0,차대차 - 기타,교차로운행방법위반,건조,맑음,교차로 - 교차로안,승용,여,51세,경상,승용,남,62세,경상
2017102000100323,2017년 10월 20일 12시,금요일,대전광역시 서구 갈마동,경상사고,0,0,1,1,차대차 - 기타,안전거리미확보,건조,맑음,단일로 - 기타,승용,남,63세,부상신고,승용,남,43세,경상
2017102000100368,2017년 10월 20일 13시,금요일,대전광역시 중구 선화동,경상사고,0,0,1,0,차대사람 - 기타,안전운전불이행,건조,맑음,교차로 - 교차로안,화물,남,39세,상해없음,보행자,여,35세,경상
2017102000100408,2017년 10월 20일 14시,금요일,대전광역시 중구 중촌동,경상사고,0,0,1,0,차대차 - 추돌,안전운전불이행,건조,맑음,교차로 - 교차로안,승용,여,46세,상해없음,자전거,남,70세,경상
2017102000100409,2017년 10월 20일 14시,금요일,대전광역시 대덕구 법동,중상사고,0,1,0,0,차대차 - 추돌,안전운전불이행,건조,맑음,교차로 - 교차로부근,승용,여,86세,상해없음,기타불명,여,88세,중상
2017102000100410,2017년 10월 20일 14시,금요일,대전광역시 서구 탄방동,경상사고,0,0,1,0,차대사람 - 횡단중,신호위반,건조,맑음,단일로 - 기타,승용,여,49세,상해없음,보행자,남,7세,경상
2017102000100457,2017년 10월 20일 15시,금요일,대전광역시 대덕구 오정동,사망사고,1,0,0,0,차대차 - 측면충돌,불법유턴,건조,맑음,교차로 - 교차로안,이륜,남,51세,사망,승합,남,63세,상해없음
2017102000100458,2017년 10월 20일 15시,금요일,대전광역시 서구 월평동,경상사고,0,0,1,0,차대차 - 기타,교차로운행방법위반,건조,맑음,교차로 - 교차로안,승용,남,35세,상해없음,이륜,여,28세,경상
2017102000100502,2017년 10월 20일 16시,금요일,대전광역시 유성구 둔곡동,경상사고,0,0,1,0,차대차 - 기타,안전거리미확보,건조,맑음,단일로 - 기타,승용,남,59세,상해없음,승용,남,32세,경상
2017102000100544,2017년 10월 20일 17시,금요일,대전광역시 동구 가양동,경상사고,0,0,4,0,차대차 - 측면충돌,안전운전불이행,건조,맑음,단일로 - 기타,승용,남,68세,상해없음,승용,남,49세,상해없음
2017102000100545,2017년 10월 20일 17시,금요일,대전광역시 서구 변동,경상사고,0,0,1,0,차대차 - 후진중충돌,안전운전불이행,건조,맑음,단일로 - 기타,승용,남,51세,상해없음,승용,여,50세,경상
2017102000100625,2017년 10월 20일 18시,금요일,대전광역시 서구 관저동,경상사고,0,0,1,0,차대차 - 추돌,안전운전불이행,건조,맑음,단일로 - 기타,이륜,남,25세,상해없음,자전거,남,16세,경상
2017102000100626,2017년 10월 20일 18시,금요일,대전광역시 유성구 하기동,경상사고,0,0,1,0,차대차 - 측면충돌,안전운전불이행,건조,맑음,교차로 - 교차로안,기타불명,기타불명,미분류,기타불명,승용,여,38세,경상
2017102000100627,2017년 10월 20일 18시,금요일,대전광역시 유성구 봉산동,경상사고,0,0,2,0,차대차 - 측면충돌,안전운전불이행,건조,맑음,단일로 - 기타,화물,남,54세,상해없음,승용,여,64세,경상
2017102000100680,2017년 10월 20일 19시,금요일,대전광역시 동구 성남동,중상사고,0,1,1,0,차대차 - 추돌,안전운전불이행,건조,맑음,교차로 - 교차로부근,화물,남,46세,상해없음,승용,남,56세,경상
2017102000100681,2017년 10월 20일 19시,금요일,대전광역시 서구 괴정동,경상사고,0,0,1,0,차대차 - 측면충돌,신호위반,건조,맑음,교차로 - 교차로부근,이륜,남,21세,기타불명,승용,남,32세,경상
2017102000100682,2017년 10월 20일 19시,금요일,대전광역시 유성구 봉산동,경상사고,0,0,1,0,차대차 - 측면충돌,안전운전불이행,건조,맑음,단일로 - 기타,승용,남,56세,상해없음,자전거,여,55세,경상
2017102000100714,2017년 10월 20일 20시,금요일,대전광역시 유성구 궁동,경상사고,0,0,1,0,차대사람 - 횡단중,안전운전불이행,건조,맑음,단일로 - 기타,승용,남,29세,상해없음,보행자,여,69세,경상
2017102000100747,2017년 10월 20일 21시,금요일,대전광역시 서구 도안동,중상사고,0,1,0,0,차대사람 - 차도통행중,안전운전불이행,건조,맑음,교차로 - 교차로횡단보도내,승용,남,33세,상해없음,보행자,여,62세,중상
2017102000100748,2017년 10월 20일 21시,금요일,대전광역시 서구 둔산동,경상사고,0,0,1,0,차대차 - 측면충돌,안전운전불이행,건조,맑음,단일로 - 지하차도(도로)내,승용,여,25세,경상,기타불명,기타불명,미분류,기타불명
2017102000100749,2017년 10월 20일 21시,금요일,대전광역시 유성구 복용동,중상사고,0,2,4,0,차대차 - 측면충돌,중앙선침범,건조,맑음,교차로 - 교차로부근,승용,남,46세,중상,승용,여,36세,중상
2017102000100750,2017년 10월 20일 21시,금요일,대전광역시 유성구 노은동,경상사고,0,0,1,0,차대차 - 정면충돌,신호위반,건조,맑음,교차로 - 교차로안,승용,남,49세,상해없음,승용,여,41세,경상
2017102000100787,2017년 10월 20일 22시,금요일,대전광역시 중구 태평동,경상사고,0,0,2,0,차대차 - 측면충돌,안전운전불이행,건조,맑음,단일로 - 교량,승용,남,56세,상해없음,승용,남,63세,상해없음
2017102000100788,2017년 10월 20일 22시,금요일,대전광역시 서구 탄방동,경상사고,0,0,2,0,차대차 - 측면충돌,신호위반,건조,맑음,교차로 - 교차로부근,승용,여,42세,상해없음,승용,남,29세,경상
2017102100100041,2017년 10월 21일 00시,토요일,대전광역시 서구 만년동,중상사고,0,1,1,0,차대차 - 정면충돌,신호위반,건조,맑음,교차로 - 교차로안,승용,여,50세,중상,승용,남,40세,경상
2017102100100059,2017년 10월 21일 01시,토요일,대전광역시 서구 월평동,경상사고,0,0,2,0,차량단독 - 공작물충돌,안전운전불이행,건조,맑음,단일로 - 교량,승용,여,51세,경상,,,,
2017102100100126,2017년 10월 21일 05시,토요일,대전광역시 중구 중촌동,부상신고사고,0,0,0,1,차량단독 - 전도전복 - 전도,안전운전불이행,건조,맑음,교차로 - 교차로안,자전거,남,22세,부상신고,,,,
2017102100100140,2017년 10월 21일 06시,토요일,대전광역시 서구 내동,경상사고,0,0,1,0,차대차 - 추돌,안전거리미확보,건조,맑음,교차로 - 교차로부근,승용,남,33세,상해없음,이륜,여,33세,경상
2017102100100141,2017년 10월 21일 06시,토요일,대전광역시 서구 둔산동,중상사고,0,1,0,0,차대사람 - 횡단중,안전운전불이행,건조,맑음,단일로 - 기타,승용,남,50세,상해없음,보행자,남,33세,중상
2017102100100142,2017년 10월 21일 06시,토요일,대전광역시 서구 갈마동,중상사고,0,2,0,0,차대차 - 기타,안전운전불이행,건조,맑음,교차로 - 교차로부근,화물,남,32세,상해없음,승용,여,49세,중상
2017102100100143,2017년 10월 21일 06시,토요일,대전광역시 서구 둔산동,부상신고사고,0,0,0,1,차대차 - 기타,안전운전불이행,건조,맑음,교차로 - 교차로부근,승용,남,77세,부상신고,승용,남,50세,상해없음
2017102100100144,2017년 10월 21일 06시,토요일,대전광역시 유성구 지족동,경상사고,0,0,1,0,차대차 - 추돌,안전운전불이행,건조,맑음,단일로 - 기타,승용,남,28세,상해없음,승용,남,53세,경상
2017102100100211,2017년 10월 21일 08시,토요일,대전광역시 서구 용문동,중상사고,0,1,0,0,차대차 - 측면충돌,불법유턴,건조,맑음,단일로 - 기타,승용,남,55세,상해없음,이륜,남,44세,중상
2017102100100237,2017년 10월 21일 09시,토요일,대전광역시 중구 은행동,경상사고,0,0,1,0,차대차 - 추돌,안전운전불이행,건조,맑음,단일로 - 기타,화물,남,36세,상해없음,화물,남,48세,경상
2017102100100238,2017년 10월 21일 09시,토요일,대전광역시 동구 세천동,경상사고,0,0,4,0,차대차 - 측면충돌,안전운전불이행,건조,맑음,단일로 - 기타,화물,남,56세,상해없음,승용,남,75세,경상
2017102100100239,2017년 10월 21일 09시,토요일,대전광역시 유성구 장대동,중상사고,0,1,0,0,차대사람 - 횡단중,보행자보호의무위반,건조,맑음,교차로 - 교차로횡단보도내,승용,남,64세,상해없음,보행자,여,35세,중상
2017102100100275,2017년 10월 21일 10시,토요일,대전광역시 대덕구 석봉동,경상사고,0,0,1,0,차대사람 - 기타,기타,건조,맑음,단일로 - 기타,승용,남,68세,상해없음,보행자,여,90세 이상,경상
2017102100100276,2017년 10월 21일 10시,토요일,대전광역시 대덕구 송촌동,경상사고,0,0,1,0,차대차 - 측면충돌,신호위반,건조,맑음,교차로 - 교차로안,승용,남,47세,상해없음,승용,여,44세,경상
2017102100100317,2017년 10월 21일 11시,토요일,대전광역시 중구 유천동,경상사고,0,0,2,0,차대차 - 측면충돌,교차로운행방법위반,건조,맑음,단일로 - 기타,승용,남,69세,상해없음,승용,남,41세,경상
2017102100100318,2017년 10월 21일 11시,토요일,대전광역시 동구 낭월동,경상사고,0,0,3,0,차대차 - 추돌,안전운전불이행,건조,맑음,단일로 - 기타,승용,남,66세,상해없음,승용,여,36세,경상
2017102100100352,2017년 10월 21일 12시,토요일,대전광역시 동구 인동,경상사고,0,0,2,0,차대차 - 측면충돌,신호위반,건조,맑음,교차로 - 교차로안,승용,남,67세,상해없음,승용,남,36세,경상
2017102100100353,2017년 10월 21일 12시,토요일,대전광역시 대덕구 법동,경상사고,0,0,1,0,차대차 - 기타,안전운전불이행,건조,맑음,교차로 - 교차로안,승용,남,27세,기타불명,승합,남,55세,상해없음
2017102100100395,2017년 10월 21일 13시,토요일,대전광역시 동구 가양동,경상사고,0,0,4,0,차대차 - 추돌,안전운전불이행,건조,맑음,단일로 - 기타,승용,여,69세,상해없음,승용,남,53세,경상
2017102100100396,2017년 10월 21일 13시,토요일,대전광역시 유성구 장대동,경상사고,0,0,1,0,차대차 - 기타,기타,건조,맑음,단일로 - 기타,승용,여,29세,상해없음,이륜,남,21세,경상
2017102100100440,2017년 10월 21일 14시,토요일,대전광역시 중구 대흥동,경상사고,0,0,1,0,차대차 - 측면충돌,교차로운행방법위반,건조,맑음,교차로 - 교차로안,화물,남,51세,상해없음,승용,남,42세,경상
2017102100100469,2017년 10월 21일 15시,토요일,대전광역시 유성구 봉명동,경상사고,0,0,2,0,차대차 - 기타,안전운전불이행,건조,맑음,단일로 - 기타,승용,남,60세,상해없음,승용,남,57세,경상
2017102100100470,2017년 10월 21일 15시,토요일,대전광역시 유성구 신성동,경상사고,0,0,1,0,차대사람 - 차도통행중,안전운전불이행,건조,맑음,단일로 - 기타,승용,여,36세,상해없음,보행자,여,23세,경상
2017102100100567,2017년 10월 21일 17시,토요일,대전광역시 유성구 관평동,경상사고,0,0,2,0,차대차 - 측면충돌,교차로운행방법위반,건조,맑음,교차로 - 교차로안,승용,남,37세,상해없음,승용,남,51세,경상
2017102100100631,2017년 10월 21일 18시,토요일,대전광역시 중구 유천동,중상사고,0,1,0,0,차대사람 - 횡단중,안전운전불이행,건조,맑음,단일로 - 기타,승용,여,26세,상해없음,보행자,여,61세,중상
2017102100100743,2017년 10월 21일 22시,토요일,대전광역시 서구 탄방동,중상사고,0,1,0,0,차대사람 - 기타,안전운전불이행,건조,맑음,기타 - 기타,자전거,남,25세,상해없음,보행자,남,46세,중상
2017102100100744,2017년 10월 21일 22시,토요일,대전광역시 유성구 구암동,경상사고,0,0,2,0,차대차 - 측면충돌,직진우회전진행방해,건조,맑음,단일로 - 기타,승용,남,31세,경상,승용,남,48세,경상
2017102100100768,2017년 10월 21일 23시,토요일,대전광역시 서구 변동,경상사고,0,0,4,0,차대차 - 측면충돌,신호위반,건조,맑음,교차로 - 교차로안,승용,남,22세,상해없음,승용,남,64세,경상
2017102100100769,2017년 10월 21일 23시,토요일,대전광역시 유성구 봉명동,경상사고,0,0,1,0,차대차 - 추돌,안전운전불이행,건조,맑음,교차로 - 교차로부근,승용,여,41세,상해없음,승용,남,39세,경상
2017102200100048,2017년 10월 22일 00시,일요일,대전광역시 중구 유천동,경상사고,0,0,1,0,차대차 - 추돌,중앙선침범,건조,맑음,교차로 - 교차로부근,승용,남,25세,상해없음,승용,남,54세,경상
2017102200100062,2017년 10월 22일 01시,일요일,대전광역시 유성구 궁동,경상사고,0,0,1,2,차대차 - 추돌,안전운전불이행,건조,맑음,교차로 - 교차로부근,승용,남,45세,상해없음,승용,남,29세,부상신고
2017102200100083,2017년 10월 22일 03시,일요일,대전광역시 동구 추동,사망사고,1,0,0,0,차량단독 - 기타,안전운전불이행,건조,맑음,단일로 - 기타,승용,남,23세,사망,,,,
2017102200100093,2017년 10월 22일 04시,일요일,대전광역시 유성구 봉명동,경상사고,0,0,2,0,차대차 - 추돌,신호위반,건조,맑음,교차로 - 교차로안,승용,남,28세,상해없음,승용,남,57세,경상
2017102200100113,2017년 10월 22일 06시,일요일,대전광역시 서구 둔산동,경상사고,0,0,2,0,차대차 - 기타,안전운전불이행,건조,맑음,교차로 - 교차로부근,승용,여,55세,상해없음,승용,남,63세,경상
2017102200100124,2017년 10월 22일 07시,일요일,대전광역시 중구 대사동,중상사고,0,1,0,0,차대사람 - 기타,안전운전불이행,건조,맑음,교차로 - 교차로안,승용,남,58세,상해없음,보행자,여,67세,중상
2017102200100125,2017년 10월 22일 07시,일요일,대전광역시 대덕구 대화동,경상사고,0,0,1,0,차대차 - 기타,안전거리미확보,건조,맑음,단일로 - 기타,승용,남,51세,상해없음,승용,남,53세,경상
2017102200100147,2017년 10월 22일 08시,일요일,대전광역시 유성구 상대동,중상사고,0,1,2,0,차대차 - 측면충돌,안전운전불이행,건조,맑음,단일로 - 기타,승용,남,62세,중상,승용,남,51세,경상
2017102200100162,2017년 10월 22일 09시,일요일,대전광역시 동구 신흥동,경상사고,0,0,1,0,차대차 - 측면충돌,안전운전불이행,건조,맑음,단일로 - 기타,승용,여,56세,상해없음,승용,남,56세,경상
2017102200100240,2017년 10월 22일 12시,일요일,대전광역시 동구 가오동,중상사고,0,1,0,0,차대사람 - 횡단중,신호위반,건조,맑음,단일로 - 기타,이륜,남,22세,상해없음,보행자,여,37세,중상
2017102200100266,2017년 10월 22일 13시,일요일,대전광역시 서구 갈마동,경상사고,0,0,1,0,차대차 - 후진중충돌,안전운전불이행,건조,맑음,교차로 - 교차로안,승용,남,33세,상해없음,승용,남,50세,경상
2017102200100307,2017년 10월 22일 14시,일요일,대전광역시 대덕구 송촌동,경상사고,0,0,1,0,차대사람 - 기타,안전운전불이행,건조,맑음,단일로 - 기타,승합,남,43세,상해없음,보행자,여,68세,경상
2017102200100308,2017년 10월 22일 14시,일요일,대전광역시 유성구 도룡동,경상사고,0,0,2,0,차대차 - 추돌,안전운전불이행,건조,맑음,단일로 - 기타,승용,남,44세,상해없음,승용,남,29세,경상
2017102200100309,2017년 10월 22일 14시,일요일,대전광역시 유성구 덕명동,경상사고,0,0,1,0,차대차 - 측면충돌,안전운전불이행,건조,맑음,교차로 - 교차로안,승용,여,23세,상해없음,승용,남,48세,경상
2017102200100356,2017년 10월 22일 15시,일요일,대전광역시 유성구 대정동,경상사고,0,0,1,0,차대차 - 기타,안전운전불이행,건조,맑음,교차로 - 교차로부근,승용,여,32세,상해없음,승용,남,31세,경상
2017102200100422,2017년 10월 22일 17시,일요일,대전광역시 대덕구 중리동,경상사고,0,0,1,0,차대사람 - 기타,안전운전불이행,건조,맑음,기타 - 기타,승용,여,60세,기타불명,보행자,남,9세,경상
2017102200100423,2017년 10월 22일 17시,일요일,대전광역시 서구 월평동,중상사고,0,1,0,0,차대차 - 측면충돌,안전운전불이행,건조,맑음,교차로 - 교차로안,승용,남,51세,상해없음,자전거,남,12세,중상
2017102200100537,2017년 10월 22일 20시,일요일,대전광역시 서구 관저동,경상사고,0,0,1,0,차대차 - 측면충돌,교차로운행방법위반,건조,맑음,교차로 - 교차로안,승용,남,42세,상해없음,이륜,남,19세,경상
2017102200100538,2017년 10월 22일 20시,일요일,대전광역시 대덕구 석봉동,경상사고,0,0,1,0,차대사람 - 횡단중,신호위반,건조,맑음,교차로 - 교차로안,원동기,남,51세,상해없음,보행자,남,65세,경상
2017102200100558,2017년 10월 22일 21시,일요일,대전광역시 중구 산성동,경상사고,0,0,1,0,차대차 - 추돌,안전운전불이행,건조,맑음,단일로 - 기타,승용,남,62세,상해없음,승용,남,49세,경상
2017102200100559,2017년 10월 22일 21시,일요일,대전광역시 서구 변동,경상사고,0,0,1,0,차대차 - 추돌,안전운전불이행,건조,맑음,교차로 - 교차로부근,승용,남,33세,상해없음,승용,여,61세,경상
2017102200100575,2017년 10월 22일 22시,일요일,대전광역시 서구 용문동,중상사고,0,2,0,0,차대차 - 측면충돌,교차로운행방법위반,건조,맑음,교차로 - 교차로안,승용,남,49세,상해없음,이륜,남,17세,중상
2017102200100576,2017년 10월 22일 22시,일요일,대전광역시 대덕구 신일동,중상사고,0,1,4,0,차대차 - 측면충돌,신호위반,건조,맑음,단일로 - 기타,승용,남,60세,상해없음,승용,남,18세,경상
2017102300100064,2017년 10월 23일 05시,월요일,대전광역시 동구 가양동,중상사고,0,1,0,0,차대차 - 측면충돌,안전운전불이행,건조,맑음,교차로 - 교차로횡단보도내,승합,남,51세,상해없음,자전거,여,67세,중상
2017102300100161,2017년 10월 23일 08시,월요일,대전광역시 서구 도마동,경상사고,0,0,1,0,차대차 - 추돌,안전거리미확보,건조,맑음,교차로 - 교차로부근,승합,남,73세,상해없음,승용,여,64세,경상
2017102300100195,2017년 10월 23일 09시,월요일,대전광역시 중구 대흥동,경상사고,0,0,2,0,차대차 - 측면충돌,차로위반,건조,맑음,교차로 - 교차로부근,승용,남,24세,상해없음,승용,남,59세,경상
2017102300100254,2017년 10월 23일 11시,월요일,대전광역시 동구 원동,중상사고,0,1,0,0,차대사람 - 횡단중,보행자보호의무위반,건조,맑음,교차로 - 교차로횡단보도내,승용,여,31세,상해없음,보행자,남,79세,중상
2017102300100354,2017년 10월 23일 14시,월요일,대전광역시 서구 갈마동,중상사고,0,1,1,0,차대차 - 측면충돌,신호위반,건조,맑음,교차로 - 교차로안,승용,남,43세,상해없음,승용,남,66세,중상
2017102300100355,2017년 10월 23일 14시,월요일,대전광역시 서구 갈마동,경상사고,0,0,1,0,차대차 - 기타,안전운전불이행,건조,맑음,교차로 - 교차로부근,승용,남,32세,상해없음,승용,여,41세,경상
2017102300100356,2017년 10월 23일 14시,월요일,대전광역시 서구 둔산동,중상사고,0,1,0,0,차량단독 - 공작물충돌,안전운전불이행,건조,맑음,주차장 - 주차장,승용,남,59세,중상,,,,
2017102300100357,2017년 10월 23일 14시,월요일,대전광역시 유성구 학하동,중상사고,0,1,1,1,차대차 - 측면충돌,신호위반,건조,맑음,교차로 - 교차로안,승용,남,73세,중상,승합,남,58세,경상
2017102300100398,2017년 10월 23일 15시,월요일,대전광역시 대덕구 비래동,경상사고,0,0,1,0,차대사람 - 횡단중,안전운전불이행,건조,맑음,교차로 - 교차로횡단보도내,화물,남,44세,상해없음,보행자,여,57세,경상
2017102300100492,2017년 10월 23일 17시,월요일,대전광역시 대덕구 읍내동,경상사고,0,0,1,0,차대차 - 기타,신호위반,건조,맑음,교차로 - 교차로안,승용,남,83세,상해없음,화물,남,34세,경상
2017102300100560,2017년 10월 23일 18시,월요일,대전광역시 동구 상소동,경상사고,0,0,1,0,차대차 - 추돌,안전운전불이행,건조,흐림,단일로 - 기타,승용,남,59세,상해없음,농기계,남,71세,경상
2017102300100561,2017년 10월 23일 18시,월요일,대전광역시 동구 가양동,경상사고,0,0,1,0,차대차 - 측면충돌,안전운전불이행,건조,맑음,단일로 - 기타,승용,남,48세,상해없음,승용,남,28세,경상
2017102300100562,2017년 10월 23일 18시,월요일,대전광역시 대덕구 법동,중상사고,0,1,0,0,차대사람 - 횡단중,보행자보호의무위반,건조,맑음,교차로 - 교차로횡단보도내,원동기,남,41세,상해없음,보행자,여,77세,중상
2017102300100563,2017년 10월 23일 18시,월요일,대전광역시 서구 둔산동,경상사고,0,0,1,0,차대사람 - 횡단중,보행자보호의무위반,건조,맑음,교차로 - 교차로횡단보도내,승용,남,62세,상해없음,보행자,남,72세,경상
2017102300100607,2017년 10월 23일 19시,월요일,대전광역시 중구 은행동,경상사고,0,0,1,0,차대차 - 측면충돌,교차로운행방법위반,건조,맑음,교차로 - 교차로안,승용,여,53세,상해없음,승용,남,41세,경상
2017102300100608,2017년 10월 23일 19시,월요일,대전광역시 서구 둔산동,경상사고,0,0,2,0,차대차 - 측면충돌,안전거리미확보,건조,맑음,단일로 - 기타,승용,남,24세,상해없음,승용,남,78세,경상
2017102300100641,2017년 10월 23일 20시,월요일,대전광역시 동구 삼성동,경상사고,0,0,4,0,차대차 - 후진중충돌,안전운전불이행,건조,흐림,단일로 - 기타,승용,남,55세,상해없음,승용,남,34세,경상
2017102300100642,2017년 10월 23일 20시,월요일,대전광역시 서구 탄방동,경상사고,0,0,1,0,차대차 - 기타,안전운전불이행,건조,맑음,교차로 - 교차로부근,승용,남,51세,상해없음,승용,남,43세,경상
2017102300100643,2017년 10월 23일 20시,월요일,대전광역시 유성구 어은동,경상사고,0,0,1,0,차대차 - 측면충돌,안전운전불이행,건조,맑음,단일로 - 기타,승용,남,57세,상해없음,이륜,남,25세,경상
2017102300100644,2017년 10월 23일 20시,월요일,대전광역시 유성구 지족동,경상사고,0,0,1,0,차대사람 - 횡단중,신호위반,건조,맑음,교차로 - 교차로부근,이륜,남,57세,상해없음,보행자,남,15세,경상
2017102300100718,2017년 10월 23일 23시,월요일,대전광역시 서구 변동,사망사고,1,0,0,0,차량단독 - 공작물충돌,안전운전불이행,건조,맑음,단일로 - 기타,이륜,남,20세,사망,,,,
2017102400100033,2017년 10월 24일 00시,화요일,대전광역시 서구 갈마동,중상사고,0,1,1,0,차대차 - 측면충돌,중앙선침범,건조,맑음,단일로 - 지하차도(도로)내,승용,남,32세,상해없음,승용,남,53세,경상
2017102400100049,2017년 10월 24일 02시,화요일,대전광역시 중구 은행동,경상사고,0,0,1,0,차대차 - 측면충돌,신호위반,건조,맑음,교차로 - 교차로안,승용,남,58세,상해없음,승용,남,29세,경상
2017102400100058,2017년 10월 24일 03시,화요일,대전광역시 동구 가양동,경상사고,0,0,1,0,차대사람 - 기타,안전운전불이행,건조,흐림,단일로 - 기타,승용,남,60세,상해없음,보행자,여,23세,경상
2017102400100081,2017년 10월 24일 05시,화요일,대전광역시 동구 가양동,경상사고,0,0,1,0,차대사람 - 기타,안전운전불이행,건조,흐림,단일로 - 기타,승용,남,65세,상해없음,보행자,여,73세,경상
2017102400100098,2017년 10월 24일 06시,화요일,대전광역시 중구 산성동,경상사고,0,0,1,0,차대사람 - 횡단중,보행자보호의무위반,건조,맑음,교차로 - 교차로횡단보도내,승용,남,52세,상해없음,보행자,여,61세,경상
2017102400100125,2017년 10월 24일 07시,화요일,대전광역시 대덕구 비래동,경상사고,0,0,1,0,차대사람 - 횡단중,보행자보호의무위반,건조,맑음,교차로 - 교차로횡단보도내,승용,여,39세,상해없음,보행자,여,57세,경상
2017102400100126,2017년 10월 24일 07시,화요일,대전광역시 서구 둔산동,경상사고,0,0,1,0,차대차 - 측면충돌,신호위반,건조,맑음,교차로 - 교차로안,승용,남,56세,상해없음,승용,남,52세,경상
2017102400100207,2017년 10월 24일 09시,화요일,대전광역시 중구 선화동,경상사고,0,0,2,0,차대차 - 후진중충돌,불법유턴,건조,맑음,단일로 - 기타,특수,남,27세,상해없음,승용,여,22세,경상
2017102400100268,2017년 10월 24일 11시,화요일,대전광역시 대덕구 대화동,경상사고,0,0,2,0,차대차 - 기타,안전운전불이행,건조,맑음,단일로 - 기타,승용,여,44세,상해없음,화물,남,36세,경상