사고번호,사고일시,요일,시군구,사고내용,사망자수,중상자수,경상자수,부상신고자수,사고유형,법규위반,노면상태,기상상태,도로형태,가해운전자 차종,가해운전자 성별,가해운전자 연령,가해운전자 상해정도,피해운전자 차종,피해운전자 성별,피해운전자 연령,피해운전자 상해정도
2017102400100371,2017년 10월 24일 14시,화요일,대전광역시 유성구 하기동,경상사고,0,0,1,0,차대차 - 기타,안전운전불이행,건조,맑음,교차로 - 교차로부근,건설기계,남,55세,상해없음,승용,여,36세,경상
2017102400100439,2017년 10월 24일 16시,화요일,대전광역시 대덕구 오정동,경상사고,0,0,1,0,차대차 - 기타,안전운전불이행,건조,맑음,단일로 - 기타,화물,남,38세,상해없음,자전거,남,13세,경상
2017102400100440,2017년 10월 24일 16시,화요일,대전광역시 유성구 봉명동,경상사고,0,0,4,0,차대차 - 기타,안전운전불이행,건조,맑음,단일로 - 기타,화물,남,51세,상해없음,승합,남,55세,기타불명
2017102400100441,2017년 10월 24일 16시,화요일,대전광역시 유성구 덕명동,중상사고,0,1,2,0,차대차 - 기타,안전운전불이행,건조,맑음,단일로 - 기타,승용,남,49세,상해없음,승용,남,41세,경상
2017102400100480,2017년 10월 24일 17시,화요일,대전광역시 동구 홍도동,중상사고,0,1,0,0,차대사람 - 횡단중,보행자보호의무위반,건조,맑음,교차로 - 교차로횡단보도내,화물,남,53세,상해없음,보행자,남,37세,중상
2017102400100481,2017년 10월 24일 17시,화요일,대전광역시 서구 둔산동,경상사고,0,0,1,0,차대차 - 기타,차로위반,건조,맑음,단일로 - 기타,승용,남,61세,상해없음,승용,남,27세,경상
2017102400100547,2017년 10월 24일 18시,화요일,대전광역시 대덕구 읍내동,경상사고,0,0,1,0,차대차 - 측면충돌,교차로운행방법위반,건조,맑음,교차로 - 교차로안,승용,여,63세,상해없음,자전거,남,50세,경상
2017102400100586,2017년 10월 24일 19시,화요일,대전광역시 서구 괴정동,경상사고,0,0,1,0,차대차 - 기타,교차로운행방법위반,건조,맑음,교차로 - 교차로안,승용,남,58세,상해없음,이륜,남,29세,경상
2017102400100587,2017년 10월 24일 19시,화요일,대전광역시 대덕구 신탄진동,경상사고,0,0,1,0,차대차 - 기타,안전운전불이행,건조,흐림,단일로 - 기타,승용,여,57세,상해없음,승용,여,37세,경상
2017102400100588,2017년 10월 24일 19시,화요일,대전광역시 서구 갈마동,경상사고,0,0,1,0,차대사람 - 길가장자리구역통행중,안전운전불이행,건조,맑음,단일로 - 기타,승용,남,46세,상해없음,보행자,남,42세,경상
2017102400100589,2017년 10월 24일 19시,화요일,대전광역시 유성구 장대동,경상사고,0,0,1,0,차대차 - 측면충돌,안전거리미확보,건조,맑음,단일로 - 기타,승용,여,45세,경상,승합,남,60세,상해없음
2017102400100623,2017년 10월 24일 20시,화요일,대전광역시 유성구 교촌동,경상사고,0,0,1,0,차대차 - 측면충돌,안전거리미확보,건조,맑음,단일로 - 기타,승용,남,47세,상해없음,이륜,남,25세,경상
2017102400100657,2017년 10월 24일 21시,화요일,대전광역시 중구 문화동,중상사고,0,1,0,0,차대사람 - 길가장자리구역통행중,안전운전불이행,건조,맑음,단일로 - 기타,승용,남,39세,상해없음,보행자,남,43세,중상
2017102400100658,2017년 10월 24일 21시,화요일,대전광역시 서구 관저동,경상사고,0,0,1,0,차대사람 - 기타,안전운전불이행,건조,맑음,교차로 - 교차로안,승용,남,51세,상해없음,보행자,남,34세,경상
2017102400100682,2017년 10월 24일 22시,화요일,대전광역시 중구 태평동,경상사고,0,0,1,0,차대차 - 기타,안전운전불이행,건조,맑음,단일로 - 기타,승용,남,68세,상해없음,승용,여,47세,경상
2017102400100683,2017년 10월 24일 22시,화요일,대전광역시 서구 둔산동,경상사고,0,0,1,0,차대차 - 추돌,안전운전불이행,건조,맑음,교차로 - 교차로부근,승용,남,26세,상해없음,승용,여,41세,경상
2017102500100054,2017년 10월 25일 02시,수요일,대전광역시 서구 갈마동,경상사고,0,0,2,0,차대차 - 측면충돌,신호위반,건조,맑음,교차로 - 교차로안,승용,여,57세,상해없음,승용,남,59세,경상
2017102500100117,2017년 10월 25일 07시,수요일,대전광역시 서구 도마동,경상사고,0,0,1,0,차대사람 - 보도통행중,보행자보호의무위반,건조,맑음,교차로 - 교차로부근,승용,여,49세,상해없음,보행자,여,39세,경상
2017102500100118,2017년 10월 25일 07시,수요일,대전광역시 유성구 방현동,경상사고,0,0,4,0,차대차 - 기타,안전운전불이행,건조,맑음,단일로 - 기타,승용,여,44세,경상,승용,남,47세,경상
2017102500100172,2017년 10월 25일 08시,수요일,대전광역시 동구 홍도동,경상사고,0,0,1,0,차대차 - 추돌,안전거리미확보,건조,맑음,단일로 - 기타,승용,남,27세,상해없음,원동기,남,68세,경상
2017102500100173,2017년 10월 25일 08시,수요일,대전광역시 유성구 봉명동,경상사고,0,0,1,0,차대차 - 기타,신호위반,건조,맑음,교차로 - 교차로안,승용,남,25세,상해없음,자전거,남,36세,경상
2017102500100210,2017년 10월 25일 09시,수요일,대전광역시 중구 선화동,경상사고,0,0,3,0,차대차 - 측면충돌,직진우회전진행방해,건조,맑음,교차로 - 교차로안,화물,남,28세,상해없음,승합,남,49세,경상
2017102500100211,2017년 10월 25일 09시,수요일,대전광역시 서구 용문동,경상사고,0,0,1,0,차대사람 - 차도통행중,안전운전불이행,건조,맑음,단일로 - 기타,승용,여,55세,상해없음,보행자,여,47세,경상
2017102500100212,2017년 10월 25일 09시,수요일,대전광역시 서구 둔산동,경상사고,0,0,1,0,차대차 - 기타,안전운전불이행,건조,맑음,교차로 - 교차로안,승용,남,53세,상해없음,승용,남,48세,경상
2017102500100213,2017년 10월 25일 09시,수요일,대전광역시 유성구 관평동,경상사고,0,0,1,0,차대차 - 추돌,안전운전불이행,건조,맑음,단일로 - 기타,화물,남,59세,상해없음,승용,남,40세,경상
2017102500100247,2017년 10월 25일 10시,수요일,대전광역시 서구 괴정동,경상사고,0,0,1,0,차대사람 - 횡단중,안전운전불이행,건조,맑음,단일로 - 기타,승용,여,36세,상해없음,보행자,여,63세,경상
2017102500100320,2017년 10월 25일 12시,수요일,대전광역시 동구 신흥동,경상사고,0,0,2,0,차대차 - 기타,신호위반,건조,맑음,단일로 - 기타,화물,남,42세,상해없음,개인형이동수단(PM),남,80세,경상
2017102500100321,2017년 10월 25일 12시,수요일,대전광역시 유성구 봉명동,경상사고,0,0,1,0,차대차 - 측면충돌,교차로운행방법위반,건조,맑음,교차로 - 교차로안,승용,남,44세,기타불명,자전거,남,69세,경상
2017102500100348,2017년 10월 25일 13시,수요일,대전광역시 동구 용전동,경상사고,0,0,1,0,차대사람 - 횡단중,보행자보호의무위반,건조,맑음,단일로 - 기타,기타불명,기타불명,미분류,기타불명,보행자,여,30세,경상
2017102500100380,2017년 10월 25일 14시,수요일,대전광역시 동구 인동,경상사고,0,0,2,0,차대차 - 추돌,안전거리미확보,건조,맑음,교차로 - 교차로안,화물,남,40세,상해없음,화물,남,67세,경상
2017102500100381,2017년 10월 25일 14시,수요일,대전광역시 유성구 송강동,경상사고,0,0,1,0,차대차 - 측면충돌,신호위반,건조,맑음,교차로 - 교차로안,승용,여,56세,상해없음,승용,남,43세,경상
2017102500100382,2017년 10월 25일 14시,수요일,대전광역시 유성구 장대동,경상사고,0,0,1,0,차대차 - 추돌,안전거리미확보,건조,맑음,단일로 - 기타,화물,남,23세,상해없음,승용,여,43세,경상
2017102500100383,2017년 10월 25일 14시,수요일,대전광역시 유성구 원내동,중상사고,0,1,1,0,차대사람 - 횡단중,보행자보호의무위반,건조,맑음,교차로 - 교차로부근,승용,남,26세,상해없음,보행자,남,16세,중상
2017102500100423,2017년 10월 25일 15시,수요일,대전광역시 중구 대흥동,중상사고,0,1,0,0,차량단독 - 기타,기타,건조,맑음,교차로 - 교차로부근,승합,남,55세,상해없음,,,,
2017102500100424,2017년 10월 25일 15시,수요일,대전광역시 동구 용전동,중상사고,0,1,0,0,차대차 - 측면충돌,신호위반,건조,맑음,단일로 - 기타,화물,남,50세,상해없음,원동기,남,31세,중상
2017102500100425,2017년 10월 25일 15시,수요일,대전광역시 대덕구 오정동,경상사고,0,0,1,0,차대차 - 추돌,안전운전불이행,건조,맑음,교차로 - 교차로부근,승합,남,35세,상해없음,승용,여,62세,경상
2017102500100426,2017년 10월 25일 15시,수요일,대전광역시 유성구 송강동,경상사고,0,0,2,0,차대차 - 추돌,안전거리미확보,건조,맑음,교차로 - 교차로부근,화물,남,24세,상해없음,승용,남,47세,경상
2017102500100459,2017년 10월 25일 16시,수요일,대전광역시 중구 유천동,경상사고,0,0,1,0,차대차 - 측면충돌,신호위반,건조,맑음,단일로 - 기타,기타불명,기타불명,미분류,기타불명,자전거,남,11세,경상
2017102500100460,2017년 10월 25일 16시,수요일,대전광역시 동구 가양동,경상사고,0,0,1,0,차대사람 - 기타,안전운전불이행,건조,맑음,단일로 - 기타,원동기,남,29세,상해없음,보행자,여,20세,경상
2017102500100461,2017년 10월 25일 16시,수요일,대전광역시 서구 탄방동,중상사고,0,1,0,0,차대사람 - 기타,안전운전불이행,건조,맑음,교차로 - 교차로안,승용,여,48세,상해없음,보행자,여,43세,중상
2017102500100505,2017년 10월 25일 17시,수요일,대전광역시 유성구 전민동,경상사고,0,0,1,0,차대차 - 추돌,안전운전불이행,건조,맑음,교차로 - 교차로안,승용,여,50세,상해없음,승용,여,42세,경상
2017102500100583,2017년 10월 25일 18시,수요일,대전광역시 중구 목동,중상사고,0,1,0,0,차대사람 - 횡단중,안전운전불이행,건조,맑음,단일로 - 기타,승용,여,61세,상해없음,보행자,남,6세,중상
2017102500100584,2017년 10월 25일 18시,수요일,대전광역시 중구 태평동,경상사고,0,0,3,0,차대차 - 측면충돌,안전거리미확보,건조,맑음,단일로 - 기타,승용,여,49세,상해없음,승용,남,31세,경상
2017102500100585,2017년 10월 25일 18시,수요일,대전광역시 서구 정림동,경상사고,0,0,1,0,차대사람 - 차도통행중,안전운전불이행,건조,맑음,기타 - 기타,기타불명,기타불명,미분류,기타불명,보행자,남,72세,경상
2017102500100586,2017년 10월 25일 18시,수요일,대전광역시 유성구 원신흥동,경상사고,0,0,3,1,차대차 - 기타,안전거리미확보,건조,맑음,단일로 - 기타,승용,남,25세,상해없음,승합,남,60세,부상신고
2017102500100630,2017년 10월 25일 19시,수요일,대전광역시 동구 대동,중상사고,0,1,0,0,차대사람 - 기타,안전운전불이행,건조,맑음,단일로 - 기타,승용,남,66세,상해없음,보행자,남,44세,중상
2017102500100631,2017년 10월 25일 19시,수요일,대전광역시 동구 대동,경상사고,0,0,2,0,차대차 - 추돌,안전운전불이행,건조,맑음,교차로 - 교차로부근,승용,남,60세,상해없음,승용,남,41세,경상
2017102500100632,2017년 10월 25일 19시,수요일,대전광역시 서구 탄방동,경상사고,0,0,1,0,차대차 - 기타,교차로운행방법위반,건조,맑음,교차로 - 교차로안,승용,여,49세,상해없음,승용,남,31세,경상
2017102500100633,2017년 10월 25일 19시,수요일,대전광역시 유성구 화암동,경상사고,0,0,1,0,차대차 - 측면충돌,안전운전불이행,건조,맑음,단일로 - 기타,승용,남,55세,상해없음,승용,여,50세,경상
2017102500100660,2017년 10월 25일 20시,수요일,대전광역시 서구 도마동,경상사고,0,0,1,0,차대사람 - 횡단중,안전운전불이행,건조,맑음,단일로 - 기타,이륜,남,21세,상해없음,보행자,여,16세,경상
2017102500100661,2017년 10월 25일 20시,수요일,대전광역시 서구 둔산동,경상사고,0,0,1,0,차대차 - 기타,안전운전불이행,건조,맑음,단일로 - 기타,승용,남,64세,상해없음,승용,남,36세,경상
2017102500100662,2017년 10월 25일 20시,수요일,대전광역시 유성구 봉명동,경상사고,0,0,1,0,차대차 - 기타,안전운전불이행,건조,맑음,교차로 - 교차로부근,승용,여,36세,상해없음,승용,남,37세,경상
2017102500100753,2017년 10월 25일 23시,수요일,대전광역시 중구 선화동,경상사고,0,0,1,0,차대차 - 추돌,안전거리미확보,건조,맑음,교차로 - 교차로안,이륜,남,16세,상해없음,승용,남,26세,경상
2017102600100041,2017년 10월 26일 01시,목요일,대전광역시 동구 정동,중상사고,0,1,0,0,차대사람 - 횡단중,안전운전불이행,건조,맑음,단일로 - 기타,승용,남,52세,상해없음,보행자,남,46세,중상
2017102600100042,2017년 10월 26일 01시,목요일,대전광역시 유성구 봉명동,경상사고,0,0,2,0,차대차 - 기타,안전운전불이행,건조,맑음,교차로 - 교차로안,승용,남,27세,경상,승용,남,56세,경상
2017102600100052,2017년 10월 26일 02시,목요일,대전광역시 유성구 봉명동,중상사고,0,1,2,0,차대차 - 기타,신호위반,건조,맑음,교차로 - 교차로안,승용,여,41세,경상,승용,여,44세,중상
2017102600100112,2017년 10월 26일 07시,목요일,대전광역시 서구 갈마동,경상사고,0,0,1,0,차대차 - 추돌,안전운전불이행,건조,맑음,단일로 - 기타,승용,여,26세,상해없음,승용,남,49세,경상
2017102600100144,2017년 10월 26일 08시,목요일,대전광역시 중구 중촌동,중상사고,0,1,0,0,차대사람 - 횡단중,보행자보호의무위반,건조,맑음,교차로 - 교차로횡단보도내,승합,남,40세,상해없음,보행자,여,71세,중상
2017102600100145,2017년 10월 26일 08시,목요일,대전광역시 중구 중촌동,중상사고,0,1,0,0,차대사람 - 횡단중,안전운전불이행,건조,맑음,단일로 - 기타,승용,여,35세,상해없음,보행자,남,13세,중상
2017102600100146,2017년 10월 26일 08시,목요일,대전광역시 대덕구 목상동,중상사고,0,1,0,0,차대사람 - 기타,안전운전불이행,건조,맑음,기타 - 기타,승합,남,58세,상해없음,보행자,남,2세,중상
2017102600100147,2017년 10월 26일 08시,목요일,대전광역시 유성구 어은동,경상사고,0,0,1,0,차대차 - 기타,안전운전불이행,건조,맑음,교차로 - 교차로부근,승용,여,39세,상해없음,자전거,여,58세,경상
2017102600100174,2017년 10월 26일 09시,목요일,대전광역시 중구 산성동,경상사고,0,0,1,0,차대차 - 기타,중앙선침범,건조,맑음,교차로 - 교차로부근,승용,남,66세,상해없음,승용,남,71세,경상
2017102600100203,2017년 10월 26일 10시,목요일,대전광역시 서구 둔산동,중상사고,0,1,2,0,차대차 - 측면충돌,안전운전불이행,건조,맑음,단일로 - 기타,승용,남,58세,상해없음,승용,여,35세,중상
2017102600100256,2017년 10월 26일 12시,목요일,대전광역시 중구 선화동,경상사고,0,0,1,0,차대사람 - 기타,기타,건조,맑음,단일로 - 기타,화물,남,58세,상해없음,보행자,여,43세,경상
2017102600100287,2017년 10월 26일 13시,목요일,대전광역시 중구 대흥동,부상신고사고,0,0,0,1,차대차 - 기타,안전운전불이행,건조,맑음,단일로 - 기타,이륜,남,50세,부상신고,화물,남,47세,상해없음
2017102600100328,2017년 10월 26일 14시,목요일,대전광역시 중구 문화동,경상사고,0,0,1,0,차대사람 - 기타,기타,건조,맑음,단일로 - 기타,원동기,남,54세,상해없음,보행자,여,57세,경상
2017102600100329,2017년 10월 26일 14시,목요일,대전광역시 동구 중동,경상사고,0,0,1,0,차대차 - 기타,안전운전불이행,건조,맑음,교차로 - 교차로안,승용,남,48세,상해없음,승용,남,35세,경상
2017102600100330,2017년 10월 26일 14시,목요일,대전광역시 대덕구 덕암동,경상사고,0,0,1,0,차대차 - 기타,안전운전불이행,건조,맑음,단일로 - 기타,승용,남,21세,상해없음,승용,남,36세,경상
2017102600100365,2017년 10월 26일 15시,목요일,대전광역시 서구 갈마동,경상사고,0,0,1,0,차대차 - 기타,안전운전불이행,건조,맑음,기타 - 기타,승합,여,39세,상해없음,승용,남,46세,경상
2017102600100398,2017년 10월 26일 16시,목요일,대전광역시 대덕구 신탄진동,경상사고,0,0,2,0,차대차 - 기타,교차로운행방법위반,건조,맑음,교차로 - 교차로부근,승용,남,39세,상해없음,승용,남,69세,경상
2017102600100399,2017년 10월 26일 16시,목요일,대전광역시 유성구 송강동,중상사고,0,2,0,0,차대차 - 추돌,안전운전불이행,건조,맑음,교차로 - 교차로안,화물,남,53세,상해없음,승용,여,54세,중상
2017102600100435,2017년 10월 26일 17시,목요일,대전광역시 동구 가오동,중상사고,0,1,0,0,차대사람 - 보도통행중,신호위반,건조,맑음,교차로 - 교차로횡단보도내,승용,남,80세,상해없음,보행자,남,5세,중상
2017102600100436,2017년 10월 26일 17시,목요일,대전광역시 대덕구 법동,중상사고,0,1,0,0,차대사람 - 기타,안전운전불이행,건조,맑음,단일로 - 기타,화물,남,37세,상해없음,보행자,남,8세,중상
2017102600100544,2017년 10월 26일 19시,목요일,대전광역시 서구 관저동,경상사고,0,0,2,0,차대차 - 측면충돌,안전운전불이행,건조,맑음,교차로 - 교차로안,승용,남,75세,상해없음,화물,남,27세,경상
2017102600100580,2017년 10월 26일 20시,목요일,대전광역시 중구 오류동,경상사고,0,0,1,0,차대차 - 측면충돌,안전거리미확보,건조,맑음,단일로 - 기타,승용,남,59세,상해없음,승용,남,62세,경상
2017102600100581,2017년 10월 26일 20시,목요일,대전광역시 유성구 원내동,경상사고,0,0,4,0,차대차 - 측면충돌,교차로운행방법위반,건조,맑음,교차로 - 교차로안,승용,남,22세,경상,승용,남,38세,경상
2017102700100055,2017년 10월 27일 03시,금요일,대전광역시 대덕구 오정동,중상사고,0,2,1,0,차대차 - 측면충돌,신호위반,건조,맑음,교차로 - 교차로안,화물,남,57세,중상,화물,남,66세,경상
2017102700100169,2017년 10월 27일 08시,금요일,대전광역시 서구 갈마동,경상사고,0,0,1,0,차대사람 - 길가장자리구역통행중,안전운전불이행,건조,맑음,단일로 - 기타,화물,남,29세,상해없음,보행자,남,36세,경상
2017102700100200,2017년 10월 27일 09시,금요일,대전광역시 서구 내동,경상사고,0,0,1,0,차대차 - 측면충돌,신호위반,건조,맑음,교차로 - 교차로안,승용,여,46세,상해없음,승용,여,37세,경상
2017102700100241,2017년 10월 27일 10시,금요일,대전광역시 동구 판암동,경상사고,0,0,1,0,차대사람 - 기타,안전운전불이행,건조,맑음,단일로 - 기타,승용,여,36세,상해없음,보행자,남,62세,경상
2017102700100242,2017년 10월 27일 10시,금요일,대전광역시 유성구 봉명동,경상사고,0,0,1,0,차대차 - 측면충돌,신호위반,건조,맑음,교차로 - 교차로안,승용,남,45세,상해없음,승용,남,52세,경상
2017102700100280,2017년 10월 27일 11시,금요일,대전광역시 서구 탄방동,경상사고,0,0,2,0,차대차 - 기타,안전운전불이행,건조,맑음,기타 - 기타,승용,남,63세,상해없음,승용,여,28세,경상
2017102700100312,2017년 10월 27일 12시,금요일,대전광역시 동구 삼성동,중상사고,0,1,0,0,차대사람 - 횡단중,안전운전불이행,건조,맑음,단일로 - 기타,승용,남,68세,상해없음,보행자,여,79세,중상
2017102700100347,2017년 10월 27일 13시,금요일,대전광역시 서구 용문동,경상사고,0,0,2,0,차대차 - 측면충돌,안전운전불이행,건조,맑음,단일로 - 기타,승용,남,65세,상해없음,승용,남,56세,경상
2017102700100348,2017년 10월 27일 13시,금요일,대전광역시 서구 갈마동,경상사고,0,0,1,0,차대사람 - 기타,기타,건조,맑음,단일로 - 기타,기타불명,기타불명,미분류,기타불명,보행자,여,15세,경상
2017102700100464,2017년 10월 27일 16시,금요일,대전광역시 중구 문화동,경상사고,0,0,1,0,차대차 - 측면충돌,차로위반,건조,맑음,단일로 - 기타,승용,남,63세,상해없음,승용,남,30세,상해없음
2017102700100465,2017년 10월 27일 16시,금요일,대전광역시 대덕구 오정동,경상사고,0,0,2,0,차대차 - 측면충돌,안전운전불이행,건조,맑음,교차로 - 교차로부근,건설기계,남,49세,상해없음,승용,여,34세,경상
2017102700100466,2017년 10월 27일 16시,금요일,대전광역시 서구 월평동,중상사고,0,1,0,0,차대차 - 측면충돌,안전거리미확보,건조,맑음,교차로 - 교차로부근,승용,여,46세,상해없음,이륜,남,36세,중상
2017102700100512,2017년 10월 27일 17시,금요일,대전광역시 유성구 노은동,경상사고,0,0,1,0,차대차 - 측면충돌,중앙선침범,건조,맑음,단일로 - 기타,승용,여,66세,상해없음,승용,남,56세,경상
2017102700100513,2017년 10월 27일 17시,금요일,대전광역시 유성구 죽동,중상사고,0,1,0,0,차대사람 - 횡단중,보행자보호의무위반,건조,맑음,교차로 - 교차로부근,승합,남,65세,상해없음,보행자,여,56세,중상
2017102700100514,2017년 10월 27일 17시,금요일,대전광역시 유성구 봉명동,경상사고,0,0,1,0,차대차 - 추돌,안전운전불이행,건조,맑음,교차로 - 교차로부근,승용,남,23세,상해없음,승용,남,61세,상해없음
2017102700100515,2017년 10월 27일 17시,금요일,대전광역시 유성구 화암동,경상사고,0,0,1,0,차대차 - 측면충돌,안전운전불이행,건조,맑음,교차로 - 교차로안,승용,여,53세,상해없음,승용,남,34세,경상
2017102700100592,2017년 10월 27일 18시,금요일,대전광역시 대덕구 오정동,경상사고,0,0,1,0,차대차 - 정면충돌,중앙선침범,건조,맑음,단일로 - 기타,승합,남,73세,상해없음,승용,남,39세,경상
2017102700100593,2017년 10월 27일 18시,금요일,대전광역시 유성구 구암동,경상사고,0,0,1,1,차대차 - 기타,안전운전불이행,건조,맑음,교차로 - 교차로안,승용,여,59세,부상신고,승용,남,57세,경상
2017102700100648,2017년 10월 27일 19시,금요일,대전광역시 대덕구 신대동,경상사고,0,0,7,0,차대차 - 추돌,안전운전불이행,건조,맑음,단일로 - 기타,승용,남,36세,상해없음,승용,남,58세,경상
2017102700100649,2017년 10월 27일 19시,금요일,대전광역시 서구 월평동,경상사고,0,0,3,0,차대차 - 기타,안전운전불이행,건조,맑음,교차로 - 교차로안,승용,남,54세,상해없음,승용,여,24세,경상
2017102700100650,2017년 10월 27일 19시,금요일,대전광역시 서구 둔산동,경상사고,0,0,2,0,차대차 - 측면충돌,안전운전불이행,건조,맑음,교차로 - 교차로안,승용,여,50세,경상,승용,여,39세,경상
2017102700100704,2017년 10월 27일 20시,금요일,대전광역시 중구 대사동,경상사고,0,0,3,0,차대차 - 추돌,안전운전불이행,건조,맑음,단일로 - 기타,승용,남,39세,상해없음,승합,남,52세,경상
2017102700100737,2017년 10월 27일 21시,금요일,대전광역시 중구 옥계동,중상사고,0,1,0,0,차대사람 - 횡단중,안전운전불이행,건조,맑음,단일로 - 기타,승용,남,57세,상해없음,보행자,여,65세,중상
2017102700100768,2017년 10월 27일 22시,금요일,대전광역시 서구 내동,중상사고,0,1,0,0,차대차 - 추돌,안전운전불이행,건조,맑음,단일로 - 기타,승용,남,62세,상해없음,승용,남,45세,중상
2017102700100769,2017년 10월 27일 22시,금요일,대전광역시 서구 탄방동,경상사고,0,0,1,0,차대차 - 기타,안전운전불이행,건조,맑음,단일로 - 기타,승합,남,38세,상해없음,화물,남,43세,경상
2017102700100803,2017년 10월 27일 23시,금요일,대전광역시 서구 둔산동,경상사고,0,0,1,0,차대사람 - 기타,안전운전불이행,건조,맑음,교차로 - 교차로안,승용,남,19세,기타불명,보행자,여,18세,경상
2017102800100039,2017년 10월 28일 00시,토요일,대전광역시 동구 홍도동,경상사고,0,0,1,0,차대차 - 기타,안전운전불이행,건조,맑음,단일로 - 기타,승용,여,39세,상해없음,원동기,남,24세,경상
2017102800100109,2017년 10월 28일 05시,토요일,대전광역시 대덕구 목상동,경상사고,0,0,2,0,차대차 - 기타,안전운전불이행,건조,맑음,단일로 - 기타,승용,남,30세,상해없음,화물,남,65세,경상
2017102800100129,2017년 10월 28일 06시,토요일,대전광역시 대덕구 중리동,중상사고,0,1,0,0,차대차 - 측면충돌,안전운전불이행,건조,맑음,단일로 - 기타,승용,남,46세,상해없음,개인형이동수단(PM),남,33세,중상
2017102800100151,2017년 10월 28일 07시,토요일,대전광역시 유성구 송강동,경상사고,0,0,1,0,차대차 - 추돌,차로위반,건조,맑음,교차로 - 교차로부근,특수,남,49세,상해없음,승용,여,49세,경상
2017102800100213,2017년 10월 28일 09시,토요일,대전광역시 동구 천동,경상사고,0,0,3,0,차대차 - 측면충돌,신호위반,건조,맑음,교차로 - 교차로안,승용,여,57세,경상,승용,남,55세,경상
2017102800100214,2017년 10월 28일 09시,토요일,대전광역시 서구 정림동,중상사고,0,1,2,0,차대차 - 추돌,안전운전불이행,건조,맑음,교차로 - 교차로안,승합,남,68세,상해없음,승용,여,40세,중상
2017102800100215,2017년 10월 28일 09시,토요일,대전광역시 서구 둔산동,경상사고,0,0,2,0,차대차 - 기타,차로위반,건조,맑음,단일로 - 기타,승용,여,53세,상해없음,화물,남,45세,경상
2017102800100254,2017년 10월 28일 10시,토요일,대전광역시 서구 가수원동,경상사고,0,0,1,0,차대차 - 추돌,안전운전불이행,건조,맑음,단일로 - 기타,승합,남,28세,상해없음,이륜,남,79세,경상
2017102800100255,2017년 10월 28일 10시,토요일,대전광역시 서구 가수원동,경상사고,0,0,1,0,차대사람 - 차도통행중,안전운전불이행,건조,맑음,단일로 - 기타,승용,남,33세,상해없음,보행자,여,29세,경상
2017102800100293,2017년 10월 28일 11시,토요일,대전광역시 중구 산성동,경상사고,0,0,1,0,차대차 - 후진중충돌,안전운전불이행,건조,맑음,단일로 - 기타,승용,남,42세,상해없음,승용,남,33세,경상
2017102800100294,2017년 10월 28일 11시,토요일,대전광역시 동구 가오동,경상사고,0,0,1,0,차대차 - 측면충돌,안전운전불이행,건조,맑음,교차로 - 교차로부근,승용,여,37세,상해없음,승용,남,48세,경상
2017102800100335,2017년 10월 28일 12시,토요일,대전광역시 중구 대흥동,중상사고,0,2,1,0,차대차 - 추돌,안전운전불이행,건조,맑음,단일로 - 기타,승용,남,67세,상해없음,승용,남,57세,상해없음
2017102800100336,2017년 10월 28일 12시,토요일,대전광역시 중구 선화동,경상사고,0,0,2,0,차대차 - 추돌,안전운전불이행,건조,맑음,교차로 - 교차로부근,승용,남,46세,상해없음,승용,여,60세,경상
2017102800100370,2017년 10월 28일 13시,토요일,대전광역시 중구 오류동,경상사고,0,0,3,0,차대차 - 추돌,안전운전불이행,건조,맑음,교차로 - 교차로부근,승용,여,32세,상해없음,승용,남,56세,경상
2017102800100371,2017년 10월 28일 13시,토요일,대전광역시 서구 월평동,경상사고,0,0,1,0,차대사람 - 기타,안전운전불이행,건조,맑음,단일로 - 기타,승합,남,54세,상해없음,보행자,여,60세,경상
2017102800100412,2017년 10월 28일 14시,토요일,대전광역시 서구 탄방동,경상사고,0,0,1,0,차대차 - 측면충돌,안전운전불이행,건조,맑음,단일로 - 기타,화물,남,61세,상해없음,이륜,남,23세,경상
2017102800100471,2017년 10월 28일 15시,토요일,대전광역시 대덕구 오정동,경상사고,0,0,7,0,차대차 - 측면충돌,교차로운행방법위반,건조,맑음,교차로 - 교차로부근,승용,남,56세,경상,승용,여,39세,경상
2017102800100472,2017년 10월 28일 15시,토요일,대전광역시 서구 만년동,경상사고,0,0,3,0,차대차 - 기타,안전운전불이행,건조,맑음,교차로 - 교차로안,승용,여,45세,상해없음,승용,여,57세,경상
2017102800100519,2017년 10월 28일 16시,토요일,대전광역시 중구 유천동,경상사고,0,0,1,0,차대차 - 측면충돌,신호위반,건조,맑음,교차로 - 교차로횡단보도내,승합,남,54세,상해없음,자전거,남,9세,경상
2017102800100569,2017년 10월 28일 17시,토요일,대전광역시 서구 변동,경상사고,0,0,1,0,차대차 - 추돌,안전운전불이행,건조,맑음,단일로 - 기타,승용,여,51세,상해없음,승용,여,38세,경상
2017102800100570,2017년 10월 28일 17시,토요일,대전광역시 서구 둔산동,경상사고,0,0,1,0,차대차 - 측면충돌,안전운전불이행,건조,맑음,교차로 - 교차로횡단보도내,승용,여,38세,상해없음,이륜,남,33세,경상