사고번호,사고일시,요일,시군구,사고내용,사망자수,중상자수,경상자수,부상신고자수,사고유형,법규위반,노면상태,기상상태,도로형태,가해운전자 차종,가해운전자 성별,가해운전자 연령,가해운전자 상해정도,피해운전자 차종,피해운전자 성별,피해운전자 연령,피해운전자 상해정도
2017110700100045,2017년 11월 7일 01시,화요일,대전광역시 대덕구 읍내동,부상신고사고,0,0,0,2,차대차 - 추돌,안전운전불이행,건조,맑음,단일로 - 기타,승용,남,34세,상해없음,승용,남,60세,부상신고
2017110700100046,2017년 11월 7일 01시,화요일,대전광역시 서구 갈마동,경상사고,0,0,1,0,차대차 - 추돌,안전운전불이행,건조,맑음,교차로 - 교차로부근,승용,남,37세,상해없음,이륜,남,32세,경상
2017110700100054,2017년 11월 7일 02시,화요일,대전광역시 대덕구 중리동,경상사고,0,0,2,0,차대사람 - 기타,안전운전불이행,건조,맑음,단일로 - 기타,이륜,남,16세,상해없음,보행자,남,48세,경상
2017110700100096,2017년 11월 7일 06시,화요일,대전광역시 유성구 봉명동,중상사고,0,1,0,0,차대사람 - 횡단중,신호위반,건조,맑음,단일로 - 기타,승용,여,53세,상해없음,보행자,남,46세,중상
2017110700100120,2017년 11월 7일 07시,화요일,대전광역시 서구 변동,경상사고,0,0,1,0,차대차 - 측면충돌,신호위반,건조,맑음,교차로 - 교차로안,승용,남,35세,상해없음,승용,남,53세,경상
2017110700100121,2017년 11월 7일 07시,화요일,대전광역시 대덕구 상서동,부상신고사고,0,0,0,1,차대차 - 측면충돌,안전운전불이행,건조,맑음,단일로 - 기타,승용,여,44세,상해없음,승용,남,50세,부상신고
2017110700100161,2017년 11월 7일 08시,화요일,대전광역시 서구 갈마동,경상사고,0,0,2,0,차대차 - 기타,교차로운행방법위반,건조,맑음,교차로 - 교차로안,승용,여,28세,경상,승용,여,45세,경상
2017110700100193,2017년 11월 7일 09시,화요일,대전광역시 동구 성남동,경상사고,0,0,1,0,차대차 - 측면충돌,안전운전불이행,건조,맑음,단일로 - 기타,화물,여,38세,기타불명,승용,여,52세,경상
2017110700100194,2017년 11월 7일 09시,화요일,대전광역시 유성구 구성동,경상사고,0,0,4,0,차대차 - 추돌,안전운전불이행,건조,맑음,단일로 - 기타,승용,남,73세,경상,승용,남,52세,경상
2017110700100358,2017년 11월 7일 15시,화요일,대전광역시 중구 사정동,경상사고,0,0,1,0,차대차 - 추돌,안전운전불이행,건조,맑음,교차로 - 교차로부근,승용,여,24세,경상,화물,남,66세,기타불명
2017110700100359,2017년 11월 7일 15시,화요일,대전광역시 동구 용운동,경상사고,0,0,1,0,차대사람 - 횡단중,안전운전불이행,건조,맑음,교차로 - 교차로안,승용,남,23세,상해없음,보행자,남,11세,경상
2017110700100360,2017년 11월 7일 15시,화요일,대전광역시 서구 도마동,경상사고,0,0,1,0,차대차 - 추돌,안전운전불이행,건조,맑음,단일로 - 기타,승용,남,50세,상해없음,승용,여,39세,경상
2017110700100361,2017년 11월 7일 15시,화요일,대전광역시 대덕구 오정동,경상사고,0,0,1,0,차대차 - 후진중충돌,교차로운행방법위반,건조,맑음,단일로 - 기타,화물,남,44세,상해없음,화물,남,38세,경상
2017110700100438,2017년 11월 7일 17시,화요일,대전광역시 대덕구 비래동,경상사고,0,0,1,0,차대차 - 기타,안전운전불이행,건조,맑음,단일로 - 기타,화물,남,32세,상해없음,승용,남,48세,경상
2017110700100547,2017년 11월 7일 19시,화요일,대전광역시 중구 태평동,경상사고,0,0,3,0,차대차 - 추돌,안전운전불이행,건조,맑음,교차로 - 교차로안,승용,남,65세,상해없음,승용,남,49세,경상
2017110700100548,2017년 11월 7일 19시,화요일,대전광역시 서구 둔산동,경상사고,0,0,2,0,차대차 - 추돌,안전운전불이행,건조,맑음,교차로 - 교차로부근,승용,남,38세,상해없음,승용,남,31세,경상
2017110700100549,2017년 11월 7일 19시,화요일,대전광역시 서구 둔산동,경상사고,0,0,4,0,차대차 - 추돌,안전거리미확보,건조,맑음,교차로 - 교차로부근,승용,남,39세,상해없음,승용,남,31세,경상
2017110700100550,2017년 11월 7일 19시,화요일,대전광역시 유성구 상대동,경상사고,0,0,9,0,차대차 - 측면충돌,안전거리미확보,건조,맑음,단일로 - 기타,승용,남,48세,상해없음,승합,남,44세,경상
2017110800100032,2017년 11월 8일 00시,수요일,대전광역시 중구 태평동,경상사고,0,0,2,0,차대차 - 측면충돌,안전거리미확보,건조,맑음,단일로 - 기타,승용,남,18세,상해없음,승용,남,29세,경상
2017110800100078,2017년 11월 8일 05시,수요일,대전광역시 유성구 송강동,중상사고,0,2,2,0,차대차 - 기타,안전거리미확보,건조,맑음,단일로 - 기타,승합,남,62세,상해없음,화물,남,59세,중상
2017110800100173,2017년 11월 8일 08시,수요일,대전광역시 대덕구 대화동,경상사고,0,0,2,0,차대차 - 측면충돌,안전운전불이행,건조,맑음,단일로 - 기타,승용,남,56세,상해없음,승용,남,56세,경상
2017110800100174,2017년 11월 8일 08시,수요일,대전광역시 유성구 봉명동,중상사고,0,1,0,0,차량단독 - 기타,기타,건조,맑음,단일로 - 기타,승합,남,55세,상해없음,,,,
2017110800100296,2017년 11월 8일 12시,수요일,대전광역시 대덕구 목상동,경상사고,0,0,1,0,차대차 - 추돌,안전운전불이행,건조,맑음,단일로 - 기타,승용,남,53세,상해없음,승용,여,28세,경상
2017110800100370,2017년 11월 8일 14시,수요일,대전광역시 대덕구 덕암동,중상사고,0,3,0,0,차대차 - 측면충돌,안전운전불이행,건조,맑음,단일로 - 기타,승용,남,54세,상해없음,승용,기타불명,미분류,기타불명
2017110800100444,2017년 11월 8일 16시,수요일,대전광역시 서구 도안동,경상사고,0,0,1,0,차대차 - 측면충돌,안전운전불이행,건조,맑음,교차로 - 교차로안,이륜,남,22세,경상,승합,남,37세,상해없음
2017110800100445,2017년 11월 8일 16시,수요일,대전광역시 유성구 봉명동,중상사고,0,1,0,0,차량단독 - 기타,기타,건조,맑음,단일로 - 기타,승합,남,57세,상해없음,,,,
2017110800100555,2017년 11월 8일 18시,수요일,대전광역시 대덕구 읍내동,경상사고,0,0,1,0,차대차 - 추돌,안전거리미확보,건조,맑음,단일로 - 기타,승용,남,57세,상해없음,승용,여,52세,경상
2017110800100556,2017년 11월 8일 18시,수요일,대전광역시 유성구 용계동,경상사고,0,0,3,0,차대차 - 측면충돌,안전운전불이행,건조,맑음,교차로 - 교차로안,승용,여,47세,경상,화물,남,49세,경상
2017110800100557,2017년 11월 8일 18시,수요일,대전광역시 유성구 궁동,경상사고,0,0,1,0,차대차 - 측면충돌,안전거리미확보,건조,맑음,단일로 - 기타,승용,남,43세,기타불명,승용,여,29세,경상
2017110800100632,2017년 11월 8일 20시,수요일,대전광역시 유성구 장대동,중상사고,0,4,5,0,차대차 - 측면충돌,중앙선침범,건조,맑음,교차로 - 교차로안,승용,남,31세,상해없음,승용,남,32세,경상
2017110800100633,2017년 11월 8일 20시,수요일,대전광역시 유성구 전민동,경상사고,0,0,1,0,차대차 - 측면충돌,직진우회전진행방해,건조,맑음,교차로 - 교차로안,자전거,남,13세,경상,승용,남,28세,상해없음
2017110800100697,2017년 11월 8일 22시,수요일,대전광역시 서구 둔산동,중상사고,0,2,1,0,차대차 - 측면충돌,중앙선침범,건조,맑음,단일로 - 기타,승용,남,39세,상해없음,승용,남,37세,중상
2017110900100157,2017년 11월 9일 08시,목요일,대전광역시 유성구 봉명동,경상사고,0,0,2,0,차대차 - 측면충돌,신호위반,건조,맑음,교차로 - 교차로안,승용,남,52세,경상,승용,남,25세,경상
2017110900100197,2017년 11월 9일 09시,목요일,대전광역시 중구 대사동,경상사고,0,0,1,0,차대차 - 측면충돌,교차로운행방법위반,건조,맑음,교차로 - 교차로안,승용,남,74세,상해없음,승용,남,69세,경상
2017110900100227,2017년 11월 9일 10시,목요일,대전광역시 서구 용문동,중상사고,0,1,0,0,차대사람 - 횡단중,안전운전불이행,건조,맑음,교차로 - 교차로안,승용,여,47세,상해없음,보행자,남,31세,중상
2017110900100283,2017년 11월 9일 12시,목요일,대전광역시 대덕구 법동,경상사고,0,0,1,0,차대사람 - 기타,보행자보호의무위반,건조,맑음,교차로 - 교차로횡단보도내,승용,남,48세,상해없음,보행자,남,54세,경상
2017110900100301,2017년 11월 9일 13시,목요일,대전광역시 중구 중촌동,중상사고,0,4,0,0,차대차 - 정면충돌,중앙선침범,건조,맑음,단일로 - 지하차도(도로)내,승용,남,66세,상해없음,승용,남,61세,중상
2017110900100334,2017년 11월 9일 14시,목요일,대전광역시 서구 용문동,중상사고,0,1,0,0,차대사람 - 횡단중,보행자보호의무위반,건조,맑음,교차로 - 교차로횡단보도내,승용,남,58세,상해없음,보행자,남,37세,중상
2017110900100414,2017년 11월 9일 16시,목요일,대전광역시 유성구 원신흥동,중상사고,0,1,0,0,차대차 - 측면충돌,안전거리미확보,건조,맑음,단일로 - 기타,자전거,남,43세,상해없음,자전거,여,44세,중상
2017110900100455,2017년 11월 9일 17시,목요일,대전광역시 동구 삼성동,경상사고,0,0,1,0,차대차 - 기타,안전운전불이행,건조,맑음,기타 - 기타,승용,남,27세,상해없음,이륜,남,43세,경상
2017110900100456,2017년 11월 9일 17시,목요일,대전광역시 유성구 전민동,경상사고,0,0,1,0,차대차 - 정면충돌,안전운전불이행,건조,맑음,교차로 - 교차로안,승용,여,48세,상해없음,승용,남,61세,경상
2017110900100531,2017년 11월 9일 18시,목요일,대전광역시 중구 오류동,경상사고,0,0,1,0,차대차 - 측면충돌,차로위반,건조,맑음,단일로 - 기타,승용,남,74세,상해없음,승용,남,68세,상해없음
2017110900100532,2017년 11월 9일 18시,목요일,대전광역시 동구 가오동,중상사고,0,1,0,0,차대차 - 측면충돌,안전거리미확보,건조,맑음,단일로 - 기타,승용,여,42세,상해없음,이륜,남,19세,중상
2017110900100533,2017년 11월 9일 18시,목요일,대전광역시 대덕구 중리동,경상사고,0,0,1,0,차대사람 - 기타,안전운전불이행,건조,맑음,단일로 - 기타,승용,남,59세,상해없음,보행자,남,61세,경상
2017110900100534,2017년 11월 9일 18시,목요일,대전광역시 서구 월평동,경상사고,0,0,1,0,차대차 - 후진중충돌,안전운전불이행,건조,맑음,단일로 - 교량,승용,남,59세,상해없음,승용,여,53세,경상
2017110900100535,2017년 11월 9일 18시,목요일,대전광역시 유성구 봉명동,경상사고,0,0,1,0,차대사람 - 횡단중,안전운전불이행,건조,맑음,단일로 - 기타,승용,여,25세,상해없음,보행자,여,45세,경상
2017110900100568,2017년 11월 9일 19시,목요일,대전광역시 대덕구 오정동,경상사고,0,0,1,0,차대차 - 기타,안전운전불이행,건조,맑음,교차로 - 교차로부근,화물,남,45세,상해없음,승용,여,55세,경상
2017110900100603,2017년 11월 9일 20시,목요일,대전광역시 중구 석교동,중상사고,0,1,1,0,차대차 - 측면충돌,교차로운행방법위반,건조,맑음,교차로 - 교차로안,승용,남,53세,경상,원동기,남,41세,중상
2017110900100604,2017년 11월 9일 20시,목요일,대전광역시 서구 만년동,중상사고,0,1,0,0,차대차 - 측면충돌,안전운전불이행,건조,맑음,단일로 - 기타,승용,남,27세,상해없음,자전거,여,24세,중상
2017110900100669,2017년 11월 9일 22시,목요일,대전광역시 중구 태평동,경상사고,0,0,2,0,차대차 - 측면충돌,신호위반,건조,맑음,교차로 - 교차로안,승용,여,48세,상해없음,승용,남,46세,경상
2017110900100670,2017년 11월 9일 22시,목요일,대전광역시 중구 은행동,중상사고,0,1,0,0,차대사람 - 차도통행중,안전운전불이행,건조,맑음,단일로 - 기타,승합,남,50세,상해없음,보행자,여,27세,중상
2017111000100033,2017년 11월 10일 00시,금요일,대전광역시 중구 용두동,경상사고,0,0,1,0,차대차 - 추돌,안전운전불이행,건조,맑음,단일로 - 기타,승합,남,53세,상해없음,승용,여,54세,경상
2017111000100052,2017년 11월 10일 01시,금요일,대전광역시 서구 둔산동,중상사고,0,1,0,0,차대차 - 정면충돌,신호위반,건조,맑음,교차로 - 교차로안,승용,여,48세,상해없음,승용,남,51세,중상
2017111000100073,2017년 11월 10일 03시,금요일,대전광역시 대덕구 덕암동,중상사고,0,1,0,0,차대차 - 추돌,안전운전불이행,건조,맑음,단일로 - 기타,화물,남,54세,중상,화물,남,68세,상해없음
2017111000100079,2017년 11월 10일 03시,금요일,대전광역시 동구 가양동,경상사고,0,0,1,0,차대차 - 기타,안전운전불이행,건조,맑음,교차로 - 교차로안,승용,남,22세,기타불명,승용,여,42세,경상
2017111000100080,2017년 11월 10일 03시,금요일,대전광역시 서구 갈마동,경상사고,0,0,2,0,차대차 - 측면충돌,신호위반,건조,맑음,교차로 - 교차로부근,승용,여,25세,상해없음,승용,남,61세,경상
2017111000100087,2017년 11월 10일 04시,금요일,대전광역시 서구 갈마동,경상사고,0,0,1,0,차대차 - 기타,과속,건조,맑음,교차로 - 교차로부근,승용,남,53세,경상,승용,남,38세,상해없음
2017111000100398,2017년 11월 10일 15시,금요일,대전광역시 동구 대동,중상사고,0,1,0,0,차대사람 - 횡단중,안전운전불이행,건조,흐림,교차로 - 교차로부근,승용,남,27세,상해없음,보행자,여,12세,중상
2017111000100434,2017년 11월 10일 16시,금요일,대전광역시 서구 만년동,경상사고,0,0,1,0,차대차 - 추돌,안전운전불이행,건조,맑음,단일로 - 기타,승용,남,61세,상해없음,승용,남,55세,경상
2017111000100435,2017년 11월 10일 16시,금요일,대전광역시 서구 갈마동,경상사고,0,0,1,0,차량단독 - 기타,안전운전불이행,건조,맑음,단일로 - 기타,승합,남,47세,상해없음,,,,
2017111000100436,2017년 11월 10일 16시,금요일,대전광역시 유성구 덕명동,경상사고,0,0,1,0,차대차 - 추돌,안전거리미확보,젖음/습기,비,단일로 - 기타,화물,남,70세,상해없음,승용,남,46세,경상
2017111000100482,2017년 11월 10일 17시,금요일,대전광역시 중구 유천동,중상사고,0,1,0,0,차대사람 - 횡단중,신호위반,젖음/습기,비,교차로 - 교차로횡단보도내,승용,남,79세,상해없음,보행자,남,13세,중상
2017111000100483,2017년 11월 10일 17시,금요일,대전광역시 동구 천동,경상사고,0,0,1,0,차대차 - 측면충돌,안전운전불이행,젖음/습기,비,교차로 - 교차로안,승용,남,48세,상해없음,이륜,남,46세,경상
2017111000100484,2017년 11월 10일 17시,금요일,대전광역시 동구 가양동,경상사고,0,0,1,0,차대차 - 측면충돌,안전운전불이행,젖음/습기,비,기타 - 기타,화물,남,51세,상해없음,승용,여,26세,경상
2017111000100485,2017년 11월 10일 17시,금요일,대전광역시 서구 복수동,경상사고,0,0,4,0,차대차 - 측면충돌,안전운전불이행,건조,맑음,교차로 - 교차로안,승용,여,54세,경상,승용,남,19세,경상
2017111000100486,2017년 11월 10일 17시,금요일,대전광역시 대덕구 오정동,중상사고,0,1,0,0,차대사람 - 차도통행중,교차로운행방법위반,젖음/습기,비,교차로 - 교차로안,승용,남,60세,상해없음,보행자,남,75세,중상
2017111000100487,2017년 11월 10일 17시,금요일,대전광역시 서구 월평동,경상사고,0,0,1,0,차대차 - 측면충돌,신호위반,젖음/습기,비,교차로 - 교차로안,승용,남,46세,상해없음,승용,남,50세,경상
2017111000100488,2017년 11월 10일 17시,금요일,대전광역시 유성구 궁동,경상사고,0,0,1,0,차대차 - 기타,안전운전불이행,젖음/습기,비,단일로 - 기타,승용,남,34세,상해없음,자전거,남,60세,경상
2017111000100489,2017년 11월 10일 17시,금요일,대전광역시 유성구 원촌동,경상사고,0,0,2,0,차대차 - 측면충돌,안전운전불이행,젖음/습기,비,교차로 - 교차로부근,건설기계,남,65세,상해없음,승용,여,41세,경상
2017111000100559,2017년 11월 10일 18시,금요일,대전광역시 중구 문화동,경상사고,0,0,2,0,차대차 - 측면충돌,교차로운행방법위반,건조,맑음,교차로 - 교차로안,화물,남,49세,상해없음,승용,남,68세,경상
2017111000100560,2017년 11월 10일 18시,금요일,대전광역시 서구 도마동,경상사고,0,0,1,0,차대차 - 측면충돌,안전거리미확보,건조,맑음,단일로 - 기타,승용,남,46세,상해없음,승용,남,38세,경상
2017111000100615,2017년 11월 10일 19시,금요일,대전광역시 중구 산성동,경상사고,0,0,1,0,차대차 - 기타,안전거리미확보,젖음/습기,비,교차로 - 교차로부근,기타불명,기타불명,미분류,기타불명,이륜,남,27세,경상
2017111000100616,2017년 11월 10일 19시,금요일,대전광역시 대덕구 대화동,경상사고,0,0,1,0,차대차 - 기타,안전운전불이행,젖음/습기,흐림,단일로 - 기타,승합,남,35세,상해없음,승용,남,46세,경상
2017111000100617,2017년 11월 10일 19시,금요일,대전광역시 대덕구 상서동,경상사고,0,0,2,0,차대차 - 추돌,안전거리미확보,젖음/습기,흐림,교차로 - 교차로부근,승용,남,58세,상해없음,승용,여,51세,경상
2017111000100618,2017년 11월 10일 19시,금요일,대전광역시 유성구 장대동,경상사고,0,0,1,0,차대사람 - 길가장자리구역통행중,안전운전불이행,건조,맑음,단일로 - 기타,승용,남,28세,상해없음,보행자,여,24세,경상
2017111000100655,2017년 11월 10일 20시,금요일,대전광역시 동구 가양동,중상사고,0,1,0,0,차대차 - 측면충돌,안전운전불이행,건조,맑음,교차로 - 교차로안,승용,남,55세,상해없음,승용,여,49세,중상
2017111000100656,2017년 11월 10일 20시,금요일,대전광역시 대덕구 연축동,경상사고,0,0,1,0,차대차 - 추돌,안전운전불이행,건조,맑음,교차로 - 교차로부근,승용,남,41세,상해없음,승용,여,40세,경상
2017111000100657,2017년 11월 10일 20시,금요일,대전광역시 서구 둔산동,경상사고,0,0,1,0,차대차 - 기타,안전운전불이행,건조,맑음,교차로 - 교차로횡단보도내,승용,남,32세,상해없음,자전거,남,17세,경상
2017111000100743,2017년 11월 10일 23시,금요일,대전광역시 대덕구 법동,중상사고,0,1,0,0,차대사람 - 횡단중,보행자보호의무위반,건조,맑음,교차로 - 교차로횡단보도내,승용,남,26세,상해없음,보행자,여,51세,중상
2017111000100744,2017년 11월 10일 23시,금요일,대전광역시 서구 갈마동,중상사고,0,1,1,0,차대사람 - 기타,안전운전불이행,건조,맑음,교차로 - 교차로부근,승용,남,25세,상해없음,보행자,여,28세,경상
2017111100100047,2017년 11월 11일 00시,토요일,대전광역시 대덕구 목상동,경상사고,0,0,1,0,차대차 - 정면충돌,신호위반,건조,맑음,교차로 - 교차로안,승용,여,26세,상해없음,승용,남,66세,경상
2017111100100091,2017년 11월 11일 04시,토요일,대전광역시 대덕구 중리동,중상사고,0,3,0,0,차대차 - 측면충돌,과속,건조,맑음,교차로 - 교차로안,승용,남,23세,중상,원동기,남,14세,중상
2017111100100102,2017년 11월 11일 05시,토요일,대전광역시 서구 가장동,경상사고,0,0,2,0,차대차 - 측면충돌,신호위반,건조,맑음,교차로 - 교차로안,승용,여,53세,기타불명,승용,남,62세,경상
2017111100100143,2017년 11월 11일 07시,토요일,대전광역시 유성구 지족동,경상사고,0,0,2,0,차대차 - 추돌,안전운전불이행,건조,맑음,교차로 - 교차로부근,승용,여,34세,상해없음,승용,여,48세,경상
2017111100100189,2017년 11월 11일 09시,토요일,대전광역시 유성구 노은동,경상사고,0,0,2,0,차대차 - 기타,안전운전불이행,건조,맑음,교차로 - 교차로안,승용,남,42세,상해없음,승용,남,51세,경상
2017111100100301,2017년 11월 11일 12시,토요일,대전광역시 중구 대사동,부상신고사고,0,0,0,1,차대차 - 후진중충돌,안전운전불이행,건조,맑음,단일로 - 기타,승용,남,28세,상해없음,원동기,남,82세,부상신고
2017111100100302,2017년 11월 11일 12시,토요일,대전광역시 서구 만년동,경상사고,0,0,1,0,차대차 - 측면충돌,안전거리미확보,건조,맑음,단일로 - 기타,승용,남,44세,상해없음,승용,남,35세,상해없음
2017111100100303,2017년 11월 11일 12시,토요일,대전광역시 유성구 궁동,중상사고,0,1,1,0,차대차 - 기타,신호위반,건조,맑음,교차로 - 교차로부근,원동기,남,21세,중상,승용,남,31세,경상
2017111100100389,2017년 11월 11일 14시,토요일,대전광역시 중구 오류동,경상사고,0,0,1,0,차대차 - 측면충돌,안전거리미확보,건조,맑음,단일로 - 기타,승용,남,62세,상해없음,원동기,남,33세,경상
2017111100100390,2017년 11월 11일 14시,토요일,대전광역시 서구 둔산동,경상사고,0,0,1,0,차대사람 - 횡단중,안전운전불이행,건조,맑음,교차로 - 교차로횡단보도내,승용,남,36세,상해없음,보행자,여,16세,경상
2017111100100425,2017년 11월 11일 15시,토요일,대전광역시 유성구 노은동,경상사고,0,0,2,0,차대차 - 기타,안전운전불이행,건조,맑음,기타 - 기타,승용,남,48세,상해없음,승용,여,44세,경상
2017111100100468,2017년 11월 11일 16시,토요일,대전광역시 중구 은행동,경상사고,0,0,1,0,차대차 - 측면충돌,신호위반,건조,맑음,교차로 - 교차로안,승용,남,62세,상해없음,승용,남,45세,상해없음
2017111100100469,2017년 11월 11일 16시,토요일,대전광역시 유성구 도룡동,경상사고,0,0,1,0,차대차 - 기타,안전거리미확보,건조,맑음,단일로 - 기타,승용,남,32세,상해없음,승용,남,27세,경상
2017111100100515,2017년 11월 11일 17시,토요일,대전광역시 서구 둔산동,경상사고,0,0,1,0,차대차 - 측면충돌,안전운전불이행,건조,맑음,단일로 - 기타,승용,남,25세,상해없음,승용,남,26세,경상
2017111100100516,2017년 11월 11일 17시,토요일,대전광역시 유성구 장대동,부상신고사고,0,0,0,1,차대차 - 기타,교차로운행방법위반,건조,맑음,교차로 - 교차로안,화물,남,56세,상해없음,승용,남,27세,부상신고
2017111100100576,2017년 11월 11일 18시,토요일,대전광역시 서구 변동,경상사고,0,0,1,0,차대차 - 측면충돌,교차로운행방법위반,건조,맑음,교차로 - 교차로안,승용,남,70세,상해없음,승용,남,54세,경상
2017111100100577,2017년 11월 11일 18시,토요일,대전광역시 서구 둔산동,경상사고,0,0,2,0,차대차 - 추돌,안전운전불이행,건조,맑음,단일로 - 기타,승용,남,54세,상해없음,승용,여,33세,경상
2017111100100617,2017년 11월 11일 19시,토요일,대전광역시 서구 탄방동,경상사고,0,0,4,0,차대차 - 측면충돌,차로위반,건조,맑음,단일로 - 기타,승용,여,34세,상해없음,승용,남,23세,경상
2017111100100618,2017년 11월 11일 19시,토요일,대전광역시 유성구 학하동,경상사고,0,0,4,0,차대차 - 기타,안전운전불이행,건조,맑음,단일로 - 기타,승용,남,52세,상해없음,화물,남,37세,경상
2017111100100662,2017년 11월 11일 21시,토요일,대전광역시 서구 갈마동,중상사고,0,1,0,0,차대차 - 기타,안전운전불이행,건조,맑음,교차로 - 교차로부근,승용,여,26세,상해없음,이륜,남,37세,중상
2017111100100686,2017년 11월 11일 22시,토요일,대전광역시 동구 가양동,중상사고,0,2,0,0,차대차 - 측면충돌,중앙선침범,건조,맑음,단일로 - 기타,승용,남,35세,상해없음,승용,남,23세,중상
2017111100100687,2017년 11월 11일 22시,토요일,대전광역시 대덕구 비래동,경상사고,0,0,3,0,차대차 - 기타,안전운전불이행,건조,맑음,단일로 - 기타,기타불명,기타불명,미분류,기타불명,승용,남,36세,경상
2017111100100688,2017년 11월 11일 22시,토요일,대전광역시 대덕구 석봉동,부상신고사고,0,0,0,1,차대사람 - 기타,안전운전불이행,건조,맑음,단일로 - 기타,승용,남,42세,상해없음,보행자,남,48세,부상신고
2017111200100039,2017년 11월 12일 01시,일요일,대전광역시 중구 오류동,경상사고,0,0,1,0,차대차 - 추돌,안전운전불이행,건조,맑음,교차로 - 교차로부근,승용,남,36세,상해없음,승용,남,61세,상해없음
2017111200100050,2017년 11월 12일 02시,일요일,대전광역시 서구 둔산동,부상신고사고,0,0,0,1,차대사람 - 차도통행중,안전운전불이행,건조,맑음,단일로 - 기타,승용,남,21세,상해없음,보행자,남,22세,부상신고
2017111200100060,2017년 11월 12일 03시,일요일,대전광역시 서구 가수원동,경상사고,0,0,1,0,차대차 - 측면충돌,신호위반,건조,맑음,교차로 - 교차로안,승용,남,26세,상해없음,승용,여,38세,경상
2017111200100072,2017년 11월 12일 04시,일요일,대전광역시 중구 대흥동,경상사고,0,0,2,0,차대차 - 측면충돌,신호위반,건조,맑음,교차로 - 교차로안,승용,남,56세,상해없음,승용,남,72세,경상
2017111200100106,2017년 11월 12일 07시,일요일,대전광역시 서구 도마동,경상사고,0,0,1,0,차대차 - 정면충돌,중앙선침범,건조,맑음,교차로 - 교차로부근,승용,남,27세,상해없음,승용,남,56세,경상
2017111200100136,2017년 11월 12일 09시,일요일,대전광역시 유성구 지족동,경상사고,0,0,1,0,차대차 - 추돌,안전거리미확보,건조,맑음,단일로 - 기타,화물,남,38세,상해없음,승용,남,26세,경상
2017111200100158,2017년 11월 12일 10시,일요일,대전광역시 서구 만년동,경상사고,0,0,1,0,차대차 - 추돌,안전운전불이행,건조,맑음,단일로 - 기타,승용,여,48세,상해없음,승용,남,65세,상해없음
2017111200100185,2017년 11월 12일 11시,일요일,대전광역시 서구 복수동,경상사고,0,0,5,0,차대차 - 측면충돌,신호위반,건조,맑음,교차로 - 교차로안,승용,남,22세,상해없음,승용,남,47세,경상
2017111200100186,2017년 11월 12일 11시,일요일,대전광역시 유성구 송강동,중상사고,0,1,0,0,차대차 - 정면충돌,안전운전불이행,건조,맑음,교차로 - 교차로안,승용,남,30세,상해없음,자전거,남,12세,중상
2017111200100213,2017년 11월 12일 12시,일요일,대전광역시 서구 용문동,경상사고,0,0,2,0,차대사람 - 길가장자리구역통행중,안전운전불이행,건조,맑음,단일로 - 기타,승용,남,71세,상해없음,보행자,여,48세,경상
2017111200100214,2017년 11월 12일 12시,일요일,대전광역시 유성구 궁동,중상사고,0,1,0,0,차대차 - 측면충돌,안전운전불이행,건조,맑음,단일로 - 기타,승용,남,56세,상해없음,이륜,남,57세,중상
2017111200100254,2017년 11월 12일 13시,일요일,대전광역시 서구 변동,중상사고,0,1,1,0,차대차 - 측면충돌,중앙선침범,건조,맑음,단일로 - 기타,승용,남,64세,상해없음,이륜,남,45세,중상
2017111200100322,2017년 11월 12일 15시,일요일,대전광역시 동구 신상동,경상사고,0,0,1,0,차대차 - 측면충돌,신호위반,건조,맑음,교차로 - 교차로안,화물,남,54세,상해없음,승용,남,27세,경상
2017111200100323,2017년 11월 12일 15시,일요일,대전광역시 서구 도마동,경상사고,0,0,1,0,차대사람 - 기타,기타,건조,맑음,단일로 - 기타,승합,남,48세,상해없음,보행자,여,76세,경상
2017111200100324,2017년 11월 12일 15시,일요일,대전광역시 유성구 구암동,경상사고,0,0,2,0,차대차 - 측면충돌,안전운전불이행,건조,맑음,교차로 - 교차로안,승용,남,56세,상해없음,승용,남,38세,경상
2017111200100361,2017년 11월 12일 16시,일요일,대전광역시 동구 신흥동,경상사고,0,0,1,0,차대차 - 측면충돌,안전운전불이행,건조,맑음,단일로 - 기타,화물,남,71세,상해없음,이륜,남,22세,경상
2017111200100362,2017년 11월 12일 16시,일요일,대전광역시 서구 둔산동,경상사고,0,0,1,0,차대사람 - 기타,안전운전불이행,건조,맑음,단일로 - 기타,승합,남,48세,상해없음,보행자,여,5세,경상
2017111200100393,2017년 11월 12일 17시,일요일,대전광역시 중구 대흥동,경상사고,0,0,1,0,차대사람 - 보도통행중,보행자보호의무위반,건조,맑음,교차로 - 교차로횡단보도내,승용,남,35세,상해없음,보행자,여,74세,경상
2017111200100394,2017년 11월 12일 17시,일요일,대전광역시 유성구 둔곡동,경상사고,0,0,2,0,차대차 - 추돌,안전운전불이행,건조,맑음,단일로 - 터널,승용,남,49세,상해없음,승용,남,34세,경상
2017111200100441,2017년 11월 12일 18시,일요일,대전광역시 중구 유천동,경상사고,0,0,1,0,차대차 - 측면충돌,신호위반,건조,맑음,교차로 - 교차로안,승합,남,47세,상해없음,승용,남,19세,경상