사고번호,사고일시,요일,시군구,사고내용,사망자수,중상자수,경상자수,부상신고자수,사고유형,법규위반,노면상태,기상상태,도로형태,가해운전자 차종,가해운전자 성별,가해운전자 연령,가해운전자 상해정도,피해운전자 차종,피해운전자 성별,피해운전자 연령,피해운전자 상해정도
2017111200100442,2017년 11월 12일 18시,일요일,대전광역시 대덕구 송촌동,경상사고,0,0,2,0,차대사람 - 횡단중,안전운전불이행,건조,맑음,단일로 - 기타,화물,남,53세,상해없음,보행자,남,28세,경상
2017111200100473,2017년 11월 12일 19시,일요일,대전광역시 중구 석교동,경상사고,0,0,2,0,차대차 - 추돌,안전운전불이행,건조,맑음,단일로 - 기타,승용,남,26세,상해없음,승용,남,56세,경상
2017111200100474,2017년 11월 12일 19시,일요일,대전광역시 중구 오류동,경상사고,0,0,3,0,차대차 - 추돌,안전운전불이행,건조,맑음,단일로 - 기타,승용,남,55세,상해없음,승용,남,29세,경상
2017111200100498,2017년 11월 12일 20시,일요일,대전광역시 중구 선화동,중상사고,0,1,0,0,차대차 - 측면충돌,직진우회전진행방해,건조,맑음,교차로 - 교차로안,승용,남,29세,기타불명,원동기,남,48세,중상
2017111200100573,2017년 11월 12일 23시,일요일,대전광역시 중구 태평동,중상사고,0,1,0,0,차대차 - 측면충돌,안전운전불이행,건조,맑음,교차로 - 교차로안,기타불명,기타불명,미분류,기타불명,승용,남,59세,상해없음
2017111200100574,2017년 11월 12일 23시,일요일,대전광역시 동구 가양동,경상사고,0,0,1,0,차대차 - 측면충돌,안전거리미확보,건조,맑음,단일로 - 기타,승용,남,56세,상해없음,원동기,남,18세,경상
2017111300100039,2017년 11월 13일 01시,월요일,대전광역시 동구 가양동,경상사고,0,0,1,0,차대차 - 추돌,교차로운행방법위반,젖음/습기,흐림,교차로 - 교차로안,승용,남,67세,상해없음,승용,남,22세,경상
2017111300100150,2017년 11월 13일 08시,월요일,대전광역시 중구 석교동,중상사고,0,1,0,0,차대사람 - 기타,안전운전불이행,건조,맑음,단일로 - 기타,화물,남,43세,상해없음,보행자,남,24세,중상
2017111300100151,2017년 11월 13일 08시,월요일,대전광역시 동구 용운동,경상사고,0,0,1,0,차대차 - 기타,안전운전불이행,건조,맑음,교차로 - 교차로횡단보도내,기타불명,기타불명,미분류,기타불명,자전거,남,12세,경상
2017111300100152,2017년 11월 13일 08시,월요일,대전광역시 서구 둔산동,경상사고,0,0,2,0,차대차 - 기타,신호위반,건조,맑음,교차로 - 교차로안,승용,남,50세,상해없음,승용,여,46세,경상
2017111300100184,2017년 11월 13일 09시,월요일,대전광역시 서구 가장동,경상사고,0,0,1,0,차대차 - 측면충돌,안전운전불이행,건조,맑음,단일로 - 기타,승용,남,24세,상해없음,자전거,여,46세,경상
2017111300100218,2017년 11월 13일 10시,월요일,대전광역시 유성구 교촌동,경상사고,0,0,1,0,차대차 - 기타,안전운전불이행,건조,맑음,단일로 - 기타,화물,남,35세,상해없음,승용,여,32세,경상
2017111300100255,2017년 11월 13일 11시,월요일,대전광역시 중구 부사동,경상사고,0,0,1,0,차대차 - 측면충돌,신호위반,건조,맑음,단일로 - 기타,화물,남,64세,상해없음,사륜오토바이(ATV),여,59세,경상
2017111300100256,2017년 11월 13일 11시,월요일,대전광역시 대덕구 송촌동,경상사고,0,0,2,0,차대차 - 측면충돌,안전운전불이행,건조,맑음,단일로 - 기타,승용,남,62세,상해없음,승용,여,35세,경상
2017111300100257,2017년 11월 13일 11시,월요일,대전광역시 서구 갈마동,경상사고,0,0,1,0,차대차 - 기타,안전운전불이행,건조,맑음,교차로 - 교차로안,승용,여,45세,상해없음,화물,남,34세,경상
2017111300100286,2017년 11월 13일 12시,월요일,대전광역시 중구 선화동,중상사고,0,1,0,0,차대사람 - 길가장자리구역통행중,안전운전불이행,건조,맑음,교차로 - 교차로부근,승용,남,62세,상해없음,보행자,여,80세,중상
2017111300100287,2017년 11월 13일 12시,월요일,대전광역시 대덕구 중리동,중상사고,0,1,0,0,차대차 - 측면충돌,불법유턴,건조,맑음,단일로 - 기타,승용,여,55세,상해없음,원동기,남,31세,중상
2017111300100313,2017년 11월 13일 13시,월요일,대전광역시 서구 탄방동,중상사고,0,1,0,0,차대차 - 기타,불법유턴,건조,맑음,단일로 - 기타,승용,남,43세,상해없음,자전거,남,25세,중상
2017111300100380,2017년 11월 13일 15시,월요일,대전광역시 중구 부사동,경상사고,0,0,1,0,차대차 - 추돌,안전운전불이행,건조,맑음,단일로 - 기타,승합,남,42세,상해없음,승용,남,44세,경상
2017111300100381,2017년 11월 13일 15시,월요일,대전광역시 동구 원동,중상사고,0,1,0,0,차대차 - 측면충돌,안전운전불이행,건조,맑음,단일로 - 기타,승합,남,69세,상해없음,자전거,여,58세,중상
2017111300100382,2017년 11월 13일 15시,월요일,대전광역시 서구 도마동,중상사고,0,1,0,0,차대차 - 측면충돌,차로위반,건조,맑음,단일로 - 기타,화물,남,42세,상해없음,사륜오토바이(ATV),남,84세,중상
2017111300100408,2017년 11월 13일 16시,월요일,대전광역시 서구 가수원동,경상사고,0,0,2,0,차대차 - 측면충돌,교차로운행방법위반,건조,맑음,교차로 - 교차로안,승용,남,39세,상해없음,승용,남,61세,경상
2017111300100466,2017년 11월 13일 17시,월요일,대전광역시 유성구 노은동,중상사고,0,1,0,0,차대차 - 측면충돌,안전운전불이행,건조,맑음,단일로 - 기타,화물,남,66세,상해없음,이륜,남,77세,중상
2017111300100512,2017년 11월 13일 18시,월요일,대전광역시 중구 대흥동,경상사고,0,0,1,0,차대차 - 측면충돌,안전운전불이행,건조,맑음,교차로 - 교차로안,승용,남,58세,상해없음,승용,여,43세,경상
2017111300100549,2017년 11월 13일 19시,월요일,대전광역시 서구 월평동,경상사고,0,0,1,0,차대차 - 기타,신호위반,건조,맑음,단일로 - 기타,승용,남,57세,상해없음,자전거,남,35세,경상
2017111300100550,2017년 11월 13일 19시,월요일,대전광역시 유성구 원신흥동,경상사고,0,0,2,0,차대차 - 정면충돌,신호위반,건조,맑음,교차로 - 교차로안,승용,여,42세,경상,승용,남,61세,경상
2017111400100040,2017년 11월 14일 01시,화요일,대전광역시 대덕구 비래동,사망사고,1,0,0,1,차량단독 - 공작물충돌,안전운전불이행,젖음/습기,맑음,단일로 - 기타,승용,남,35세,사망,,,,
2017111400100065,2017년 11월 14일 05시,화요일,대전광역시 중구 대흥동,부상신고사고,0,0,0,1,차대사람 - 차도통행중,안전운전불이행,건조,맑음,단일로 - 기타,승용,남,61세,기타불명,보행자,남,36세,부상신고
2017111400100106,2017년 11월 14일 07시,화요일,대전광역시 서구 둔산동,경상사고,0,0,1,0,차대차 - 기타,안전운전불이행,건조,맑음,교차로 - 교차로안,승용,남,52세,상해없음,자전거,남,15세,경상
2017111400100150,2017년 11월 14일 08시,화요일,대전광역시 동구 가양동,경상사고,0,0,1,0,차대차 - 추돌,안전거리미확보,건조,맑음,단일로 - 기타,승합,남,47세,상해없음,승용,여,55세,경상
2017111400100184,2017년 11월 14일 09시,화요일,대전광역시 중구 대사동,중상사고,0,1,0,0,차대사람 - 기타,안전운전불이행,건조,맑음,단일로 - 기타,승용,남,60세,상해없음,보행자,여,71세,중상
2017111400100218,2017년 11월 14일 10시,화요일,대전광역시 유성구 봉명동,경상사고,0,0,2,0,차대차 - 측면충돌,교차로운행방법위반,건조,맑음,교차로 - 교차로안,승용,남,47세,경상,승용,남,21세,경상
2017111400100245,2017년 11월 14일 11시,화요일,대전광역시 동구 원동,중상사고,0,2,0,0,차량단독 - 기타,안전운전불이행,건조,맑음,단일로 - 기타,승합,남,52세,상해없음,,,,
2017111400100267,2017년 11월 14일 12시,화요일,대전광역시 유성구 구성동,중상사고,0,1,0,0,차대사람 - 기타,안전운전불이행,건조,맑음,교차로 - 교차로부근,승용,남,18세,상해없음,보행자,여,21세,중상
2017111400100268,2017년 11월 14일 12시,화요일,대전광역시 유성구 봉명동,중상사고,0,1,1,0,차대차 - 기타,신호위반,건조,맑음,교차로 - 교차로안,승용,여,38세,상해없음,승용,여,26세,경상
2017111400100302,2017년 11월 14일 13시,화요일,대전광역시 중구 대흥동,중상사고,0,1,1,0,차량단독 - 기타,안전운전불이행,건조,맑음,교차로 - 교차로부근,승합,남,54세,상해없음,,,,
2017111400100303,2017년 11월 14일 13시,화요일,대전광역시 유성구 원촌동,중상사고,0,1,0,0,차대차 - 기타,안전운전불이행,건조,맑음,단일로 - 기타,이륜,남,60세,중상,승용,여,38세,상해없음
2017111400100345,2017년 11월 14일 14시,화요일,대전광역시 대덕구 읍내동,경상사고,0,0,1,0,차대차 - 기타,안전운전불이행,건조,맑음,단일로 - 기타,승용,여,58세,상해없음,화물,남,33세,경상
2017111400100346,2017년 11월 14일 14시,화요일,대전광역시 유성구 화암동,경상사고,0,0,1,0,차대차 - 기타,안전거리미확보,건조,맑음,단일로 - 기타,승용,남,46세,상해없음,승용,남,42세,경상
2017111400100393,2017년 11월 14일 15시,화요일,대전광역시 서구 가장동,경상사고,0,0,2,0,차대차 - 측면충돌,안전운전불이행,건조,맑음,교차로 - 교차로안,승용,여,49세,상해없음,승용,남,40세,경상
2017111400100394,2017년 11월 14일 15시,화요일,대전광역시 대덕구 송촌동,경상사고,0,0,1,0,차대사람 - 횡단중,보행자보호의무위반,건조,맑음,교차로 - 교차로횡단보도내,승용,남,26세,상해없음,보행자,여,9세,경상
2017111400100395,2017년 11월 14일 15시,화요일,대전광역시 유성구 원내동,경상사고,0,0,1,0,차대차 - 측면충돌,신호위반,건조,맑음,단일로 - 기타,화물,남,60세,상해없음,승용,여,57세,경상
2017111400100465,2017년 11월 14일 17시,화요일,대전광역시 대덕구 신대동,경상사고,0,0,1,0,차대차 - 기타,안전운전불이행,건조,맑음,단일로 - 기타,화물,여,46세,상해없음,승용,남,24세,경상
2017111400100466,2017년 11월 14일 17시,화요일,대전광역시 유성구 반석동,경상사고,0,0,1,0,차량단독 - 기타,기타,건조,맑음,단일로 - 기타,승합,남,51세,상해없음,,,,
2017111400100525,2017년 11월 14일 18시,화요일,대전광역시 중구 태평동,경상사고,0,0,1,0,차대차 - 측면충돌,교차로운행방법위반,건조,맑음,교차로 - 교차로안,승용,남,70세,상해없음,승용,여,31세,경상
2017111400100526,2017년 11월 14일 18시,화요일,대전광역시 대덕구 신탄진동,경상사고,0,0,1,0,차대차 - 추돌,안전운전불이행,건조,맑음,단일로 - 기타,승용,남,51세,상해없음,승용,여,44세,경상
2017111400100527,2017년 11월 14일 18시,화요일,대전광역시 유성구 관평동,경상사고,0,0,1,0,차대차 - 측면충돌,안전운전불이행,건조,맑음,교차로 - 교차로횡단보도내,승용,남,44세,상해없음,자전거,남,14세,경상
2017111400100568,2017년 11월 14일 19시,화요일,대전광역시 서구 탄방동,중상사고,0,1,2,0,차대차 - 추돌,안전운전불이행,건조,맑음,단일로 - 기타,승용,여,24세,상해없음,승용,남,57세,상해없음
2017111400100569,2017년 11월 14일 19시,화요일,대전광역시 서구 갈마동,경상사고,0,0,1,0,차대사람 - 기타,안전운전불이행,건조,맑음,교차로 - 교차로횡단보도내,승용,남,27세,상해없음,보행자,남,58세,경상
2017111400100630,2017년 11월 14일 21시,화요일,대전광역시 동구 용전동,경상사고,0,0,1,0,차대사람 - 기타,안전운전불이행,건조,맑음,단일로 - 기타,승용,남,33세,상해없음,보행자,여,23세,경상
2017111400100657,2017년 11월 14일 22시,화요일,대전광역시 동구 가양동,중상사고,0,1,0,0,차대사람 - 기타,안전운전불이행,건조,흐림,단일로 - 기타,승용,남,37세,상해없음,보행자,남,21세,중상
2017111400100681,2017년 11월 14일 23시,화요일,대전광역시 유성구 죽동,경상사고,0,0,1,0,차대차 - 추돌,안전운전불이행,건조,맑음,교차로 - 교차로부근,승용,남,60세,상해없음,승용,남,63세,경상
2017111500100067,2017년 11월 15일 04시,수요일,대전광역시 유성구 궁동,부상신고사고,0,0,0,1,차량단독 - 공작물충돌,안전운전불이행,건조,맑음,단일로 - 기타,이륜,남,32세,부상신고,,,,
2017111500100083,2017년 11월 15일 05시,수요일,대전광역시 중구 문화동,중상사고,0,1,0,0,차량단독 - 기타,안전운전불이행,건조,맑음,단일로 - 기타,화물,남,57세,상해없음,,,,
2017111500100120,2017년 11월 15일 07시,수요일,대전광역시 동구 삼성동,중상사고,0,1,0,0,차대차 - 측면충돌,안전운전불이행,건조,맑음,단일로 - 기타,승용,여,56세,상해없음,자전거,여,60세,중상
2017111500100121,2017년 11월 15일 07시,수요일,대전광역시 대덕구 중리동,경상사고,0,0,1,0,차대차 - 기타,교차로운행방법위반,건조,맑음,교차로 - 교차로안,승용,남,31세,기타불명,승용,여,41세,경상
2017111500100122,2017년 11월 15일 07시,수요일,대전광역시 서구 둔산동,경상사고,0,0,1,0,차대차 - 추돌,안전운전불이행,건조,맑음,교차로 - 교차로부근,승용,남,21세,상해없음,승용,여,57세,경상
2017111500100168,2017년 11월 15일 08시,수요일,대전광역시 중구 문화동,경상사고,0,0,1,0,차대사람 - 횡단중,안전운전불이행,건조,맑음,교차로 - 교차로부근,승용,여,38세,상해없음,보행자,남,9세,경상
2017111500100169,2017년 11월 15일 08시,수요일,대전광역시 중구 문화동,경상사고,0,0,1,0,차대차 - 측면충돌,신호위반,건조,맑음,교차로 - 교차로안,승용,여,63세,상해없음,승용,남,60세,경상
2017111500100170,2017년 11월 15일 08시,수요일,대전광역시 유성구 궁동,경상사고,0,0,1,0,차대차 - 측면충돌,교차로운행방법위반,건조,맑음,교차로 - 교차로안,개인형이동수단(PM),남,23세,경상,승용,여,55세,상해없음
2017111500100189,2017년 11월 15일 09시,수요일,대전광역시 유성구 문지동,경상사고,0,0,1,0,차대차 - 측면충돌,신호위반,건조,맑음,교차로 - 교차로안,승용,남,33세,상해없음,승용,여,51세,경상
2017111500100222,2017년 11월 15일 10시,수요일,대전광역시 유성구 관평동,경상사고,0,0,3,0,차대차 - 측면충돌,신호위반,건조,맑음,교차로 - 교차로안,승용,남,62세,상해없음,승합,남,44세,경상
2017111500100242,2017년 11월 15일 11시,수요일,대전광역시 동구 용전동,경상사고,0,0,1,0,차대사람 - 차도통행중,안전운전불이행,건조,맑음,단일로 - 기타,승용,남,76세,상해없음,보행자,남,27세,경상
2017111500100243,2017년 11월 15일 11시,수요일,대전광역시 서구 월평동,경상사고,0,0,1,0,차대차 - 측면충돌,신호위반,건조,맑음,교차로 - 교차로안,승용,여,31세,상해없음,승용,여,24세,경상
2017111500100289,2017년 11월 15일 12시,수요일,대전광역시 유성구 관평동,경상사고,0,0,2,0,차대차 - 측면충돌,신호위반,건조,맑음,교차로 - 교차로안,승용,여,43세,상해없음,승용,남,45세,경상
2017111500100325,2017년 11월 15일 13시,수요일,대전광역시 동구 신흥동,중상사고,0,1,1,0,차대차 - 추돌,안전운전불이행,건조,맑음,교차로 - 교차로부근,화물,남,60세,상해없음,승용,여,61세,중상
2017111500100371,2017년 11월 15일 14시,수요일,대전광역시 동구 대동,경상사고,0,0,1,0,차대사람 - 횡단중,보행자보호의무위반,건조,맑음,교차로 - 교차로횡단보도내,승용,남,56세,상해없음,보행자,여,45세,경상
2017111500100372,2017년 11월 15일 14시,수요일,대전광역시 서구 가수원동,경상사고,0,0,1,0,차대사람 - 기타,안전운전불이행,건조,맑음,단일로 - 기타,승용,남,58세,상해없음,보행자,여,68세,경상
2017111500100498,2017년 11월 15일 17시,수요일,대전광역시 대덕구 석봉동,경상사고,0,0,1,0,차대차 - 기타,안전운전불이행,건조,맑음,단일로 - 기타,승용,남,62세,상해없음,자전거,남,47세,경상
2017111500100551,2017년 11월 15일 18시,수요일,대전광역시 동구 대동,경상사고,0,0,1,0,차대차 - 측면충돌,안전운전불이행,건조,흐림,교차로 - 교차로부근,승용,남,51세,상해없음,자전거,남,28세,경상
2017111500100552,2017년 11월 15일 18시,수요일,대전광역시 서구 복수동,경상사고,0,0,1,0,차대차 - 기타,신호위반,건조,맑음,단일로 - 기타,승용,남,56세,상해없음,자전거,남,12세,경상
2017111500100553,2017년 11월 15일 18시,수요일,대전광역시 서구 도마동,중상사고,0,1,1,0,차대차 - 측면충돌,안전운전불이행,건조,맑음,단일로 - 기타,승용,여,65세,상해없음,승용,여,29세,경상
2017111500100554,2017년 11월 15일 18시,수요일,대전광역시 유성구 노은동,중상사고,0,1,0,0,차대사람 - 횡단중,보행자보호의무위반,건조,맑음,교차로 - 교차로안,승용,남,29세,상해없음,보행자,남,49세,중상
2017111500100555,2017년 11월 15일 18시,수요일,대전광역시 유성구 학하동,경상사고,0,0,1,0,차대차 - 기타,안전운전불이행,건조,맑음,단일로 - 기타,승용,남,66세,상해없음,승용,남,32세,경상
2017111500100589,2017년 11월 15일 19시,수요일,대전광역시 동구 가양동,경상사고,0,0,1,0,차대차 - 기타,안전운전불이행,건조,맑음,교차로 - 교차로부근,승용,남,61세,상해없음,이륜,남,27세,경상
2017111500100590,2017년 11월 15일 19시,수요일,대전광역시 서구 용문동,중상사고,0,1,0,0,차대차 - 측면충돌,신호위반,건조,맑음,교차로 - 교차로안,승용,남,50세,상해없음,이륜,남,21세,중상
2017111500100625,2017년 11월 15일 20시,수요일,대전광역시 대덕구 석봉동,경상사고,0,0,2,0,차대차 - 추돌,안전운전불이행,건조,맑음,단일로 - 기타,승용,남,69세,상해없음,승용,남,50세,경상
2017111500100626,2017년 11월 15일 20시,수요일,대전광역시 대덕구 문평동,중상사고,0,1,0,0,차대사람 - 기타,안전운전불이행,건조,맑음,교차로 - 교차로부근,승용,남,26세,상해없음,보행자,남,26세,중상
2017111500100627,2017년 11월 15일 20시,수요일,대전광역시 서구 탄방동,경상사고,0,0,3,0,차대차 - 측면충돌,교차로운행방법위반,건조,맑음,교차로 - 교차로안,화물,남,49세,상해없음,이륜,남,30세,경상
2017111500100628,2017년 11월 15일 20시,수요일,대전광역시 유성구 장대동,경상사고,0,0,1,0,차대차 - 측면충돌,안전운전불이행,건조,맑음,교차로 - 교차로부근,승용,남,21세,상해없음,원동기,남,55세,경상
2017111500100652,2017년 11월 15일 21시,수요일,대전광역시 서구 둔산동,경상사고,0,0,1,0,차대차 - 추돌,안전운전불이행,건조,맑음,단일로 - 기타,승용,남,58세,상해없음,화물,남,45세,경상
2017111500100653,2017년 11월 15일 21시,수요일,대전광역시 유성구 노은동,중상사고,0,1,0,0,차대차 - 기타,안전운전불이행,건조,맑음,교차로 - 교차로안,승용,여,46세,상해없음,이륜,남,52세,중상
2017111500100676,2017년 11월 15일 22시,수요일,대전광역시 유성구 외삼동,경상사고,0,0,3,0,차대차 - 기타,안전운전불이행,건조,맑음,교차로 - 교차로부근,승용,여,43세,상해없음,승용,남,23세,경상
2017111600100032,2017년 11월 16일 00시,목요일,대전광역시 동구 자양동,중상사고,0,1,0,0,차대차 - 측면충돌,안전운전불이행,건조,맑음,단일로 - 기타,원동기,남,22세,중상,승용,남,19세,상해없음
2017111600100033,2017년 11월 16일 00시,목요일,대전광역시 서구 월평동,경상사고,0,0,2,0,차대차 - 기타,안전거리미확보,건조,맑음,교차로 - 교차로부근,승용,남,43세,상해없음,승용,남,61세,경상
2017111600100064,2017년 11월 16일 04시,목요일,대전광역시 서구 월평동,중상사고,0,1,0,0,차대차 - 추돌,안전운전불이행,건조,맑음,단일로 - 기타,승용,남,37세,상해없음,승용,남,27세,중상
2017111600100117,2017년 11월 16일 07시,목요일,대전광역시 대덕구 와동,경상사고,0,0,1,0,차대차 - 추돌,안전운전불이행,건조,맑음,단일로 - 기타,승용,남,14세,상해없음,승용,남,23세,경상
2017111600100156,2017년 11월 16일 08시,목요일,대전광역시 유성구 봉명동,중상사고,0,1,0,0,차대차 - 기타,안전운전불이행,건조,맑음,단일로 - 기타,승용,남,31세,상해없음,이륜,남,55세,중상
2017111600100213,2017년 11월 16일 10시,목요일,대전광역시 동구 정동,경상사고,0,0,1,0,차대차 - 측면충돌,교차로운행방법위반,건조,맑음,교차로 - 교차로안,승용,남,73세,상해없음,승용,남,55세,경상
2017111600100305,2017년 11월 16일 13시,목요일,대전광역시 유성구 구암동,경상사고,0,0,1,0,차대차 - 추돌,안전운전불이행,건조,맑음,교차로 - 교차로안,화물,남,38세,상해없음,승용,남,32세,경상
2017111600100329,2017년 11월 16일 14시,목요일,대전광역시 서구 도마동,경상사고,0,0,1,0,차대사람 - 길가장자리구역통행중,안전운전불이행,건조,맑음,단일로 - 기타,화물,남,55세,상해없음,보행자,여,40세,경상
2017111600100369,2017년 11월 16일 15시,목요일,대전광역시 중구 유천동,중상사고,0,1,0,0,차대사람 - 기타,안전운전불이행,건조,맑음,교차로 - 교차로부근,승용,남,73세,상해없음,보행자,남,52세,중상
2017111600100370,2017년 11월 16일 15시,목요일,대전광역시 중구 은행동,경상사고,0,0,1,0,차대차 - 측면충돌,안전운전불이행,건조,맑음,단일로 - 기타,화물,남,52세,상해없음,승용,남,29세,경상
2017111600100396,2017년 11월 16일 16시,목요일,대전광역시 서구 월평동,경상사고,0,0,1,0,차대차 - 기타,안전거리미확보,건조,맑음,교차로 - 교차로안,승합,남,48세,상해없음,이륜,남,21세,경상
2017111600100397,2017년 11월 16일 16시,목요일,대전광역시 유성구 대정동,경상사고,0,0,2,0,차대차 - 추돌,안전운전불이행,건조,맑음,단일로 - 기타,승용,남,62세,상해없음,승용,여,37세,경상
2017111600100434,2017년 11월 16일 17시,목요일,대전광역시 대덕구 중리동,경상사고,0,0,1,0,차대차 - 추돌,안전운전불이행,건조,맑음,단일로 - 기타,승용,여,28세,상해없음,승용,여,35세,경상
2017111600100435,2017년 11월 16일 17시,목요일,대전광역시 유성구 구암동,중상사고,0,1,0,0,차대차 - 기타,교차로운행방법위반,건조,맑음,교차로 - 교차로안,기타불명,기타불명,미분류,기타불명,이륜,남,59세,중상
2017111600100503,2017년 11월 16일 18시,목요일,대전광역시 대덕구 읍내동,경상사고,0,0,1,0,차대사람 - 기타,안전운전불이행,건조,맑음,단일로 - 기타,승합,남,49세,상해없음,보행자,여,40세,경상
2017111600100537,2017년 11월 16일 19시,목요일,대전광역시 중구 사정동,중상사고,0,1,0,0,차대차 - 측면충돌,신호위반,건조,흐림,교차로 - 교차로부근,원동기,남,17세,중상,승용,남,28세,상해없음
2017111600100601,2017년 11월 16일 21시,목요일,대전광역시 동구 가양동,중상사고,0,1,0,0,차대차 - 기타,안전운전불이행,건조,맑음,교차로 - 교차로안,승용,남,50세,상해없음,자전거,남,51세,중상
2017111600100602,2017년 11월 16일 21시,목요일,대전광역시 동구 판암동,경상사고,0,0,1,0,차대차 - 추돌,안전운전불이행,건조,맑음,교차로 - 교차로부근,승용,여,59세,상해없음,승용,여,50세,경상
2017111700100029,2017년 11월 17일 00시,금요일,대전광역시 중구 문화동,경상사고,0,0,1,0,차대차 - 측면충돌,안전거리미확보,건조,흐림,단일로 - 기타,승용,남,56세,상해없음,승용,남,63세,경상
2017111700100030,2017년 11월 17일 00시,금요일,대전광역시 대덕구 신탄진동,중상사고,0,1,0,0,차대사람 - 횡단중,교차로운행방법위반,건조,맑음,교차로 - 교차로안,승용,남,49세,상해없음,보행자,여,62세,중상
2017111700100031,2017년 11월 17일 00시,금요일,대전광역시 유성구 봉명동,경상사고,0,0,4,0,차대차 - 측면충돌,중앙선침범,건조,맑음,교차로 - 교차로부근,승용,여,29세,상해없음,승용,남,53세,경상
2017111700100072,2017년 11월 17일 05시,금요일,대전광역시 서구 갈마동,경상사고,0,0,2,0,차대차 - 측면충돌,신호위반,건조,맑음,교차로 - 교차로안,화물,남,59세,상해없음,승용,남,62세,경상
2017111700100073,2017년 11월 17일 05시,금요일,대전광역시 유성구 송강동,경상사고,0,0,1,0,차대차 - 측면충돌,신호위반,건조,맑음,교차로 - 교차로안,승용,여,41세,상해없음,승용,남,65세,경상
2017111700100098,2017년 11월 17일 06시,금요일,대전광역시 중구 유천동,경상사고,0,0,1,0,차대사람 - 보도통행중,기타,건조,맑음,단일로 - 기타,승용,남,38세,상해없음,보행자,남,34세,경상
2017111700100099,2017년 11월 17일 06시,금요일,대전광역시 중구 대흥동,경상사고,0,0,2,0,차대차 - 측면충돌,신호위반,건조,흐림,교차로 - 교차로안,승용,남,19세,상해없음,승용,남,59세,경상
2017111700100129,2017년 11월 17일 07시,금요일,대전광역시 대덕구 오정동,중상사고,0,1,0,0,차대차 - 측면충돌,신호위반,건조,맑음,교차로 - 교차로횡단보도내,승용,여,46세,상해없음,자전거,남,25세,중상
2017111700100168,2017년 11월 17일 08시,금요일,대전광역시 유성구 구암동,경상사고,0,0,1,0,차대차 - 측면충돌,안전운전불이행,건조,맑음,단일로 - 기타,승용,남,24세,상해없음,승용,여,29세,경상
2017111700100207,2017년 11월 17일 09시,금요일,대전광역시 중구 문화동,경상사고,0,0,6,0,차대차 - 기타,안전거리미확보,건조,맑음,단일로 - 기타,승용,여,29세,상해없음,승합,남,52세,상해없음
2017111700100208,2017년 11월 17일 09시,금요일,대전광역시 중구 유천동,경상사고,0,0,1,0,차대차 - 측면충돌,안전거리미확보,건조,맑음,교차로 - 교차로부근,승용,남,61세,상해없음,이륜,남,61세,경상
2017111700100236,2017년 11월 17일 10시,금요일,대전광역시 유성구 도룡동,경상사고,0,0,1,0,차대차 - 추돌,안전거리미확보,건조,맑음,단일로 - 기타,화물,남,28세,상해없음,승용,남,67세,경상
2017111700100270,2017년 11월 17일 11시,금요일,대전광역시 대덕구 신일동,경상사고,0,0,1,1,차대차 - 기타,직진우회전진행방해,건조,맑음,교차로 - 교차로안,승용,남,44세,부상신고,승용,남,47세,경상
2017111700100314,2017년 11월 17일 13시,금요일,대전광역시 동구 가양동,중상사고,0,1,0,0,차대차 - 기타,교차로운행방법위반,건조,맑음,교차로 - 교차로안,이륜,남,67세,중상,승용,남,68세,상해없음
2017111700100315,2017년 11월 17일 13시,금요일,대전광역시 유성구 관평동,경상사고,0,0,1,0,차대차 - 측면충돌,안전운전불이행,건조,맑음,단일로 - 기타,승용,남,66세,상해없음,승용,남,31세,경상
2017111700100341,2017년 11월 17일 14시,금요일,대전광역시 서구 둔산동,경상사고,0,0,1,0,차대차 - 기타,안전거리미확보,건조,맑음,단일로 - 기타,승용,여,74세,상해없음,승용,여,49세,경상
2017111700100522,2017년 11월 17일 18시,금요일,대전광역시 대덕구 상서동,중상사고,0,1,0,0,차대차 - 기타,안전운전불이행,젖음/습기,흐림,단일로 - 기타,승용,여,60세,상해없음,승용,남,32세,상해없음
2017111700100523,2017년 11월 17일 18시,금요일,대전광역시 유성구 도룡동,경상사고,0,0,1,0,차대사람 - 횡단중,신호위반,건조,맑음,교차로 - 교차로횡단보도내,기타불명,기타불명,미분류,기타불명,보행자,여,29세,경상
2017111700100586,2017년 11월 17일 19시,금요일,대전광역시 동구 소제동,경상사고,0,0,1,0,차대차 - 기타,안전거리미확보,건조,맑음,단일로 - 기타,기타불명,기타불명,미분류,기타불명,승합,남,57세,경상
2017111700100587,2017년 11월 17일 19시,금요일,대전광역시 서구 관저동,경상사고,0,0,1,1,차대차 - 측면충돌,교차로운행방법위반,젖음/습기,흐림,교차로 - 교차로안,승용,여,50세,상해없음,이륜,남,19세,경상
2017111700100588,2017년 11월 17일 19시,금요일,대전광역시 서구 도안동,경상사고,0,0,1,0,차대차 - 추돌,안전운전불이행,건조,맑음,교차로 - 교차로부근,승용,여,53세,상해없음,승용,여,43세,경상