사고번호,사고일시,요일,시군구,사고내용,사망자수,중상자수,경상자수,부상신고자수,사고유형,법규위반,노면상태,기상상태,도로형태,가해운전자 차종,가해운전자 성별,가해운전자 연령,가해운전자 상해정도,피해운전자 차종,피해운전자 성별,피해운전자 연령,피해운전자 상해정도
2017112200100552,2017년 11월 22일 18시,수요일,대전광역시 대덕구 비래동,중상사고,0,1,0,0,차대차 - 측면충돌,안전운전불이행,건조,맑음,교차로 - 교차로안,화물,남,62세,상해없음,원동기,남,45세,중상
2017112200100553,2017년 11월 22일 18시,수요일,대전광역시 서구 월평동,경상사고,0,0,2,0,차대차 - 추돌,안전거리미확보,건조,맑음,단일로 - 기타,승용,남,31세,상해없음,승용,여,43세,경상
2017112200100554,2017년 11월 22일 18시,수요일,대전광역시 서구 만년동,경상사고,0,0,1,0,차대차 - 측면충돌,신호위반,건조,맑음,교차로 - 교차로안,승용,여,30세,상해없음,승용,남,56세,경상
2017112200100600,2017년 11월 22일 19시,수요일,대전광역시 서구 월평동,경상사고,0,0,1,0,차대차 - 기타,안전거리미확보,건조,맑음,교차로 - 교차로안,이륜,남,21세,경상,승용,남,33세,상해없음
2017112200100630,2017년 11월 22일 20시,수요일,대전광역시 서구 정림동,경상사고,0,0,1,0,차대차 - 측면충돌,안전운전불이행,건조,맑음,단일로 - 기타,승용,여,54세,상해없음,승용,남,38세,경상
2017112200100631,2017년 11월 22일 20시,수요일,대전광역시 유성구 용산동,경상사고,0,0,2,0,차대차 - 기타,신호위반,건조,맑음,교차로 - 교차로안,승용,남,22세,상해없음,승용,남,47세,경상
2017112200100658,2017년 11월 22일 21시,수요일,대전광역시 중구 태평동,중상사고,0,1,0,0,차대사람 - 횡단중,보행자보호의무위반,건조,맑음,교차로 - 교차로횡단보도내,승용,여,22세,상해없음,보행자,여,45세,중상
2017112200100685,2017년 11월 22일 22시,수요일,대전광역시 유성구 봉명동,경상사고,0,0,1,0,차대차 - 기타,안전운전불이행,건조,맑음,교차로 - 교차로부근,승용,남,37세,기타불명,화물,남,36세,경상
2017112300100060,2017년 11월 23일 01시,목요일,대전광역시 중구 태평동,경상사고,0,0,1,0,차대차 - 측면충돌,신호위반,건조,맑음,교차로 - 교차로안,화물,남,41세,상해없음,승용,남,61세,경상
2017112300100061,2017년 11월 23일 01시,목요일,대전광역시 중구 문화동,경상사고,0,0,1,0,차대사람 - 길가장자리구역통행중,안전운전불이행,건조,맑음,단일로 - 기타,승용,남,47세,상해없음,보행자,남,30세,경상
2017112300100075,2017년 11월 23일 03시,목요일,대전광역시 대덕구 덕암동,중상사고,0,1,0,0,차대사람 - 기타,안전운전불이행,건조,맑음,기타 - 기타,화물,남,43세,상해없음,보행자,남,49세,중상
2017112300100140,2017년 11월 23일 07시,목요일,대전광역시 동구 삼성동,경상사고,0,0,2,0,차대차 - 추돌,안전운전불이행,건조,맑음,단일로 - 기타,승합,남,32세,상해없음,승용,여,46세,경상
2017112300100141,2017년 11월 23일 07시,목요일,대전광역시 서구 관저동,중상사고,0,1,0,0,차대차 - 측면충돌,신호위반,건조,맑음,교차로 - 교차로안,화물,남,57세,상해없음,승용,여,37세,중상
2017112300100254,2017년 11월 23일 10시,목요일,대전광역시 중구 대사동,중상사고,0,1,0,0,차대사람 - 보도통행중,보행자보호의무위반,젖음/습기,눈,교차로 - 교차로안,화물,여,55세,상해없음,보행자,여,61세,중상
2017112300100281,2017년 11월 23일 11시,목요일,대전광역시 서구 도마동,중상사고,0,1,0,0,차대사람 - 횡단중,안전운전불이행,건조,맑음,기타 - 기타,승용,여,48세,상해없음,보행자,여,87세,중상
2017112300100282,2017년 11월 23일 11시,목요일,대전광역시 서구 월평동,경상사고,0,0,1,0,차대사람 - 기타,안전운전불이행,젖음/습기,눈,단일로 - 기타,승용,여,44세,상해없음,보행자,남,65세,경상
2017112300100309,2017년 11월 23일 12시,목요일,대전광역시 동구 정동,경상사고,0,0,1,0,차대차 - 측면충돌,신호위반,건조,맑음,단일로 - 기타,승용,여,51세,상해없음,원동기,남,55세,경상
2017112300100339,2017년 11월 23일 13시,목요일,대전광역시 동구 용운동,사망사고,1,0,0,0,차대사람 - 보도통행중,안전운전불이행,젖음/습기,맑음,교차로 - 교차로안,화물,남,63세,상해없음,보행자,여,81세,사망
2017112300100340,2017년 11월 23일 13시,목요일,대전광역시 유성구 문지동,경상사고,0,0,1,0,차대차 - 정면충돌,안전운전불이행,건조,맑음,교차로 - 교차로안,승용,여,30세,기타불명,승용,남,49세,경상
2017112300100370,2017년 11월 23일 14시,목요일,대전광역시 중구 대흥동,중상사고,0,1,0,0,차대차 - 측면충돌,직진우회전진행방해,건조,맑음,교차로 - 교차로안,승용,남,50세,상해없음,원동기,여,54세,중상
2017112300100371,2017년 11월 23일 14시,목요일,대전광역시 중구 오류동,경상사고,0,0,1,0,차대차 - 추돌,안전운전불이행,건조,맑음,교차로 - 교차로안,승용,남,64세,상해없음,승용,남,37세,경상
2017112300100401,2017년 11월 23일 15시,목요일,대전광역시 서구 탄방동,경상사고,0,0,1,0,차대차 - 기타,신호위반,건조,맑음,교차로 - 교차로횡단보도내,화물,남,33세,상해없음,자전거,남,75세,경상
2017112300100441,2017년 11월 23일 16시,목요일,대전광역시 중구 오류동,경상사고,0,0,1,0,차대차 - 측면충돌,신호위반,건조,맑음,교차로 - 교차로횡단보도내,승용,여,79세,상해없음,자전거,여,49세,경상
2017112300100442,2017년 11월 23일 16시,목요일,대전광역시 서구 정림동,경상사고,0,0,1,0,차대사람 - 횡단중,보행자보호의무위반,건조,맑음,단일로 - 기타,승용,여,32세,상해없음,보행자,여,45세,경상
2017112300100443,2017년 11월 23일 16시,목요일,대전광역시 서구 갈마동,중상사고,0,1,0,0,차대사람 - 기타,안전운전불이행,건조,맑음,기타 - 기타,승용,남,54세,상해없음,보행자,여,65세,중상
2017112300100444,2017년 11월 23일 16시,목요일,대전광역시 서구 탄방동,경상사고,0,0,2,0,차대차 - 추돌,안전운전불이행,건조,맑음,교차로 - 교차로부근,승합,남,64세,상해없음,승용,여,34세,경상
2017112300100445,2017년 11월 23일 16시,목요일,대전광역시 유성구 장대동,중상사고,0,1,0,0,차대차 - 측면충돌,안전운전불이행,건조,맑음,교차로 - 교차로안,승용,남,68세,상해없음,자전거,남,13세,중상
2017112300100488,2017년 11월 23일 17시,목요일,대전광역시 유성구 노은동,중상사고,0,1,0,0,차대사람 - 횡단중,안전운전불이행,건조,맑음,교차로 - 교차로부근,승용,여,52세,상해없음,보행자,여,10세,중상
2017112300100541,2017년 11월 23일 18시,목요일,대전광역시 동구 삼성동,경상사고,0,0,1,0,차대차 - 측면충돌,안전거리미확보,건조,맑음,단일로 - 기타,승용,남,60세,상해없음,승용,여,26세,경상
2017112300100542,2017년 11월 23일 18시,목요일,대전광역시 서구 도마동,경상사고,0,0,1,0,차대차 - 측면충돌,안전운전불이행,건조,맑음,교차로 - 교차로안,승용,남,53세,상해없음,승용,여,36세,경상
2017112300100581,2017년 11월 23일 19시,목요일,대전광역시 서구 관저동,경상사고,0,0,1,0,차대사람 - 기타,안전운전불이행,건조,맑음,단일로 - 기타,승합,여,29세,상해없음,보행자,남,66세,경상
2017112300100582,2017년 11월 23일 19시,목요일,대전광역시 서구 가수원동,경상사고,0,0,3,0,차대차 - 추돌,안전운전불이행,건조,맑음,단일로 - 기타,승용,여,64세,상해없음,승용,여,36세,경상
2017112300100583,2017년 11월 23일 19시,목요일,대전광역시 유성구 전민동,경상사고,0,0,1,0,차대차 - 기타,안전거리미확보,건조,맑음,교차로 - 교차로부근,승용,남,53세,상해없음,원동기,남,17세,경상
2017112300100625,2017년 11월 23일 21시,목요일,대전광역시 유성구 봉명동,경상사고,0,0,1,0,차대차 - 측면충돌,안전운전불이행,건조,흐림,단일로 - 기타,이륜,남,47세,경상,승용,남,40세,상해없음
2017112300100645,2017년 11월 23일 22시,목요일,대전광역시 유성구 장대동,경상사고,0,0,1,0,차대차 - 기타,안전거리미확보,건조,맑음,단일로 - 기타,승용,남,25세,상해없음,승합,남,59세,경상
2017112400100078,2017년 11월 24일 01시,금요일,대전광역시 유성구 자운동,경상사고,0,0,1,0,차대차 - 기타,안전운전불이행,건조,맑음,교차로 - 교차로부근,승용,남,43세,상해없음,원동기,남,27세,경상
2017112400100091,2017년 11월 24일 02시,금요일,대전광역시 유성구 봉명동,경상사고,0,0,2,0,차대차 - 추돌,안전거리미확보,적설,눈,단일로 - 교량,승용,남,26세,상해없음,승용,남,62세,경상
2017112400100092,2017년 11월 24일 02시,금요일,대전광역시 유성구 궁동,경상사고,0,0,1,0,차대차 - 기타,안전거리미확보,적설,눈,단일로 - 기타,승용,남,34세,상해없음,이륜,남,60세,경상
2017112400100114,2017년 11월 24일 04시,금요일,대전광역시 서구 갈마동,경상사고,0,0,2,0,차대차 - 측면충돌,신호위반,젖음/습기,눈,교차로 - 교차로안,승용,남,65세,상해없음,승용,남,54세,경상
2017112400100157,2017년 11월 24일 06시,금요일,대전광역시 동구 가양동,중상사고,0,1,0,0,차대차 - 측면충돌,안전운전불이행,건조,맑음,교차로 - 교차로횡단보도내,화물,남,45세,상해없음,자전거,남,76세,중상
2017112400100158,2017년 11월 24일 06시,금요일,대전광역시 서구 용문동,중상사고,0,1,0,0,차대사람 - 횡단중,신호위반,젖음/습기,비,교차로 - 교차로횡단보도내,승용,남,57세,상해없음,보행자,여,41세,중상
2017112400100159,2017년 11월 24일 06시,금요일,대전광역시 대덕구 상서동,중상사고,0,1,1,0,차대차 - 측면충돌,안전거리미확보,젖음/습기,흐림,단일로 - 기타,화물,남,58세,상해없음,승용,남,55세,중상
2017112400100199,2017년 11월 24일 07시,금요일,대전광역시 서구 갈마동,경상사고,0,0,2,0,차대차 - 추돌,안전운전불이행,젖음/습기,눈,단일로 - 기타,승용,남,35세,상해없음,승용,남,74세,경상
2017112400100246,2017년 11월 24일 08시,금요일,대전광역시 서구 둔산동,경상사고,0,0,1,0,차대사람 - 횡단중,안전운전불이행,젖음/습기,눈,교차로 - 교차로안,승용,남,33세,상해없음,보행자,여,36세,경상
2017112400100306,2017년 11월 24일 10시,금요일,대전광역시 중구 대흥동,경상사고,0,0,1,0,차량단독 - 기타,기타,적설,맑음,단일로 - 기타,승합,남,58세,상해없음,,,,
2017112400100307,2017년 11월 24일 10시,금요일,대전광역시 서구 둔산동,중상사고,0,1,0,0,차대차 - 기타,안전거리미확보,건조,맑음,단일로 - 기타,승용,남,52세,상해없음,승용,여,41세,중상
2017112400100334,2017년 11월 24일 11시,금요일,대전광역시 유성구 관평동,경상사고,0,0,1,0,차대차 - 측면충돌,안전운전불이행,건조,맑음,단일로 - 기타,승용,여,59세,상해없음,승용,남,47세,경상
2017112400100363,2017년 11월 24일 12시,금요일,대전광역시 서구 둔산동,경상사고,0,0,1,0,차대사람 - 횡단중,안전운전불이행,젖음/습기,눈,교차로 - 교차로부근,화물,남,48세,상해없음,보행자,여,57세,경상
2017112400100408,2017년 11월 24일 13시,금요일,대전광역시 중구 중촌동,경상사고,0,0,1,0,차대사람 - 차도통행중,안전운전불이행,젖음/습기,흐림,단일로 - 기타,승용,여,32세,상해없음,보행자,남,15세,경상
2017112400100409,2017년 11월 24일 13시,금요일,대전광역시 대덕구 법동,중상사고,0,1,0,0,차대사람 - 횡단중,보행자보호의무위반,건조,맑음,교차로 - 교차로안,승용,여,47세,상해없음,보행자,여,72세,중상
2017112400100445,2017년 11월 24일 14시,금요일,대전광역시 유성구 봉명동,경상사고,0,0,1,0,차대차 - 측면충돌,안전운전불이행,젖음/습기,흐림,단일로 - 기타,자전거,남,61세,경상,승용,여,40세,상해없음
2017112400100526,2017년 11월 24일 16시,금요일,대전광역시 동구 대동,경상사고,0,0,1,0,차대차 - 측면충돌,안전운전불이행,젖음/습기,흐림,단일로 - 기타,승합,남,45세,상해없음,자전거,여,76세,경상
2017112400100577,2017년 11월 24일 17시,금요일,대전광역시 중구 대흥동,경상사고,0,0,1,0,차량단독 - 기타,안전운전불이행,건조,맑음,교차로 - 교차로부근,승용,남,53세,상해없음,,,,
2017112400100641,2017년 11월 24일 18시,금요일,대전광역시 중구 오류동,경상사고,0,0,1,0,차대차 - 측면충돌,안전거리미확보,건조,맑음,단일로 - 기타,승용,남,57세,상해없음,승용,여,41세,경상
2017112400100642,2017년 11월 24일 18시,금요일,대전광역시 동구 신흥동,경상사고,0,0,3,0,차대차 - 추돌,안전운전불이행,건조,맑음,단일로 - 기타,승용,남,54세,상해없음,승용,남,34세,경상
2017112400100728,2017년 11월 24일 20시,금요일,대전광역시 중구 대흥동,경상사고,0,0,1,0,차대차 - 측면충돌,신호위반,건조,맑음,교차로 - 교차로안,승용,남,60세,상해없음,승용,여,49세,경상
2017112400100752,2017년 11월 24일 21시,금요일,대전광역시 유성구 궁동,경상사고,0,0,1,0,차대사람 - 기타,안전운전불이행,건조,맑음,단일로 - 기타,승용,남,24세,상해없음,보행자,남,27세,경상
2017112400100782,2017년 11월 24일 22시,금요일,대전광역시 유성구 봉명동,중상사고,0,2,1,0,차대사람 - 기타,기타,건조,맑음,교차로 - 교차로부근,승용,남,40세,기타불명,보행자,여,21세,경상
2017112400100807,2017년 11월 24일 23시,금요일,대전광역시 서구 둔산동,경상사고,0,0,1,0,차대사람 - 기타,안전운전불이행,건조,맑음,단일로 - 기타,승용,남,27세,상해없음,보행자,남,24세,경상
2017112400100808,2017년 11월 24일 23시,금요일,대전광역시 서구 갈마동,경상사고,0,0,1,0,차대차 - 기타,안전운전불이행,건조,맑음,교차로 - 교차로부근,승용,여,53세,상해없음,승용,남,37세,경상
2017112500100077,2017년 11월 25일 01시,토요일,대전광역시 유성구 지족동,중상사고,0,2,0,0,차대차 - 정면충돌,신호위반,건조,맑음,교차로 - 교차로안,승합,남,38세,상해없음,승용,남,43세,중상
2017112500100278,2017년 11월 25일 11시,토요일,대전광역시 동구 원동,경상사고,0,0,2,0,차대차 - 추돌,안전운전불이행,건조,맑음,단일로 - 기타,승용,남,43세,상해없음,승용,여,56세,경상
2017112500100343,2017년 11월 25일 13시,토요일,대전광역시 동구 성남동,경상사고,0,0,1,0,차대차 - 추돌,안전거리미확보,건조,맑음,단일로 - 기타,승용,남,68세,상해없음,화물,여,51세,경상
2017112500100344,2017년 11월 25일 13시,토요일,대전광역시 유성구 봉명동,경상사고,0,0,2,0,차대차 - 측면충돌,교차로운행방법위반,건조,맑음,교차로 - 교차로안,승용,남,33세,상해없음,승용,남,31세,경상
2017112500100374,2017년 11월 25일 14시,토요일,대전광역시 유성구 학하동,경상사고,0,0,1,0,차대차 - 기타,중앙선침범,건조,맑음,교차로 - 교차로부근,승용,남,55세,상해없음,승용,남,32세,경상
2017112500100432,2017년 11월 25일 16시,토요일,대전광역시 중구 대흥동,경상사고,0,0,1,0,차대차 - 추돌,안전운전불이행,건조,맑음,단일로 - 기타,승용,남,57세,상해없음,승용,여,55세,경상
2017112500100433,2017년 11월 25일 16시,토요일,대전광역시 유성구 장대동,경상사고,0,0,3,0,차대차 - 추돌,안전운전불이행,건조,맑음,단일로 - 기타,승용,남,56세,상해없음,승용,여,56세,경상
2017112500100479,2017년 11월 25일 17시,토요일,대전광역시 동구 가양동,중상사고,0,1,1,0,차대차 - 측면충돌,중앙선침범,건조,맑음,단일로 - 기타,원동기,남,58세,중상,승용,남,31세,경상
2017112500100548,2017년 11월 25일 18시,토요일,대전광역시 유성구 도룡동,경상사고,0,0,1,0,차대차 - 측면충돌,안전운전불이행,건조,맑음,교차로 - 교차로안,승용,남,59세,기타불명,승용,남,54세,경상
2017112500100633,2017년 11월 25일 20시,토요일,대전광역시 동구 낭월동,경상사고,0,0,1,0,차대사람 - 횡단중,안전운전불이행,건조,흐림,교차로 - 교차로부근,승용,여,52세,상해없음,보행자,남,55세,경상
2017112500100656,2017년 11월 25일 21시,토요일,대전광역시 서구 둔산동,경상사고,0,0,1,0,차대차 - 기타,교차로운행방법위반,건조,맑음,교차로 - 교차로안,승용,남,42세,상해없음,승용,남,47세,상해없음
2017112500100683,2017년 11월 25일 22시,토요일,대전광역시 대덕구 송촌동,경상사고,0,0,1,0,차대차 - 기타,안전운전불이행,건조,맑음,교차로 - 교차로부근,승용,남,55세,상해없음,승합,남,49세,경상
2017112500100697,2017년 11월 25일 23시,토요일,대전광역시 서구 도안동,중상사고,0,1,0,0,차대차 - 측면충돌,안전거리미확보,건조,맑음,교차로 - 교차로부근,승용,남,63세,상해없음,이륜,남,33세,중상
2017112600100045,2017년 11월 26일 01시,일요일,대전광역시 중구 산성동,경상사고,0,0,1,0,차대차 - 측면충돌,중앙선침범,건조,맑음,단일로 - 기타,이륜,남,50세,상해없음,승용,남,56세,경상
2017112600100081,2017년 11월 26일 04시,일요일,대전광역시 중구 목동,중상사고,0,1,0,0,차대사람 - 횡단중,안전운전불이행,젖음/습기,비,단일로 - 기타,승용,남,44세,상해없음,보행자,여,43세,중상
2017112600100120,2017년 11월 26일 08시,일요일,대전광역시 동구 대성동,경상사고,0,0,1,0,차대차 - 추돌,안전운전불이행,젖음/습기,비,단일로 - 기타,승합,남,45세,상해없음,승용,여,65세,경상
2017112600100121,2017년 11월 26일 08시,일요일,대전광역시 서구 둔산동,중상사고,0,1,2,0,차대차 - 측면충돌,신호위반,건조,흐림,교차로 - 교차로안,승용,남,59세,경상,승용,남,63세,경상
2017112600100135,2017년 11월 26일 09시,일요일,대전광역시 서구 월평동,경상사고,0,0,1,0,차대차 - 추돌,안전운전불이행,젖음/습기,흐림,교차로 - 교차로안,승용,남,41세,상해없음,승용,남,58세,경상
2017112600100151,2017년 11월 26일 10시,일요일,대전광역시 유성구 신성동,중상사고,0,1,1,0,차대차 - 추돌,안전거리미확보,건조,맑음,교차로 - 교차로부근,승용,남,57세,상해없음,승용,여,46세,중상
2017112600100152,2017년 11월 26일 10시,일요일,대전광역시 서구 도안동,경상사고,0,0,2,0,차대차 - 추돌,안전운전불이행,건조,맑음,단일로 - 기타,승용,남,83세,기타불명,승용,남,28세,경상
2017112600100186,2017년 11월 26일 12시,일요일,대전광역시 서구 둔산동,경상사고,0,0,2,0,차대차 - 측면충돌,기타,건조,맑음,교차로 - 교차로안,승용,남,30세,상해없음,승용,남,25세,경상
2017112600100187,2017년 11월 26일 12시,일요일,대전광역시 유성구 둔곡동,중상사고,0,2,0,0,차대차 - 기타,중앙선침범,건조,맑음,단일로 - 기타,화물,여,58세,상해없음,승용,여,31세,중상
2017112600100188,2017년 11월 26일 12시,일요일,대전광역시 유성구 학하동,중상사고,0,3,2,1,차량단독 - 공작물충돌,안전운전불이행,건조,맑음,단일로 - 기타,승합,남,49세,상해없음,,,,
2017112600100237,2017년 11월 26일 14시,일요일,대전광역시 동구 삼괴동,사망사고,1,0,0,0,차대사람 - 횡단중,안전운전불이행,건조,맑음,단일로 - 기타,승용,여,42세,상해없음,보행자,남,77세,사망
2017112600100259,2017년 11월 26일 15시,일요일,대전광역시 유성구 관평동,경상사고,0,0,1,0,차대차 - 측면충돌,안전운전불이행,건조,맑음,교차로 - 교차로횡단보도내,승용,남,32세,상해없음,자전거,남,12세,경상
2017112600100300,2017년 11월 26일 16시,일요일,대전광역시 중구 선화동,경상사고,0,0,6,0,차대차 - 측면충돌,교차로운행방법위반,건조,맑음,교차로 - 교차로안,승용,남,59세,경상,승용,남,25세,경상
2017112600100301,2017년 11월 26일 16시,일요일,대전광역시 서구 둔산동,경상사고,0,0,3,0,차대차 - 측면충돌,안전운전불이행,건조,맑음,단일로 - 기타,이륜,남,49세,상해없음,승용,남,22세,경상
2017112600100302,2017년 11월 26일 16시,일요일,대전광역시 유성구 전민동,중상사고,0,1,0,0,차대사람 - 횡단중,보행자보호의무위반,건조,맑음,교차로 - 교차로횡단보도내,승용,남,42세,기타불명,보행자,여,87세,중상
2017112600100335,2017년 11월 26일 17시,일요일,대전광역시 동구 가오동,경상사고,0,0,2,0,차대차 - 추돌,안전운전불이행,건조,맑음,단일로 - 기타,승용,남,60세,상해없음,승용,남,54세,상해없음
2017112600100376,2017년 11월 26일 18시,일요일,대전광역시 동구 자양동,경상사고,0,0,1,0,차대사람 - 횡단중,안전운전불이행,건조,맑음,교차로 - 교차로안,승용,남,26세,상해없음,보행자,남,65세,경상
2017112600100411,2017년 11월 26일 19시,일요일,대전광역시 유성구 신성동,경상사고,0,0,3,0,차대차 - 기타,신호위반,건조,맑음,교차로 - 교차로안,승용,남,65세,상해없음,승용,남,30세,경상
2017112600100434,2017년 11월 26일 20시,일요일,대전광역시 유성구 계산동,경상사고,0,0,1,0,차대차 - 기타,안전운전불이행,건조,맑음,단일로 - 기타,승용,남,66세,상해없음,승용,남,26세,경상
2017112600100471,2017년 11월 26일 22시,일요일,대전광역시 유성구 구암동,경상사고,0,0,2,0,차대차 - 기타,신호위반,건조,맑음,교차로 - 교차로안,승용,남,25세,기타불명,승용,남,30세,경상
2017112700100028,2017년 11월 27일 00시,월요일,대전광역시 동구 용전동,중상사고,0,1,0,0,차대사람 - 횡단중,안전운전불이행,건조,맑음,단일로 - 기타,원동기,남,19세,상해없음,보행자,남,27세,중상
2017112700100029,2017년 11월 27일 00시,월요일,대전광역시 서구 둔산동,경상사고,0,0,2,0,차대차 - 후진중충돌,안전운전불이행,건조,맑음,단일로 - 기타,승용,남,26세,상해없음,승용,여,26세,경상
2017112700100108,2017년 11월 27일 07시,월요일,대전광역시 중구 옥계동,중상사고,0,1,0,0,차대차 - 기타,안전거리미확보,건조,맑음,단일로 - 기타,승용,남,52세,상해없음,승합,남,54세,상해없음
2017112700100109,2017년 11월 27일 07시,월요일,대전광역시 동구 효동,경상사고,0,0,2,0,차대차 - 측면충돌,안전거리미확보,건조,맑음,단일로 - 기타,화물,남,57세,상해없음,승용,여,49세,경상
2017112700100110,2017년 11월 27일 07시,월요일,대전광역시 서구 가수원동,경상사고,0,0,1,0,차대사람 - 기타,안전운전불이행,건조,맑음,교차로 - 교차로안,승용,남,37세,상해없음,보행자,여,77세,경상
2017112700100111,2017년 11월 27일 07시,월요일,대전광역시 대덕구 오정동,경상사고,0,0,1,0,차대차 - 기타,안전운전불이행,건조,맑음,교차로 - 교차로안,승용,남,42세,상해없음,이륜,남,27세,경상
2017112700100112,2017년 11월 27일 07시,월요일,대전광역시 서구 관저동,경상사고,0,0,3,0,차대차 - 기타,안전운전불이행,건조,맑음,단일로 - 기타,승용,남,67세,상해없음,승용,여,33세,경상
2017112700100155,2017년 11월 27일 08시,월요일,대전광역시 동구 판암동,경상사고,0,0,2,0,차대차 - 측면충돌,안전운전불이행,건조,맑음,교차로 - 교차로안,승용,남,56세,상해없음,승용,여,60세,경상
2017112700100156,2017년 11월 27일 08시,월요일,대전광역시 유성구 금고동,경상사고,0,0,1,0,차량단독 - 기타,기타,건조,맑음,단일로 - 기타,승합,남,67세,상해없음,,,,
2017112700100193,2017년 11월 27일 09시,월요일,대전광역시 중구 옥계동,중상사고,0,1,0,0,차대사람 - 보도통행중,기타,건조,맑음,단일로 - 기타,승용,여,38세,상해없음,보행자,여,67세,중상
2017112700100194,2017년 11월 27일 09시,월요일,대전광역시 서구 탄방동,중상사고,0,1,0,0,차대차 - 측면충돌,안전거리미확보,건조,맑음,단일로 - 기타,기타불명,기타불명,미분류,기타불명,이륜,남,20세,중상
2017112700100257,2017년 11월 27일 12시,월요일,대전광역시 서구 도마동,중상사고,0,2,0,0,차대차 - 추돌,안전운전불이행,건조,맑음,단일로 - 기타,화물,남,45세,상해없음,승용,남,75세,중상
2017112700100258,2017년 11월 27일 12시,월요일,대전광역시 서구 탄방동,경상사고,0,0,1,0,차대사람 - 길가장자리구역통행중,보행자보호의무위반,건조,맑음,단일로 - 기타,승용,남,30세,상해없음,보행자,남,30세,경상
2017112700100290,2017년 11월 27일 13시,월요일,대전광역시 중구 태평동,경상사고,0,0,1,0,차대차 - 측면충돌,안전운전불이행,건조,맑음,교차로 - 교차로횡단보도내,승용,여,42세,상해없음,원동기,남,30세,경상
2017112700100316,2017년 11월 27일 14시,월요일,대전광역시 대덕구 오정동,경상사고,0,0,2,0,차대차 - 측면충돌,안전거리미확보,건조,맑음,단일로 - 기타,승용,남,44세,상해없음,승용,남,30세,경상
2017112700100317,2017년 11월 27일 14시,월요일,대전광역시 유성구 어은동,경상사고,0,0,1,0,차대차 - 기타,안전운전불이행,건조,맑음,교차로 - 교차로안,승용,남,58세,상해없음,이륜,남,37세,경상
2017112700100351,2017년 11월 27일 15시,월요일,대전광역시 서구 둔산동,경상사고,0,0,3,0,차대차 - 기타,교차로운행방법위반,건조,맑음,교차로 - 교차로안,승용,남,75세,경상,승용,남,68세,경상
2017112700100388,2017년 11월 27일 16시,월요일,대전광역시 대덕구 목상동,경상사고,0,0,1,0,차대차 - 측면충돌,신호위반,건조,맑음,단일로 - 기타,승용,남,70세,상해없음,원동기,남,56세,경상
2017112700100389,2017년 11월 27일 16시,월요일,대전광역시 유성구 노은동,경상사고,0,0,3,0,차대차 - 기타,안전운전불이행,건조,맑음,단일로 - 기타,화물,남,38세,상해없음,승용,남,24세,경상
2017112700100438,2017년 11월 27일 17시,월요일,대전광역시 유성구 덕명동,중상사고,0,1,1,0,차대차 - 추돌,안전거리미확보,건조,맑음,교차로 - 교차로부근,승용,여,27세,상해없음,화물,남,70세,경상
2017112700100439,2017년 11월 27일 17시,월요일,대전광역시 유성구 봉명동,중상사고,0,1,1,0,차대차 - 측면충돌,신호위반,건조,맑음,교차로 - 교차로안,이륜,남,31세,중상,승합,남,40세,경상
2017112700100492,2017년 11월 27일 18시,월요일,대전광역시 중구 유천동,경상사고,0,0,1,0,차대차 - 정면충돌,신호위반,건조,맑음,교차로 - 교차로안,화물,남,60세,상해없음,승용,남,61세,경상
2017112700100493,2017년 11월 27일 18시,월요일,대전광역시 유성구 장대동,경상사고,0,0,1,0,차대차 - 측면충돌,신호위반,건조,맑음,교차로 - 교차로안,화물,남,40세,상해없음,승용,남,67세,경상
2017112700100554,2017년 11월 27일 20시,월요일,대전광역시 유성구 신성동,경상사고,0,0,1,0,차대차 - 측면충돌,신호위반,건조,맑음,교차로 - 교차로횡단보도내,승용,남,65세,상해없음,자전거,남,25세,경상
2017112700100604,2017년 11월 27일 22시,월요일,대전광역시 동구 대동,중상사고,0,1,0,0,차대차 - 측면충돌,안전운전불이행,건조,맑음,단일로 - 기타,승용,남,29세,상해없음,이륜,남,24세,중상
2017112700100605,2017년 11월 27일 22시,월요일,대전광역시 대덕구 중리동,경상사고,0,0,1,0,차대차 - 기타,교차로운행방법위반,젖음/습기,흐림,교차로 - 교차로안,승용,남,53세,상해없음,승용,남,44세,경상
2017112700100620,2017년 11월 27일 23시,월요일,대전광역시 유성구 궁동,경상사고,0,0,3,0,차대차 - 측면충돌,안전운전불이행,건조,맑음,단일로 - 기타,승용,남,36세,상해없음,승용,남,50세,경상
2017112800100050,2017년 11월 28일 00시,화요일,대전광역시 서구 가수원동,경상사고,0,0,1,0,차대차 - 측면충돌,교차로운행방법위반,건조,맑음,교차로 - 교차로안,승용,남,58세,상해없음,자전거,남,22세,경상
2017112800100060,2017년 11월 28일 01시,화요일,대전광역시 서구 가장동,경상사고,0,0,1,0,차대차 - 측면충돌,신호위반,건조,맑음,교차로 - 교차로안,승용,남,52세,상해없음,승용,남,33세,경상
2017112800100109,2017년 11월 28일 06시,화요일,대전광역시 유성구 전민동,경상사고,0,0,2,0,차대차 - 측면충돌,신호위반,건조,맑음,교차로 - 교차로안,승용,남,65세,상해없음,승용,여,31세,경상