사고번호,사고일시,요일,시군구,사고내용,사망자수,중상자수,경상자수,부상신고자수,사고유형,법규위반,노면상태,기상상태,도로형태,가해운전자 차종,가해운전자 성별,가해운전자 연령,가해운전자 상해정도,피해운전자 차종,피해운전자 성별,피해운전자 연령,피해운전자 상해정도
2017112800100241,2017년 11월 28일 11시,화요일,대전광역시 대덕구 중리동,경상사고,0,0,1,0,차대차 - 기타,안전운전불이행,건조,맑음,단일로 - 기타,승용,여,58세,상해없음,승용,남,66세,경상
2017112800100262,2017년 11월 28일 12시,화요일,대전광역시 중구 대흥동,중상사고,0,1,0,0,차대차 - 측면충돌,안전운전불이행,건조,맑음,교차로 - 교차로횡단보도내,승합,남,75세,상해없음,이륜,남,38세,중상
2017112800100263,2017년 11월 28일 12시,화요일,대전광역시 서구 둔산동,경상사고,0,0,1,1,차대차 - 기타,안전운전불이행,건조,맑음,교차로 - 교차로안,승용,여,39세,부상신고,승용,남,37세,경상
2017112800100279,2017년 11월 28일 13시,화요일,대전광역시 유성구 자운동,중상사고,0,3,0,0,차대차 - 추돌,안전운전불이행,건조,맑음,단일로 - 기타,화물,남,35세,상해없음,승용,여,26세,중상
2017112800100313,2017년 11월 28일 14시,화요일,대전광역시 서구 도마동,경상사고,0,0,2,0,차대차 - 측면충돌,안전거리미확보,건조,맑음,단일로 - 기타,승용,남,67세,상해없음,승용,남,37세,경상
2017112800100346,2017년 11월 28일 15시,화요일,대전광역시 서구 복수동,경상사고,0,0,2,0,차대차 - 측면충돌,신호위반,건조,맑음,교차로 - 교차로안,승용,여,36세,상해없음,승용,남,49세,경상
2017112800100376,2017년 11월 28일 16시,화요일,대전광역시 중구 사정동,경상사고,0,0,1,0,차대차 - 측면충돌,안전운전불이행,건조,맑음,교차로 - 교차로안,화물,남,46세,상해없음,승용,여,33세,경상
2017112800100416,2017년 11월 28일 17시,화요일,대전광역시 유성구 구암동,중상사고,0,1,0,0,차대차 - 기타,신호위반,건조,맑음,단일로 - 기타,승용,남,62세,상해없음,이륜,남,31세,중상
2017112800100467,2017년 11월 28일 18시,화요일,대전광역시 중구 산성동,경상사고,0,0,1,0,차대차 - 후진중충돌,안전운전불이행,건조,맑음,단일로 - 기타,승용,여,48세,상해없음,승용,남,38세,경상
2017112800100468,2017년 11월 28일 18시,화요일,대전광역시 대덕구 평촌동,경상사고,0,0,1,0,차대차 - 측면충돌,안전거리미확보,건조,맑음,단일로 - 기타,승용,남,31세,상해없음,승용,남,74세,상해없음
2017112800100469,2017년 11월 28일 18시,화요일,대전광역시 유성구 지족동,경상사고,0,0,1,0,차대차 - 기타,안전운전불이행,건조,맑음,단일로 - 기타,승용,여,33세,상해없음,승용,남,25세,경상
2017112800100574,2017년 11월 28일 22시,화요일,대전광역시 대덕구 오정동,경상사고,0,0,1,0,차대차 - 추돌,교차로운행방법위반,젖음/습기,흐림,교차로 - 교차로안,승용,남,47세,기타불명,승용,남,62세,경상
2017112800100575,2017년 11월 28일 22시,화요일,대전광역시 서구 갈마동,경상사고,0,0,1,0,차대차 - 측면충돌,안전운전불이행,건조,맑음,단일로 - 기타,승용,남,53세,상해없음,자전거,남,13세,경상
2017112800100576,2017년 11월 28일 22시,화요일,대전광역시 유성구 용산동,경상사고,0,0,1,0,차대차 - 기타,안전운전불이행,건조,맑음,단일로 - 기타,승용,남,36세,상해없음,승용,여,58세,경상
2017112800100577,2017년 11월 28일 22시,화요일,대전광역시 유성구 하기동,중상사고,0,2,0,0,차대차 - 추돌,안전운전불이행,건조,맑음,교차로 - 교차로부근,승용,여,35세,상해없음,승용,남,59세,중상
2017112900100027,2017년 11월 29일 00시,수요일,대전광역시 유성구 상대동,경상사고,0,0,2,0,차대차 - 추돌,안전운전불이행,건조,맑음,단일로 - 기타,승용,여,48세,상해없음,승용,남,65세,경상
2017112900100043,2017년 11월 29일 01시,수요일,대전광역시 유성구 방동,경상사고,0,0,1,0,차대차 - 측면충돌,중앙선침범,건조,맑음,단일로 - 기타,승용,남,43세,상해없음,승용,남,22세,경상
2017112900100063,2017년 11월 29일 05시,수요일,대전광역시 중구 태평동,경상사고,0,0,1,0,차대차 - 측면충돌,안전운전불이행,건조,맑음,단일로 - 기타,승용,남,55세,상해없음,자전거,남,70세,경상
2017112900100139,2017년 11월 29일 08시,수요일,대전광역시 동구 가양동,경상사고,0,0,1,0,차대차 - 측면충돌,신호위반,건조,맑음,교차로 - 교차로안,화물,남,60세,상해없음,원동기,남,25세,경상
2017112900100140,2017년 11월 29일 08시,수요일,대전광역시 동구 신흥동,경상사고,0,0,1,0,차대차 - 정면충돌,신호위반,건조,맑음,교차로 - 교차로안,승용,남,59세,상해없음,승용,여,52세,경상
2017112900100141,2017년 11월 29일 08시,수요일,대전광역시 동구 판암동,중상사고,0,1,0,0,차대사람 - 횡단중,보행자보호의무위반,서리/결빙,흐림,단일로 - 기타,승용,여,40세,상해없음,보행자,여,78세,중상
2017112900100142,2017년 11월 29일 08시,수요일,대전광역시 대덕구 신일동,경상사고,0,0,1,0,차대차 - 기타,안전거리미확보,건조,맑음,교차로 - 교차로안,승용,남,40세,상해없음,승용,남,35세,경상
2017112900100205,2017년 11월 29일 10시,수요일,대전광역시 중구 문창동,경상사고,0,0,1,0,차대차 - 추돌,안전거리미확보,건조,맑음,단일로 - 기타,승용,여,54세,상해없음,승용,남,52세,경상
2017112900100243,2017년 11월 29일 11시,수요일,대전광역시 서구 갈마동,중상사고,0,1,1,1,차대차 - 기타,안전거리미확보,건조,맑음,단일로 - 기타,승용,남,44세,상해없음,승용,여,42세,중상
2017112900100244,2017년 11월 29일 11시,수요일,대전광역시 서구 둔산동,경상사고,0,0,3,0,차대차 - 측면충돌,신호위반,건조,맑음,교차로 - 교차로안,승합,여,47세,상해없음,승용,여,39세,경상
2017112900100270,2017년 11월 29일 12시,수요일,대전광역시 중구 대흥동,경상사고,0,0,1,0,차대차 - 측면충돌,안전운전불이행,건조,맑음,교차로 - 교차로안,승용,남,74세,상해없음,이륜,남,80세,경상
2017112900100271,2017년 11월 29일 12시,수요일,대전광역시 유성구 봉명동,경상사고,0,0,1,0,차대차 - 측면충돌,교차로운행방법위반,건조,맑음,교차로 - 교차로안,승합,남,56세,상해없음,승용,남,25세,경상
2017112900100322,2017년 11월 29일 14시,수요일,대전광역시 동구 삼성동,경상사고,0,0,1,0,차대차 - 측면충돌,안전운전불이행,건조,맑음,교차로 - 교차로안,승용,여,36세,상해없음,승용,남,64세,경상
2017112900100357,2017년 11월 29일 15시,수요일,대전광역시 서구 월평동,중상사고,0,1,0,0,차대차 - 기타,교차로운행방법위반,건조,맑음,교차로 - 교차로안,승용,여,25세,상해없음,자전거,남,74세,중상
2017112900100358,2017년 11월 29일 15시,수요일,대전광역시 서구 월평동,경상사고,0,0,1,0,차대차 - 기타,안전거리미확보,건조,맑음,단일로 - 기타,승용,여,57세,상해없음,승용,여,34세,경상
2017112900100388,2017년 11월 29일 16시,수요일,대전광역시 동구 자양동,경상사고,0,0,1,0,차대사람 - 횡단중,신호위반,건조,맑음,교차로 - 교차로안,승용,여,31세,기타불명,보행자,남,22세,경상
2017112900100389,2017년 11월 29일 16시,수요일,대전광역시 서구 관저동,경상사고,0,0,1,0,차대사람 - 횡단중,신호위반,건조,맑음,교차로 - 교차로안,승용,남,56세,상해없음,보행자,남,73세,경상
2017112900100476,2017년 11월 29일 18시,수요일,대전광역시 동구 원동,경상사고,0,0,1,0,차대차 - 기타,중앙선침범,건조,맑음,단일로 - 기타,승용,남,55세,상해없음,승용,여,31세,경상
2017112900100516,2017년 11월 29일 19시,수요일,대전광역시 서구 둔산동,경상사고,0,0,1,1,차대차 - 측면충돌,신호위반,건조,맑음,교차로 - 교차로안,승용,남,26세,상해없음,승용,여,37세,경상
2017112900100537,2017년 11월 29일 20시,수요일,대전광역시 서구 둔산동,경상사고,0,0,1,0,차대사람 - 기타,안전운전불이행,건조,맑음,단일로 - 기타,승합,남,44세,상해없음,보행자,남,24세,경상
2017112900100589,2017년 11월 29일 22시,수요일,대전광역시 서구 가수원동,경상사고,0,0,2,0,차대차 - 정면충돌,중앙선침범,건조,맑음,교차로 - 교차로안,승용,남,28세,기타불명,승용,남,55세,경상
2017112900100611,2017년 11월 29일 23시,수요일,대전광역시 중구 유천동,중상사고,0,1,0,0,차대사람 - 횡단중,안전운전불이행,건조,맑음,교차로 - 교차로안,승용,남,42세,상해없음,보행자,남,48세,중상
2017113000100071,2017년 11월 30일 05시,목요일,대전광역시 유성구 봉명동,경상사고,0,0,1,0,차대차 - 측면충돌,중앙선침범,건조,맑음,단일로 - 기타,이륜,남,30세,상해없음,승용,남,67세,경상
2017113000100180,2017년 11월 30일 09시,목요일,대전광역시 동구 가양동,경상사고,0,0,1,0,차대차 - 측면충돌,안전운전불이행,건조,맑음,교차로 - 교차로부근,승용,여,45세,상해없음,승용,여,56세,경상
2017113000100237,2017년 11월 30일 11시,목요일,대전광역시 대덕구 중리동,경상사고,0,0,1,0,차대사람 - 기타,안전운전불이행,건조,맑음,단일로 - 기타,승용,여,47세,상해없음,보행자,남,46세,경상
2017113000100299,2017년 11월 30일 13시,목요일,대전광역시 중구 목동,중상사고,0,1,0,0,차대차 - 측면충돌,안전운전불이행,건조,맑음,교차로 - 교차로안,승합,남,48세,상해없음,이륜,남,26세,중상
2017113000100366,2017년 11월 30일 15시,목요일,대전광역시 유성구 관평동,경상사고,0,0,1,0,차대차 - 측면충돌,안전거리미확보,건조,맑음,단일로 - 기타,승용,남,47세,상해없음,원동기,남,44세,경상
2017113000100412,2017년 11월 30일 16시,목요일,대전광역시 유성구 노은동,경상사고,0,0,1,0,차대차 - 측면충돌,안전운전불이행,건조,맑음,단일로 - 기타,승용,남,60세,상해없음,승용,남,37세,경상
2017113000100504,2017년 11월 30일 18시,목요일,대전광역시 유성구 봉산동,경상사고,0,0,1,0,차대차 - 기타,차로위반,건조,맑음,단일로 - 기타,승용,남,59세,상해없음,승용,남,29세,경상
2017113000100548,2017년 11월 30일 19시,목요일,대전광역시 동구 신흥동,중상사고,0,1,1,0,차대차 - 정면충돌,신호위반,건조,맑음,교차로 - 교차로안,원동기,남,39세,중상,승용,여,36세,경상
2017113000100583,2017년 11월 30일 20시,목요일,대전광역시 서구 정림동,경상사고,0,0,1,0,차대차 - 추돌,안전운전불이행,건조,맑음,단일로 - 기타,승용,남,60세,상해없음,승용,남,57세,경상
2017113000100584,2017년 11월 30일 20시,목요일,대전광역시 서구 둔산동,중상사고,0,1,0,0,차대차 - 기타,신호위반,건조,맑음,단일로 - 기타,승용,남,24세,상해없음,자전거,남,13세,중상
2017113000100615,2017년 11월 30일 21시,목요일,대전광역시 서구 월평동,경상사고,0,0,2,0,차대차 - 추돌,안전운전불이행,건조,맑음,교차로 - 교차로부근,승용,남,28세,상해없음,승용,남,24세,경상
2017113000100641,2017년 11월 30일 22시,목요일,대전광역시 동구 삼성동,경상사고,0,0,1,0,차대사람 - 기타,안전운전불이행,건조,기타,미분류 - 미분류,기타불명,기타불명,미분류,기타불명,보행자,여,52세,경상
2017113000100642,2017년 11월 30일 22시,목요일,대전광역시 서구 내동,경상사고,0,0,3,0,차대차 - 추돌,안전운전불이행,건조,맑음,단일로 - 기타,승용,남,31세,상해없음,승용,남,22세,기타불명
2017113000100643,2017년 11월 30일 22시,목요일,대전광역시 서구 둔산동,경상사고,0,0,2,0,차대차 - 추돌,안전운전불이행,건조,맑음,단일로 - 기타,승용,남,45세,상해없음,승용,남,29세,경상
2017120100100053,2017년 12월 1일 00시,금요일,대전광역시 대덕구 오정동,경상사고,0,0,1,0,차대차 - 기타,안전운전불이행,건조,맑음,단일로 - 기타,승용,남,35세,상해없음,승용,남,62세,경상
2017120100100073,2017년 12월 1일 01시,금요일,대전광역시 서구 갈마동,경상사고,0,0,1,0,차대차 - 기타,안전운전불이행,건조,맑음,교차로 - 교차로안,승용,남,24세,상해없음,승용,남,50세,경상
2017120100100108,2017년 12월 1일 05시,금요일,대전광역시 유성구 봉명동,경상사고,0,0,1,0,차대차 - 측면충돌,안전운전불이행,건조,맑음,교차로 - 교차로안,승용,남,59세,상해없음,승용,여,40세,경상
2017120100100129,2017년 12월 1일 06시,금요일,대전광역시 서구 갈마동,경상사고,0,0,1,0,차대차 - 기타,안전거리미확보,건조,맑음,단일로 - 기타,승용,남,23세,상해없음,승용,여,48세,경상
2017120100100152,2017년 12월 1일 07시,금요일,대전광역시 동구 가오동,중상사고,0,1,0,0,차대사람 - 횡단중,안전운전불이행,건조,맑음,교차로 - 교차로횡단보도내,화물,남,40세,상해없음,보행자,여,79세,중상
2017120100100153,2017년 12월 1일 07시,금요일,대전광역시 서구 복수동,중상사고,0,1,0,0,차대차 - 측면충돌,안전운전불이행,건조,맑음,단일로 - 기타,승용,남,18세,상해없음,승용,여,40세,중상
2017120100100154,2017년 12월 1일 07시,금요일,대전광역시 대덕구 목상동,경상사고,0,0,1,0,차대사람 - 횡단중,신호위반,건조,맑음,교차로 - 교차로횡단보도내,이륜,남,50세,상해없음,보행자,여,22세,경상
2017120100100196,2017년 12월 1일 08시,금요일,대전광역시 중구 목동,경상사고,0,0,1,0,차대차 - 기타,신호위반,건조,맑음,교차로 - 교차로안,승용,여,53세,상해없음,승합,여,62세,경상
2017120100100197,2017년 12월 1일 08시,금요일,대전광역시 동구 판암동,경상사고,0,0,1,0,차대차 - 추돌,안전운전불이행,건조,맑음,단일로 - 기타,승용,남,70세,상해없음,승용,여,42세,경상
2017120100100198,2017년 12월 1일 08시,금요일,대전광역시 유성구 구암동,부상신고사고,0,0,0,1,차대사람 - 기타,안전운전불이행,건조,맑음,교차로 - 교차로안,화물,남,49세,상해없음,보행자,남,11세,부상신고
2017120100100199,2017년 12월 1일 08시,금요일,대전광역시 유성구 지족동,부상신고사고,0,0,0,1,차대차 - 측면충돌,안전운전불이행,건조,맑음,단일로 - 기타,승용,남,77세,상해없음,승용,여,41세,부상신고
2017120100100262,2017년 12월 1일 10시,금요일,대전광역시 유성구 자운동,경상사고,0,0,1,0,차대차 - 추돌,안전운전불이행,건조,맑음,단일로 - 기타,화물,남,55세,상해없음,승용,남,34세,경상
2017120100100317,2017년 12월 1일 12시,금요일,대전광역시 대덕구 오정동,중상사고,0,1,0,0,차대사람 - 횡단중,보행자보호의무위반,건조,맑음,교차로 - 교차로횡단보도내,승용,남,33세,상해없음,보행자,여,67세,중상
2017120100100347,2017년 12월 1일 13시,금요일,대전광역시 대덕구 신대동,경상사고,0,0,3,0,차대차 - 추돌,안전거리미확보,건조,맑음,단일로 - 기타,화물,남,45세,상해없음,승용,여,54세,경상
2017120100100389,2017년 12월 1일 14시,금요일,대전광역시 중구 문화동,중상사고,0,1,0,0,차대사람 - 기타,안전운전불이행,건조,맑음,단일로 - 기타,승용,여,27세,상해없음,보행자,여,43세,중상
2017120100100440,2017년 12월 1일 15시,금요일,대전광역시 서구 갈마동,경상사고,0,0,1,0,차대사람 - 보도통행중,안전운전불이행,건조,맑음,단일로 - 기타,원동기,남,17세,상해없음,보행자,여,71세,경상
2017120100100441,2017년 12월 1일 15시,금요일,대전광역시 유성구 봉명동,경상사고,0,0,2,0,차대차 - 추돌,안전운전불이행,건조,맑음,교차로 - 교차로부근,승용,남,53세,상해없음,승용,남,62세,경상
2017120100100442,2017년 12월 1일 15시,금요일,대전광역시 유성구 전민동,경상사고,0,0,1,0,차대차 - 기타,안전운전불이행,건조,맑음,단일로 - 지하차도(도로)내,자전거,여,67세,경상,화물,남,58세,상해없음
2017120100100481,2017년 12월 1일 16시,금요일,대전광역시 대덕구 중리동,경상사고,0,0,1,0,차대차 - 추돌,안전거리미확보,건조,맑음,단일로 - 기타,승용,남,24세,상해없음,승용,여,38세,경상
2017120100100522,2017년 12월 1일 17시,금요일,대전광역시 중구 중촌동,부상신고사고,0,0,0,1,차대차 - 기타,안전운전불이행,건조,맑음,단일로 - 기타,원동기,남,40세,부상신고,승용,남,64세,상해없음
2017120100100523,2017년 12월 1일 17시,금요일,대전광역시 동구 가오동,경상사고,0,0,1,0,차대차 - 추돌,안전거리미확보,건조,맑음,교차로 - 교차로부근,승용,남,61세,상해없음,이륜,남,19세,경상
2017120100100524,2017년 12월 1일 17시,금요일,대전광역시 동구 용운동,중상사고,0,1,2,0,차대차 - 측면충돌,교차로운행방법위반,건조,맑음,교차로 - 교차로안,승용,남,55세,경상,원동기,남,20세,중상
2017120100100525,2017년 12월 1일 17시,금요일,대전광역시 서구 용문동,중상사고,0,1,0,0,차대차 - 측면충돌,교차로운행방법위반,건조,맑음,교차로 - 교차로안,자전거,남,13세,중상,승용,여,68세,상해없음
2017120100100591,2017년 12월 1일 18시,금요일,대전광역시 동구 가양동,중상사고,0,2,8,0,차량단독 - 기타,안전거리미확보,건조,맑음,교차로 - 교차로부근,승합,남,44세,상해없음,,,,
2017120100100592,2017년 12월 1일 18시,금요일,대전광역시 서구 월평동,경상사고,0,0,2,0,차대차 - 기타,안전운전불이행,건조,맑음,교차로 - 교차로안,기타불명,기타불명,미분류,기타불명,승용,여,35세,경상
2017120100100593,2017년 12월 1일 18시,금요일,대전광역시 유성구 봉명동,경상사고,0,0,5,0,차대차 - 측면충돌,신호위반,건조,맑음,교차로 - 교차로안,승용,남,60세,상해없음,승용,남,57세,경상
2017120100100642,2017년 12월 1일 19시,금요일,대전광역시 중구 대흥동,경상사고,0,0,1,0,차대차 - 측면충돌,교차로운행방법위반,건조,맑음,교차로 - 교차로안,승용,남,48세,상해없음,원동기,남,48세,경상
2017120100100643,2017년 12월 1일 19시,금요일,대전광역시 유성구 봉명동,경상사고,0,0,2,0,차대차 - 추돌,안전운전불이행,건조,맑음,단일로 - 기타,승용,남,43세,상해없음,승용,여,43세,경상
2017120100100668,2017년 12월 1일 20시,금요일,대전광역시 유성구 지족동,경상사고,0,0,1,0,차대차 - 측면충돌,중앙선침범,건조,맑음,단일로 - 기타,승용,남,44세,상해없음,원동기,남,22세,경상
2017120100100713,2017년 12월 1일 21시,금요일,대전광역시 유성구 어은동,중상사고,0,1,0,0,차대차 - 측면충돌,교차로운행방법위반,건조,맑음,교차로 - 교차로안,승용,남,55세,상해없음,승용,여,29세,중상
2017120200100044,2017년 12월 2일 00시,토요일,대전광역시 서구 갈마동,경상사고,0,0,1,0,차대사람 - 기타,안전운전불이행,건조,맑음,교차로 - 교차로부근,기타불명,기타불명,미분류,기타불명,보행자,여,34세,경상
2017120200100045,2017년 12월 2일 00시,토요일,대전광역시 서구 둔산동,경상사고,0,0,2,0,차대차 - 기타,안전거리미확보,건조,맑음,단일로 - 기타,승용,남,52세,상해없음,승용,남,52세,상해없음
2017120200100046,2017년 12월 2일 00시,토요일,대전광역시 유성구 원내동,경상사고,0,0,1,0,차대차 - 측면충돌,신호위반,건조,맑음,교차로 - 교차로안,승용,남,28세,상해없음,승용,남,52세,경상
2017120200100071,2017년 12월 2일 01시,토요일,대전광역시 동구 상소동,중상사고,0,1,0,0,차대차 - 정면충돌,중앙선침범,건조,맑음,단일로 - 기타,승용,남,28세,상해없음,승용,남,26세,중상
2017120200100093,2017년 12월 2일 03시,토요일,대전광역시 유성구 장대동,경상사고,0,0,3,0,차대차 - 측면충돌,신호위반,건조,맑음,교차로 - 교차로안,승용,남,67세,상해없음,승용,남,35세,경상
2017120200100133,2017년 12월 2일 06시,토요일,대전광역시 서구 도마동,경상사고,0,0,2,0,차대차 - 측면충돌,안전거리미확보,건조,맑음,단일로 - 기타,승합,남,61세,상해없음,승용,남,33세,경상
2017120200100147,2017년 12월 2일 07시,토요일,대전광역시 중구 산성동,경상사고,0,0,2,0,차대차 - 추돌,안전운전불이행,건조,맑음,단일로 - 기타,화물,남,44세,상해없음,승용,남,68세,경상
2017120200100220,2017년 12월 2일 10시,토요일,대전광역시 대덕구 중리동,경상사고,0,0,1,0,차대사람 - 기타,안전운전불이행,건조,맑음,교차로 - 교차로횡단보도내,승용,남,53세,기타불명,보행자,남,34세,경상
2017120200100260,2017년 12월 2일 11시,토요일,대전광역시 대덕구 대화동,경상사고,0,0,1,0,차대차 - 기타,신호위반,건조,맑음,교차로 - 교차로안,화물,남,52세,상해없음,화물,남,56세,경상
2017120200100261,2017년 12월 2일 11시,토요일,대전광역시 서구 둔산동,경상사고,0,0,1,0,차대차 - 측면충돌,신호위반,건조,맑음,단일로 - 기타,승용,여,57세,상해없음,자전거,남,14세,경상
2017120200100262,2017년 12월 2일 11시,토요일,대전광역시 유성구 원내동,경상사고,0,0,1,0,차대차 - 기타,직진우회전진행방해,건조,맑음,교차로 - 교차로안,이륜,남,75세,경상,승용,남,78세,상해없음
2017120200100296,2017년 12월 2일 12시,토요일,대전광역시 유성구 봉명동,경상사고,0,0,1,0,차대차 - 기타,안전운전불이행,건조,맑음,단일로 - 기타,승용,여,53세,상해없음,자전거,남,22세,경상
2017120200100326,2017년 12월 2일 13시,토요일,대전광역시 대덕구 송촌동,경상사고,0,0,1,0,차대차 - 기타,신호위반,건조,맑음,교차로 - 교차로안,기타불명,기타불명,미분류,기타불명,승용,남,55세,상해없음
2017120200100365,2017년 12월 2일 14시,토요일,대전광역시 서구 탄방동,경상사고,0,0,1,0,차대차 - 측면충돌,신호위반,건조,맑음,교차로 - 교차로안,승용,남,41세,상해없음,승용,남,48세,경상
2017120200100366,2017년 12월 2일 14시,토요일,대전광역시 대덕구 문평동,경상사고,0,0,1,0,차대차 - 기타,교차로운행방법위반,건조,맑음,교차로 - 교차로안,승용,남,34세,상해없음,승용,남,49세,경상
2017120200100399,2017년 12월 2일 15시,토요일,대전광역시 서구 도마동,경상사고,0,0,1,0,차대차 - 후진중충돌,안전운전불이행,건조,맑음,주차장 - 주차장,승용,남,34세,상해없음,승용,여,59세,경상
2017120200100400,2017년 12월 2일 15시,토요일,대전광역시 유성구 봉명동,경상사고,0,0,2,0,차대차 - 기타,안전운전불이행,건조,맑음,단일로 - 기타,승용,여,38세,상해없음,승용,여,35세,경상
2017120200100472,2017년 12월 2일 17시,토요일,대전광역시 서구 내동,부상신고사고,0,0,0,1,차대차 - 측면충돌,안전운전불이행,건조,맑음,단일로 - 기타,화물,남,37세,상해없음,자전거,남,15세,부상신고
2017120200100473,2017년 12월 2일 17시,토요일,대전광역시 서구 만년동,경상사고,0,0,1,0,차대차 - 기타,안전운전불이행,건조,맑음,단일로 - 기타,승용,여,49세,상해없음,승용,남,53세,경상
2017120200100515,2017년 12월 2일 18시,토요일,대전광역시 중구 대사동,경상사고,0,0,4,0,차대차 - 기타,안전운전불이행,건조,맑음,단일로 - 기타,승용,남,58세,상해없음,화물,남,65세,기타불명
2017120200100516,2017년 12월 2일 18시,토요일,대전광역시 유성구 원내동,경상사고,0,0,1,0,차대차 - 기타,안전운전불이행,건조,맑음,교차로 - 교차로안,승용,남,68세,상해없음,승용,남,24세,상해없음
2017120200100554,2017년 12월 2일 19시,토요일,대전광역시 중구 산성동,중상사고,0,1,0,0,차대사람 - 기타,안전운전불이행,건조,맑음,단일로 - 기타,화물,남,45세,상해없음,보행자,남,47세,중상
2017120200100604,2017년 12월 2일 21시,토요일,대전광역시 서구 갈마동,경상사고,0,0,2,0,차대차 - 기타,안전운전불이행,건조,맑음,기타 - 기타,승용,남,57세,상해없음,승용,여,25세,경상
2017120200100634,2017년 12월 2일 22시,토요일,대전광역시 중구 용두동,경상사고,0,0,1,0,차대차 - 추돌,안전운전불이행,건조,맑음,단일로 - 기타,승용,남,41세,상해없음,승용,남,34세,경상
2017120200100635,2017년 12월 2일 22시,토요일,대전광역시 중구 대흥동,경상사고,0,0,1,0,차대사람 - 차도통행중,안전운전불이행,건조,맑음,단일로 - 기타,승합,여,50세,상해없음,보행자,남,35세,경상
2017120200100653,2017년 12월 2일 23시,토요일,대전광역시 동구 원동,경상사고,0,0,3,0,차대차 - 측면충돌,안전운전불이행,건조,맑음,교차로 - 교차로안,승용,남,65세,상해없음,승용,남,24세,상해없음
2017120300100050,2017년 12월 3일 01시,일요일,대전광역시 유성구 봉명동,경상사고,0,0,1,0,차대차 - 추돌,신호위반,건조,맑음,교차로 - 교차로안,승용,남,42세,상해없음,승용,남,58세,경상
2017120300100071,2017년 12월 3일 02시,일요일,대전광역시 유성구 궁동,중상사고,0,1,2,0,차대차 - 추돌,안전운전불이행,건조,맑음,단일로 - 기타,특수,남,19세,상해없음,승용,남,27세,중상
2017120300100072,2017년 12월 3일 02시,일요일,대전광역시 유성구 봉명동,경상사고,0,0,3,0,차대차 - 측면충돌,교차로운행방법위반,건조,맑음,교차로 - 교차로안,승용,여,23세,상해없음,승용,남,52세,경상
2017120300100088,2017년 12월 3일 04시,일요일,대전광역시 중구 부사동,경상사고,0,0,1,0,차대차 - 측면충돌,신호위반,건조,맑음,단일로 - 기타,승용,남,51세,상해없음,자전거,남,82세,경상
2017120300100089,2017년 12월 3일 04시,일요일,대전광역시 동구 삼성동,중상사고,0,3,1,0,차대차 - 측면충돌,신호위반,건조,맑음,교차로 - 교차로안,승용,남,18세,중상,승용,남,53세,경상
2017120300100114,2017년 12월 3일 06시,일요일,대전광역시 중구 유천동,경상사고,0,0,1,0,차대차 - 추돌,안전운전불이행,건조,맑음,교차로 - 교차로안,화물,남,41세,상해없음,화물,남,59세,경상
2017120300100124,2017년 12월 3일 07시,일요일,대전광역시 중구 대흥동,경상사고,0,0,1,0,차대사람 - 횡단중,안전운전불이행,건조,맑음,교차로 - 교차로횡단보도내,승용,남,71세,상해없음,보행자,남,77세,경상
2017120300100125,2017년 12월 3일 07시,일요일,대전광역시 중구 유천동,경상사고,0,0,1,0,차대차 - 기타,교차로운행방법위반,건조,맑음,교차로 - 교차로안,자전거,남,89세,경상,승용,남,48세,상해없음
2017120300100217,2017년 12월 3일 12시,일요일,대전광역시 대덕구 비래동,경상사고,0,0,1,0,차대차 - 추돌,안전운전불이행,건조,맑음,교차로 - 교차로안,승용,여,41세,상해없음,승용,여,46세,경상
2017120300100260,2017년 12월 3일 14시,일요일,대전광역시 동구 효동,경상사고,0,0,2,0,차대차 - 측면충돌,교차로운행방법위반,건조,맑음,교차로 - 교차로안,승용,남,34세,상해없음,승용,남,40세,경상
2017120300100261,2017년 12월 3일 14시,일요일,대전광역시 유성구 송강동,경상사고,0,0,2,0,차대차 - 기타,안전운전불이행,건조,맑음,교차로 - 교차로부근,승용,여,45세,상해없음,화물,남,65세,상해없음
2017120300100262,2017년 12월 3일 14시,일요일,대전광역시 유성구 봉명동,경상사고,0,0,1,0,차대차 - 기타,신호위반,건조,맑음,교차로 - 교차로안,승용,남,40세,상해없음,승용,남,72세,경상
2017120300100292,2017년 12월 3일 15시,일요일,대전광역시 중구 중촌동,경상사고,0,0,2,0,차대차 - 추돌,안전운전불이행,건조,맑음,교차로 - 교차로안,승용,남,22세,상해없음,승용,남,45세,경상
2017120300100293,2017년 12월 3일 15시,일요일,대전광역시 서구 복수동,중상사고,0,1,0,0,차량단독 - 기타,안전운전불이행,건조,맑음,단일로 - 기타,승합,남,49세,상해없음,,,,
2017120300100319,2017년 12월 3일 16시,일요일,대전광역시 서구 둔산동,경상사고,0,0,1,0,차대차 - 추돌,안전운전불이행,건조,맑음,교차로 - 교차로안,승용,남,37세,상해없음,이륜,남,26세,경상
2017120300100352,2017년 12월 3일 17시,일요일,대전광역시 서구 탄방동,경상사고,0,0,3,0,차대차 - 측면충돌,안전운전불이행,건조,맑음,교차로 - 교차로안,승용,남,41세,상해없음,승용,남,63세,경상