사고번호,사고일시,요일,시군구,사고내용,사망자수,중상자수,경상자수,부상신고자수,사고유형,법규위반,노면상태,기상상태,도로형태,가해운전자 차종,가해운전자 성별,가해운전자 연령,가해운전자 상해정도,피해운전자 차종,피해운전자 성별,피해운전자 연령,피해운전자 상해정도
2017120300100386,2017년 12월 3일 18시,일요일,대전광역시 서구 관저동,중상사고,0,1,0,0,차대차 - 추돌,안전운전불이행,건조,맑음,단일로 - 기타,승용,남,56세,상해없음,이륜,남,55세,중상
2017120300100387,2017년 12월 3일 18시,일요일,대전광역시 서구 용문동,경상사고,0,0,2,0,차대차 - 측면충돌,안전운전불이행,건조,맑음,단일로 - 기타,승용,남,55세,상해없음,승용,남,27세,경상
2017120300100423,2017년 12월 3일 19시,일요일,대전광역시 대덕구 중리동,경상사고,0,0,1,0,차대차 - 기타,안전운전불이행,건조,맑음,단일로 - 기타,기타불명,기타불명,미분류,기타불명,승용,여,35세,경상
2017120300100468,2017년 12월 3일 21시,일요일,대전광역시 동구 가양동,경상사고,0,0,1,0,차대차 - 정면충돌,안전운전불이행,건조,맑음,단일로 - 기타,승용,남,42세,상해없음,승용,남,62세,경상
2017120300100469,2017년 12월 3일 21시,일요일,대전광역시 서구 둔산동,경상사고,0,0,1,0,차대차 - 측면충돌,안전거리미확보,건조,맑음,교차로 - 교차로부근,승용,남,53세,상해없음,이륜,남,19세,경상
2017120300100485,2017년 12월 3일 22시,일요일,대전광역시 서구 도마동,경상사고,0,0,1,0,차대사람 - 기타,안전운전불이행,건조,맑음,단일로 - 기타,자전거,남,55세,상해없음,보행자,남,41세,경상
2017120400100031,2017년 12월 4일 00시,월요일,대전광역시 중구 문화동,경상사고,0,0,1,0,차대사람 - 차도통행중,안전운전불이행,건조,맑음,단일로 - 기타,승용,남,60세,상해없음,보행자,남,21세,경상
2017120400100046,2017년 12월 4일 03시,월요일,대전광역시 동구 용운동,사망사고,1,0,0,0,차대사람 - 횡단중,안전운전불이행,건조,맑음,교차로 - 교차로횡단보도내,승용,남,30세,상해없음,보행자,여,71세,사망
2017120400100080,2017년 12월 4일 06시,월요일,대전광역시 서구 가장동,경상사고,0,0,3,0,차대차 - 추돌,안전운전불이행,건조,맑음,교차로 - 교차로부근,승용,남,57세,상해없음,승합,남,69세,경상
2017120400100165,2017년 12월 4일 08시,월요일,대전광역시 중구 문화동,중상사고,0,1,0,0,차대차 - 측면충돌,신호위반,건조,맑음,교차로 - 교차로안,승용,여,46세,기타불명,자전거,남,85세,중상
2017120400100166,2017년 12월 4일 08시,월요일,대전광역시 대덕구 오정동,경상사고,0,0,1,0,차대차 - 추돌,안전운전불이행,건조,맑음,단일로 - 기타,승용,남,63세,상해없음,승용,여,34세,경상
2017120400100198,2017년 12월 4일 09시,월요일,대전광역시 서구 둔산동,경상사고,0,0,1,0,차대차 - 추돌,안전운전불이행,건조,맑음,교차로 - 교차로부근,기타불명,기타불명,미분류,기타불명,화물,남,55세,경상
2017120400100268,2017년 12월 4일 12시,월요일,대전광역시 중구 태평동,경상사고,0,0,1,0,차대사람 - 횡단중,보행자보호의무위반,건조,맑음,교차로 - 교차로횡단보도내,승용,남,66세,상해없음,보행자,여,62세,경상
2017120400100298,2017년 12월 4일 13시,월요일,대전광역시 중구 중촌동,중상사고,0,1,1,0,차대차 - 측면충돌,신호위반,건조,맑음,교차로 - 교차로안,승용,남,23세,상해없음,승용,남,45세,경상
2017120400100397,2017년 12월 4일 16시,월요일,대전광역시 서구 월평동,경상사고,0,0,1,0,차대사람 - 횡단중,안전운전불이행,건조,맑음,단일로 - 기타,승용,남,46세,상해없음,보행자,남,57세,경상
2017120400100398,2017년 12월 4일 16시,월요일,대전광역시 유성구 장대동,경상사고,0,0,1,0,차대차 - 측면충돌,중앙선침범,건조,맑음,단일로 - 기타,이륜,남,64세,상해없음,이륜,남,48세,경상
2017120400100435,2017년 12월 4일 17시,월요일,대전광역시 대덕구 신탄진동,경상사고,0,0,1,0,차대차 - 기타,안전운전불이행,건조,맑음,교차로 - 교차로안,승용,남,59세,상해없음,승합,남,56세,경상
2017120400100497,2017년 12월 4일 18시,월요일,대전광역시 중구 문화동,중상사고,0,1,0,0,차대사람 - 횡단중,보행자보호의무위반,건조,맑음,교차로 - 교차로횡단보도내,화물,남,45세,상해없음,보행자,여,15세,중상
2017120400100498,2017년 12월 4일 18시,월요일,대전광역시 동구 삼성동,경상사고,0,0,1,0,차대차 - 기타,중앙선침범,건조,맑음,교차로 - 교차로부근,기타불명,남,73세,경상,승용,남,64세,상해없음
2017120400100499,2017년 12월 4일 18시,월요일,대전광역시 대덕구 오정동,중상사고,0,2,0,0,차대차 - 추돌,안전운전불이행,건조,맑음,교차로 - 교차로부근,승용,남,20세,상해없음,승용,남,61세,중상
2017120400100500,2017년 12월 4일 18시,월요일,대전광역시 대덕구 비래동,부상신고사고,0,0,0,1,차대차 - 기타,안전운전불이행,젖음/습기,흐림,단일로 - 기타,승용,남,60세,기타불명,승용,남,50세,상해없음
2017120400100501,2017년 12월 4일 18시,월요일,대전광역시 유성구 지족동,경상사고,0,0,2,0,차대차 - 기타,안전운전불이행,건조,맑음,교차로 - 교차로안,승용,남,50세,상해없음,승용,남,46세,경상
2017120400100541,2017년 12월 4일 19시,월요일,대전광역시 중구 대흥동,중상사고,0,1,0,0,차대사람 - 횡단중,안전운전불이행,건조,맑음,교차로 - 교차로부근,승용,남,52세,상해없음,보행자,여,76세,중상
2017120400100542,2017년 12월 4일 19시,월요일,대전광역시 서구 도안동,경상사고,0,0,1,0,차대차 - 추돌,안전운전불이행,건조,맑음,단일로 - 지하차도(도로)내,이륜,남,36세,상해없음,승용,남,37세,경상
2017120400100565,2017년 12월 4일 20시,월요일,대전광역시 서구 둔산동,경상사고,0,0,1,0,차대사람 - 기타,안전운전불이행,건조,맑음,단일로 - 기타,승용,남,61세,기타불명,보행자,남,49세,경상
2017120400100566,2017년 12월 4일 20시,월요일,대전광역시 유성구 죽동,중상사고,0,1,0,0,차량단독 - 공작물충돌,안전운전불이행,건조,맑음,단일로 - 기타,승용,남,59세,상해없음,,,,
2017120400100583,2017년 12월 4일 21시,월요일,대전광역시 대덕구 오정동,경상사고,0,0,2,0,차대차 - 기타,안전운전불이행,건조,맑음,단일로 - 기타,승용,남,54세,상해없음,승합,남,51세,경상
2017120400100608,2017년 12월 4일 22시,월요일,대전광역시 동구 가양동,중상사고,0,1,7,0,차대차 - 측면충돌,안전운전불이행,건조,맑음,단일로 - 기타,승용,남,53세,상해없음,승합,남,63세,경상
2017120400100633,2017년 12월 4일 23시,월요일,대전광역시 중구 부사동,중상사고,0,2,3,0,차대차 - 정면충돌,신호위반,건조,맑음,교차로 - 교차로안,승용,남,48세,상해없음,승용,여,44세,중상
2017120400100634,2017년 12월 4일 23시,월요일,대전광역시 서구 도마동,경상사고,0,0,4,0,차대차 - 추돌,안전운전불이행,건조,맑음,교차로 - 교차로부근,기타불명,기타불명,미분류,기타불명,승합,남,49세,경상
2017120400100635,2017년 12월 4일 23시,월요일,대전광역시 대덕구 법동,경상사고,0,0,1,1,차대차 - 측면충돌,신호위반,건조,맑음,교차로 - 교차로안,승용,남,60세,상해없음,승용,남,45세,경상
2017120500100048,2017년 12월 5일 00시,화요일,대전광역시 서구 둔산동,부상신고사고,0,0,0,1,차대차 - 후진중충돌,안전운전불이행,건조,흐림,교차로 - 교차로부근,승합,남,29세,상해없음,승용,남,24세,부상신고
2017120500100049,2017년 12월 5일 00시,화요일,대전광역시 서구 둔산동,중상사고,0,2,0,0,차대차 - 추돌,안전운전불이행,건조,맑음,교차로 - 교차로부근,승용,남,26세,상해없음,승용,남,57세,중상
2017120500100071,2017년 12월 5일 03시,화요일,대전광역시 중구 석교동,중상사고,0,1,0,0,차량단독 - 공작물충돌,안전운전불이행,건조,맑음,기타 - 기타,승용,남,31세,중상,,,,
2017120500100072,2017년 12월 5일 03시,화요일,대전광역시 중구 대흥동,사망사고,2,1,0,0,차량단독 - 공작물충돌,안전운전불이행,건조,맑음,단일로 - 기타,원동기,남,19세,사망,,,,
2017120500100083,2017년 12월 5일 05시,화요일,대전광역시 동구 판암동,중상사고,0,1,0,0,차대사람 - 횡단중,안전운전불이행,건조,맑음,단일로 - 기타,승용,남,64세,상해없음,보행자,여,74세,중상
2017120500100122,2017년 12월 5일 07시,화요일,대전광역시 중구 문화동,경상사고,0,0,1,0,차대차 - 측면충돌,직진우회전진행방해,건조,맑음,교차로 - 교차로안,승용,남,57세,상해없음,자전거,남,75세,경상
2017120500100123,2017년 12월 5일 07시,화요일,대전광역시 대덕구 오정동,경상사고,0,0,2,0,차대차 - 추돌,안전운전불이행,건조,맑음,교차로 - 교차로부근,승용,남,21세,상해없음,승용,여,49세,경상
2017120500100124,2017년 12월 5일 07시,화요일,대전광역시 서구 둔산동,경상사고,0,0,3,0,차대차 - 기타,신호위반,건조,맑음,교차로 - 교차로안,승용,남,60세,경상,승용,남,22세,경상
2017120500100169,2017년 12월 5일 08시,화요일,대전광역시 동구 용전동,경상사고,0,0,4,0,차대차 - 측면충돌,안전운전불이행,건조,맑음,단일로 - 기타,승합,남,57세,상해없음,승용,남,37세,경상
2017120500100170,2017년 12월 5일 08시,화요일,대전광역시 유성구 노은동,경상사고,0,0,1,0,차대차 - 기타,안전거리미확보,건조,맑음,단일로 - 기타,승용,남,53세,상해없음,승용,남,65세,경상
2017120500100199,2017년 12월 5일 09시,화요일,대전광역시 동구 판암동,중상사고,0,1,2,0,차대차 - 측면충돌,안전운전불이행,서리/결빙,맑음,단일로 - 기타,화물,남,58세,경상,화물,남,44세,중상
2017120500100221,2017년 12월 5일 10시,화요일,대전광역시 중구 선화동,중상사고,0,2,0,0,차대차 - 추돌,안전운전불이행,건조,맑음,단일로 - 기타,승용,남,38세,상해없음,승용,여,33세,중상
2017120500100222,2017년 12월 5일 10시,화요일,대전광역시 대덕구 대화동,경상사고,0,0,4,0,차대차 - 추돌,안전운전불이행,건조,맑음,단일로 - 기타,승용,여,61세,상해없음,승용,남,25세,경상
2017120500100294,2017년 12월 5일 12시,화요일,대전광역시 동구 용운동,중상사고,0,1,0,0,차대차 - 기타,안전운전불이행,건조,맑음,단일로 - 기타,승용,여,62세,상해없음,원동기,남,48세,중상
2017120500100318,2017년 12월 5일 13시,화요일,대전광역시 동구 홍도동,중상사고,0,1,0,0,차대사람 - 횡단중,보행자보호의무위반,건조,맑음,교차로 - 교차로횡단보도내,승용,여,51세,상해없음,보행자,여,57세,중상
2017120500100340,2017년 12월 5일 14시,화요일,대전광역시 유성구 학하동,경상사고,0,0,1,0,차대차 - 추돌,안전운전불이행,건조,맑음,단일로 - 기타,이륜,남,23세,경상,승합,남,44세,상해없음
2017120500100396,2017년 12월 5일 16시,화요일,대전광역시 중구 선화동,중상사고,0,1,1,0,차대차 - 측면충돌,안전운전불이행,건조,맑음,단일로 - 기타,승용,남,61세,상해없음,승용,남,52세,경상
2017120500100440,2017년 12월 5일 17시,화요일,대전광역시 중구 문화동,경상사고,0,0,1,0,차대차 - 기타,중앙선침범,건조,맑음,단일로 - 기타,승용,남,55세,상해없음,원동기,남,45세,경상
2017120500100441,2017년 12월 5일 17시,화요일,대전광역시 동구 가양동,중상사고,0,1,0,0,차량단독 - 기타,안전운전불이행,건조,맑음,단일로 - 기타,승합,남,61세,상해없음,,,,
2017120500100499,2017년 12월 5일 18시,화요일,대전광역시 중구 목동,중상사고,0,1,0,0,차대사람 - 횡단중,신호위반,건조,맑음,교차로 - 교차로횡단보도내,화물,남,53세,상해없음,보행자,남,7세,중상
2017120500100559,2017년 12월 5일 20시,화요일,대전광역시 중구 태평동,중상사고,0,1,0,0,차대사람 - 횡단중,안전운전불이행,건조,맑음,단일로 - 기타,승용,남,41세,상해없음,보행자,남,14세,중상
2017120500100560,2017년 12월 5일 20시,화요일,대전광역시 유성구 구암동,경상사고,0,0,1,0,차량단독 - 전도전복 - 전도,안전운전불이행,건조,맑음,교차로 - 교차로안,승용,남,40세,경상,,,,
2017120500100582,2017년 12월 5일 21시,화요일,대전광역시 서구 갈마동,경상사고,0,0,1,0,차대사람 - 기타,안전운전불이행,건조,맑음,단일로 - 기타,승용,남,40세,상해없음,보행자,여,24세,경상
2017120500100597,2017년 12월 5일 22시,화요일,대전광역시 동구 대동,경상사고,0,0,2,0,차대차 - 추돌,안전운전불이행,건조,맑음,단일로 - 기타,화물,남,43세,상해없음,승용,여,21세,경상
2017120500100598,2017년 12월 5일 22시,화요일,대전광역시 대덕구 덕암동,경상사고,0,0,1,0,차대사람 - 기타,안전운전불이행,젖음/습기,흐림,단일로 - 기타,승용,남,33세,상해없음,보행자,남,59세,경상
2017120500100599,2017년 12월 5일 22시,화요일,대전광역시 서구 탄방동,중상사고,0,1,0,0,차대사람 - 횡단중,중앙선침범,건조,맑음,단일로 - 기타,승용,남,35세,상해없음,보행자,여,57세,중상
2017120600100063,2017년 12월 6일 01시,수요일,대전광역시 동구 가양동,경상사고,0,0,2,0,차대차 - 정면충돌,신호위반,건조,맑음,교차로 - 교차로안,승용,남,52세,상해없음,승용,남,62세,경상
2017120600100099,2017년 12월 6일 05시,수요일,대전광역시 서구 갈마동,부상신고사고,0,0,0,2,차량단독 - 공작물충돌,안전운전불이행,서리/결빙,눈,단일로 - 기타,승용,남,42세,상해없음,,,,
2017120600100120,2017년 12월 6일 06시,수요일,대전광역시 중구 선화동,중상사고,0,1,2,0,차대차 - 정면충돌,안전운전불이행,서리/결빙,눈,단일로 - 기타,화물,남,65세,상해없음,승용,여,65세,경상
2017120600100121,2017년 12월 6일 06시,수요일,대전광역시 대덕구 와동,경상사고,0,0,1,0,차대차 - 기타,안전운전불이행,젖음/습기,흐림,단일로 - 기타,승용,여,69세,상해없음,승용,남,52세,경상
2017120600100122,2017년 12월 6일 06시,수요일,대전광역시 대덕구 상서동,경상사고,0,0,2,0,차대차 - 기타,안전운전불이행,젖음/습기,눈,단일로 - 기타,승용,남,45세,기타불명,승용,남,42세,경상
2017120600100145,2017년 12월 6일 07시,수요일,대전광역시 서구 관저동,경상사고,0,0,2,0,차대차 - 추돌,안전운전불이행,서리/결빙,눈,단일로 - 기타,승용,여,29세,상해없음,승용,남,41세,경상
2017120600100197,2017년 12월 6일 08시,수요일,대전광역시 서구 만년동,경상사고,0,0,3,0,차대차 - 추돌,안전운전불이행,서리/결빙,흐림,단일로 - 기타,승용,남,26세,경상,승용,남,25세,경상
2017120600100198,2017년 12월 6일 08시,수요일,대전광역시 유성구 용계동,경상사고,0,0,1,0,차대차 - 기타,안전운전불이행,건조,맑음,교차로 - 교차로부근,승용,남,22세,상해없음,화물,남,50세,경상
2017120600100199,2017년 12월 6일 08시,수요일,대전광역시 유성구 봉명동,경상사고,0,0,3,0,차대차 - 측면충돌,중앙선침범,적설,맑음,단일로 - 기타,승용,여,30세,기타불명,승용,남,63세,경상
2017120600100200,2017년 12월 6일 08시,수요일,대전광역시 유성구 관평동,경상사고,0,0,2,0,차대차 - 측면충돌,교차로운행방법위반,서리/결빙,맑음,단일로 - 기타,승용,여,34세,상해없음,승용,남,42세,경상
2017120600100229,2017년 12월 6일 09시,수요일,대전광역시 동구 삼성동,경상사고,0,0,1,0,차대차 - 측면충돌,안전운전불이행,적설,눈,단일로 - 기타,화물,남,32세,상해없음,승용,남,47세,상해없음
2017120600100230,2017년 12월 6일 09시,수요일,대전광역시 동구 가양동,경상사고,0,0,3,0,차대차 - 추돌,안전운전불이행,적설,눈,단일로 - 기타,승용,남,29세,상해없음,승용,남,52세,경상
2017120600100231,2017년 12월 6일 09시,수요일,대전광역시 동구 자양동,경상사고,0,0,1,0,차량단독 - 기타,기타,젖음/습기,눈,단일로 - 기타,승합,남,42세,상해없음,,,,
2017120600100260,2017년 12월 6일 10시,수요일,대전광역시 유성구 노은동,경상사고,0,0,1,0,차대차 - 정면충돌,신호위반,건조,맑음,교차로 - 교차로안,승용,남,66세,상해없음,승용,남,63세,경상
2017120600100288,2017년 12월 6일 11시,수요일,대전광역시 동구 대동,경상사고,0,0,1,0,차대차 - 기타,안전운전불이행,건조,맑음,단일로 - 기타,승용,남,57세,상해없음,자전거,여,56세,경상
2017120600100360,2017년 12월 6일 13시,수요일,대전광역시 서구 둔산동,부상신고사고,0,0,0,1,차대사람 - 횡단중,보행자보호의무위반,건조,맑음,단일로 - 기타,이륜,남,28세,상해없음,보행자,여,64세,부상신고
2017120600100361,2017년 12월 6일 13시,수요일,대전광역시 유성구 구암동,중상사고,0,1,0,0,차대차 - 기타,안전운전불이행,건조,맑음,단일로 - 기타,화물,남,29세,상해없음,승용,여,59세,중상
2017120600100398,2017년 12월 6일 14시,수요일,대전광역시 서구 용문동,중상사고,0,1,0,0,차대차 - 추돌,안전거리미확보,건조,맑음,단일로 - 기타,승용,남,57세,상해없음,승용,남,37세,중상
2017120600100399,2017년 12월 6일 14시,수요일,대전광역시 유성구 탑립동,경상사고,0,0,2,0,차대차 - 측면충돌,신호위반,건조,맑음,교차로 - 교차로안,이륜,남,17세,경상,승용,남,44세,경상
2017120600100538,2017년 12월 6일 17시,수요일,대전광역시 중구 대흥동,경상사고,0,0,1,0,차대사람 - 횡단중,보행자보호의무위반,건조,맑음,단일로 - 기타,승용,여,57세,상해없음,보행자,남,62세,경상
2017120600100539,2017년 12월 6일 17시,수요일,대전광역시 서구 가수원동,경상사고,0,0,1,0,차대차 - 측면충돌,교차로운행방법위반,건조,맑음,교차로 - 교차로안,승용,여,49세,상해없음,승용,여,34세,경상
2017120600100540,2017년 12월 6일 17시,수요일,대전광역시 대덕구 석봉동,경상사고,0,0,1,0,차대사람 - 횡단중,안전운전불이행,건조,맑음,단일로 - 기타,승용,여,63세,상해없음,보행자,남,54세,경상
2017120600100600,2017년 12월 6일 18시,수요일,대전광역시 중구 중촌동,중상사고,0,1,0,0,차대차 - 정면충돌,중앙선침범,건조,맑음,단일로 - 지하차도(도로)내,승용,여,61세,상해없음,승용,여,63세,중상
2017120600100601,2017년 12월 6일 18시,수요일,대전광역시 대덕구 읍내동,중상사고,0,1,0,0,차대사람 - 차도통행중,안전운전불이행,건조,맑음,단일로 - 기타,승용,남,43세,상해없음,보행자,여,83세,중상
2017120600100602,2017년 12월 6일 18시,수요일,대전광역시 대덕구 오정동,경상사고,0,0,1,0,차대차 - 측면충돌,안전거리미확보,건조,맑음,교차로 - 교차로부근,화물,남,56세,상해없음,승용,남,43세,경상
2017120600100603,2017년 12월 6일 18시,수요일,대전광역시 유성구 가정동,부상신고사고,0,0,0,1,차대차 - 추돌,안전거리미확보,건조,맑음,교차로 - 교차로부근,이륜,남,20세,부상신고,승용,남,72세,상해없음
2017120600100727,2017년 12월 6일 22시,수요일,대전광역시 대덕구 석봉동,중상사고,0,1,0,0,차대사람 - 횡단중,보행자보호의무위반,젖음/습기,흐림,교차로 - 교차로횡단보도내,승용,남,55세,상해없음,보행자,남,49세,중상
2017120600100728,2017년 12월 6일 22시,수요일,대전광역시 서구 월평동,중상사고,0,1,0,0,차대사람 - 기타,안전운전불이행,건조,기타,단일로 - 기타,기타불명,기타불명,미분류,기타불명,보행자,남,63세,중상
2017120600100746,2017년 12월 6일 23시,수요일,대전광역시 유성구 구암동,경상사고,0,0,1,0,차대차 - 측면충돌,안전운전불이행,젖음/습기,비,단일로 - 기타,승용,남,20세,상해없음,승합,남,42세,경상
2017120700100030,2017년 12월 7일 00시,목요일,대전광역시 동구 용운동,경상사고,0,0,1,0,차대차 - 측면충돌,안전운전불이행,젖음/습기,비,교차로 - 교차로안,승용,남,58세,상해없음,승용,남,61세,상해없음
2017120700100042,2017년 12월 7일 01시,목요일,대전광역시 유성구 계산동,경상사고,0,0,2,0,차대차 - 측면충돌,신호위반,젖음/습기,비,교차로 - 교차로안,화물,남,43세,상해없음,승용,남,64세,경상
2017120700100052,2017년 12월 7일 02시,목요일,대전광역시 유성구 구암동,경상사고,0,0,3,0,차대차 - 측면충돌,신호위반,젖음/습기,비,교차로 - 교차로안,승용,남,23세,경상,승용,남,57세,경상
2017120700100065,2017년 12월 7일 04시,목요일,대전광역시 동구 판암동,중상사고,0,1,0,0,차대사람 - 기타,안전운전불이행,젖음/습기,비,교차로 - 교차로부근,기타불명,기타불명,미분류,기타불명,보행자,남,70세,중상
2017120700100066,2017년 12월 7일 04시,목요일,대전광역시 대덕구 대화동,중상사고,0,1,0,0,차대차 - 측면충돌,안전운전불이행,젖음/습기,흐림,교차로 - 교차로안,화물,남,48세,상해없음,이륜,남,27세,중상
2017120700100104,2017년 12월 7일 06시,목요일,대전광역시 서구 둔산동,중상사고,0,1,0,0,차대차 - 기타,신호위반,건조,맑음,교차로 - 교차로안,승용,여,59세,상해없음,승용,남,64세,중상
2017120700100138,2017년 12월 7일 07시,목요일,대전광역시 중구 유천동,사망사고,1,0,0,0,차대사람 - 차도통행중,안전운전불이행,젖음/습기,흐림,단일로 - 기타,화물,남,61세,상해없음,보행자,여,78세,사망
2017120700100139,2017년 12월 7일 07시,목요일,대전광역시 동구 신흥동,경상사고,0,0,1,0,차대차 - 측면충돌,안전운전불이행,젖음/습기,흐림,교차로 - 교차로부근,승용,여,42세,상해없음,원동기,남,47세,경상
2017120700100181,2017년 12월 7일 08시,목요일,대전광역시 대덕구 법동,경상사고,0,0,1,0,차대사람 - 횡단중,보행자보호의무위반,건조,흐림,교차로 - 교차로횡단보도내,화물,남,33세,상해없음,보행자,여,74세,경상
2017120700100182,2017년 12월 7일 08시,목요일,대전광역시 유성구 방동,경상사고,0,0,3,0,차대차 - 추돌,안전운전불이행,건조,맑음,교차로 - 교차로부근,화물,남,34세,상해없음,승용,여,51세,경상
2017120700100271,2017년 12월 7일 12시,목요일,대전광역시 서구 갈마동,경상사고,0,0,1,1,차대차 - 기타,안전운전불이행,건조,맑음,단일로 - 기타,원동기,남,22세,부상신고,승용,여,55세,경상
2017120700100290,2017년 12월 7일 13시,목요일,대전광역시 유성구 도룡동,경상사고,0,0,1,0,차대차 - 기타,안전운전불이행,건조,맑음,교차로 - 교차로안,승용,남,25세,상해없음,승용,남,47세,경상
2017120700100341,2017년 12월 7일 15시,목요일,대전광역시 서구 갈마동,경상사고,0,0,1,0,차대사람 - 기타,안전운전불이행,건조,맑음,단일로 - 기타,승용,여,27세,상해없음,보행자,여,14세,경상
2017120700100470,2017년 12월 7일 18시,목요일,대전광역시 유성구 상대동,중상사고,0,1,0,0,차대사람 - 횡단중,안전운전불이행,건조,맑음,단일로 - 기타,승용,남,28세,상해없음,보행자,남,61세,중상
2017120700100535,2017년 12월 7일 20시,목요일,대전광역시 동구 천동,경상사고,0,0,1,0,차대차 - 기타,안전운전불이행,건조,맑음,교차로 - 교차로안,승용,남,27세,상해없음,승용,남,38세,경상
2017120700100554,2017년 12월 7일 21시,목요일,대전광역시 서구 관저동,경상사고,0,0,3,0,차대차 - 추돌,안전거리미확보,건조,맑음,단일로 - 기타,승용,남,40세,상해없음,승용,남,53세,경상
2017120700100555,2017년 12월 7일 21시,목요일,대전광역시 서구 둔산동,경상사고,0,0,1,0,차대차 - 측면충돌,신호위반,건조,맑음,교차로 - 교차로안,승용,여,61세,상해없음,승용,남,37세,경상
2017120700100556,2017년 12월 7일 21시,목요일,대전광역시 서구 탄방동,중상사고,0,1,2,0,차대차 - 측면충돌,안전운전불이행,건조,맑음,단일로 - 기타,승합,남,42세,중상,승용,남,49세,경상
2017120700100575,2017년 12월 7일 22시,목요일,대전광역시 대덕구 비래동,경상사고,0,0,2,0,차대차 - 기타,안전운전불이행,건조,맑음,단일로 - 기타,화물,남,52세,상해없음,승용,남,47세,경상
2017120700100581,2017년 12월 7일 22시,목요일,대전광역시 중구 중촌동,경상사고,0,0,1,0,차대차 - 측면충돌,안전운전불이행,건조,맑음,단일로 - 기타,승용,남,44세,상해없음,승용,남,50세,경상
2017120700100582,2017년 12월 7일 22시,목요일,대전광역시 중구 대흥동,경상사고,0,0,1,0,차대차 - 측면충돌,안전운전불이행,건조,맑음,단일로 - 기타,승용,남,27세,상해없음,승용,남,50세,경상
2017120700100583,2017년 12월 7일 22시,목요일,대전광역시 동구 인동,경상사고,0,0,1,0,차대차 - 추돌,안전운전불이행,건조,맑음,단일로 - 기타,승용,남,21세,상해없음,승합,남,63세,경상
2017120700100584,2017년 12월 7일 22시,목요일,대전광역시 서구 둔산동,경상사고,0,0,2,0,차대차 - 측면충돌,안전운전불이행,건조,맑음,단일로 - 기타,승용,남,34세,경상,승용,남,54세,상해없음
2017120700100618,2017년 12월 7일 23시,목요일,대전광역시 유성구 송강동,경상사고,0,0,1,0,차대사람 - 기타,기타,건조,맑음,단일로 - 기타,승용,남,47세,상해없음,보행자,남,53세,경상
2017120800100076,2017년 12월 8일 02시,금요일,대전광역시 서구 탄방동,경상사고,0,0,1,0,차대차 - 측면충돌,신호위반,건조,맑음,교차로 - 교차로안,승용,남,29세,상해없음,승용,남,28세,경상
2017120800100270,2017년 12월 8일 10시,금요일,대전광역시 중구 대사동,경상사고,0,0,3,0,차대차 - 추돌,안전운전불이행,건조,맑음,단일로 - 기타,승용,남,63세,상해없음,승용,남,48세,경상
2017120800100299,2017년 12월 8일 11시,금요일,대전광역시 서구 갈마동,중상사고,0,1,0,0,차대사람 - 길가장자리구역통행중,안전운전불이행,건조,맑음,교차로 - 교차로안,화물,남,52세,상해없음,보행자,여,75세,중상
2017120800100328,2017년 12월 8일 12시,금요일,대전광역시 유성구 원신흥동,경상사고,0,0,2,0,차대차 - 측면충돌,안전운전불이행,건조,맑음,단일로 - 기타,승용,남,74세,상해없음,승용,남,43세,상해없음
2017120800100353,2017년 12월 8일 13시,금요일,대전광역시 서구 괴정동,경상사고,0,0,1,0,차대차 - 측면충돌,교차로운행방법위반,건조,맑음,교차로 - 교차로안,승용,남,59세,상해없음,화물,남,43세,경상
2017120800100381,2017년 12월 8일 14시,금요일,대전광역시 동구 대성동,경상사고,0,0,1,0,차대사람 - 기타,신호위반,건조,맑음,교차로 - 교차로횡단보도내,승용,남,53세,상해없음,보행자,남,8세,경상
2017120800100382,2017년 12월 8일 14시,금요일,대전광역시 대덕구 오정동,경상사고,0,0,1,0,차대차 - 기타,신호위반,건조,맑음,교차로 - 교차로안,화물,남,61세,상해없음,이륜,남,68세,경상
2017120800100383,2017년 12월 8일 14시,금요일,대전광역시 유성구 전민동,중상사고,0,1,0,0,차대차 - 기타,안전운전불이행,건조,맑음,교차로 - 교차로안,화물,남,34세,상해없음,승용,여,39세,중상
2017120800100412,2017년 12월 8일 15시,금요일,대전광역시 유성구 궁동,경상사고,0,0,2,0,차대차 - 추돌,안전운전불이행,건조,맑음,단일로 - 기타,승용,여,66세,상해없음,승용,남,37세,경상
2017120800100454,2017년 12월 8일 16시,금요일,대전광역시 대덕구 목상동,중상사고,0,1,1,0,차대차 - 기타,중앙선침범,건조,맑음,교차로 - 교차로부근,승용,여,26세,상해없음,승용,남,56세,중상
2017120800100512,2017년 12월 8일 17시,금요일,대전광역시 중구 목동,중상사고,0,1,0,0,차대사람 - 차도통행중,안전운전불이행,건조,맑음,단일로 - 기타,승용,남,24세,상해없음,보행자,여,76세,중상
2017120800100513,2017년 12월 8일 17시,금요일,대전광역시 동구 대성동,사망사고,1,0,0,0,차대사람 - 기타,안전운전불이행,건조,맑음,단일로 - 기타,승용,남,63세,상해없음,보행자,남,73세,사망
2017120800100514,2017년 12월 8일 17시,금요일,대전광역시 서구 내동,중상사고,0,1,0,0,차대사람 - 횡단중,신호위반,건조,맑음,단일로 - 기타,승용,남,59세,상해없음,보행자,여,60세,중상