사고번호,사고일시,요일,시군구,사고내용,사망자수,중상자수,경상자수,부상신고자수,사고유형,법규위반,노면상태,기상상태,도로형태,가해운전자 차종,가해운전자 성별,가해운전자 연령,가해운전자 상해정도,피해운전자 차종,피해운전자 성별,피해운전자 연령,피해운전자 상해정도
2017120800100515,2017년 12월 8일 17시,금요일,대전광역시 서구 갈마동,중상사고,0,1,0,0,차대차 - 기타,중앙선침범,건조,맑음,단일로 - 기타,승용,여,60세,상해없음,이륜,남,32세,중상
2017120800100516,2017년 12월 8일 17시,금요일,대전광역시 유성구 노은동,중상사고,0,1,0,0,차대차 - 측면충돌,신호위반,건조,맑음,교차로 - 교차로안,승용,남,29세,상해없음,승용,남,34세,중상
2017120800100568,2017년 12월 8일 18시,금요일,대전광역시 대덕구 송촌동,중상사고,0,1,0,0,차대사람 - 기타,보행자보호의무위반,건조,맑음,단일로 - 기타,승용,남,29세,상해없음,보행자,남,46세,중상
2017120800100569,2017년 12월 8일 18시,금요일,대전광역시 서구 월평동,중상사고,0,1,0,0,차대차 - 기타,안전운전불이행,건조,맑음,교차로 - 교차로부근,승용,여,50세,상해없음,자전거,남,71세,중상
2017120800100570,2017년 12월 8일 18시,금요일,대전광역시 유성구 도룡동,경상사고,0,0,1,0,차량단독 - 공작물충돌,안전운전불이행,건조,맑음,교차로 - 교차로부근,화물,남,50세,경상,,,,
2017120800100614,2017년 12월 8일 19시,금요일,대전광역시 중구 용두동,중상사고,0,1,0,0,차대차 - 정면충돌,안전운전불이행,건조,맑음,교차로 - 교차로안,승용,남,56세,상해없음,승용,남,52세,중상
2017120800100615,2017년 12월 8일 19시,금요일,대전광역시 서구 탄방동,중상사고,0,1,0,0,차대차 - 기타,안전운전불이행,건조,맑음,교차로 - 교차로안,승용,남,52세,상해없음,사륜오토바이(ATV),남,41세,중상
2017120800100650,2017년 12월 8일 20시,금요일,대전광역시 서구 탄방동,경상사고,0,0,1,0,차대사람 - 횡단중,보행자보호의무위반,건조,맑음,교차로 - 교차로횡단보도내,승용,남,35세,상해없음,보행자,남,48세,경상
2017120800100651,2017년 12월 8일 20시,금요일,대전광역시 유성구 외삼동,중상사고,0,2,1,0,차대차 - 추돌,안전운전불이행,건조,맑음,단일로 - 기타,승용,남,44세,중상,화물,남,51세,중상
2017120800100681,2017년 12월 8일 21시,금요일,대전광역시 서구 탄방동,경상사고,0,0,1,0,차대차 - 기타,안전운전불이행,건조,맑음,교차로 - 교차로안,승용,남,27세,상해없음,이륜,남,21세,경상
2017120800100704,2017년 12월 8일 22시,금요일,대전광역시 서구 도안동,경상사고,0,0,1,0,차대차 - 측면충돌,신호위반,건조,맑음,교차로 - 교차로안,승합,남,64세,상해없음,승용,남,61세,경상
2017120800100705,2017년 12월 8일 22시,금요일,대전광역시 유성구 원내동,경상사고,0,0,1,0,차대차 - 측면충돌,중앙선침범,건조,맑음,단일로 - 기타,승합,남,27세,상해없음,승용,여,45세,경상
2017120800100728,2017년 12월 8일 23시,금요일,대전광역시 중구 문화동,경상사고,0,0,1,0,차대사람 - 횡단중,보행자보호의무위반,건조,맑음,교차로 - 교차로횡단보도내,화물,남,65세,상해없음,보행자,여,29세,경상
2017120800100729,2017년 12월 8일 23시,금요일,대전광역시 서구 정림동,경상사고,0,0,2,0,차대차 - 추돌,안전운전불이행,건조,맑음,단일로 - 기타,승용,남,59세,상해없음,승용,남,61세,경상
2017120800100730,2017년 12월 8일 23시,금요일,대전광역시 유성구 구암동,경상사고,0,0,1,0,차대차 - 추돌,차로위반,건조,맑음,교차로 - 교차로부근,화물,남,61세,상해없음,승용,남,42세,경상
2017120900100093,2017년 12월 9일 02시,토요일,대전광역시 대덕구 문평동,경상사고,0,0,1,0,차대차 - 기타,안전운전불이행,건조,흐림,교차로 - 교차로안,승용,남,45세,기타불명,화물,남,50세,상해없음
2017120900100105,2017년 12월 9일 03시,토요일,대전광역시 서구 둔산동,경상사고,0,0,1,1,차대차 - 기타,직진우회전진행방해,건조,맑음,교차로 - 교차로안,승용,남,59세,상해없음,승용,여,59세,경상
2017120900100148,2017년 12월 9일 06시,토요일,대전광역시 중구 부사동,경상사고,0,0,1,0,차대차 - 추돌,신호위반,건조,맑음,교차로 - 교차로안,승용,남,59세,상해없음,자전거,남,51세,경상
2017120900100266,2017년 12월 9일 11시,토요일,대전광역시 서구 갈마동,경상사고,0,0,3,0,차대차 - 측면충돌,안전거리미확보,건조,맑음,단일로 - 기타,승용,여,56세,상해없음,승용,여,44세,경상
2017120900100295,2017년 12월 9일 12시,토요일,대전광역시 서구 둔산동,중상사고,0,2,0,0,차대차 - 기타,교차로운행방법위반,건조,맑음,교차로 - 교차로안,승용,남,50세,상해없음,승용,남,35세,중상
2017120900100296,2017년 12월 9일 12시,토요일,대전광역시 유성구 봉명동,경상사고,0,0,1,0,차대차 - 후진중충돌,안전운전불이행,건조,맑음,교차로 - 교차로안,승용,남,25세,상해없음,승용,남,31세,경상
2017120900100394,2017년 12월 9일 15시,토요일,대전광역시 유성구 관평동,경상사고,0,0,2,0,차대차 - 측면충돌,교차로운행방법위반,건조,맑음,교차로 - 교차로안,승용,남,56세,경상,승용,남,29세,경상
2017120900100395,2017년 12월 9일 15시,토요일,대전광역시 유성구 도룡동,경상사고,0,0,1,0,차대차 - 측면충돌,신호위반,건조,맑음,교차로 - 교차로안,승용,여,35세,상해없음,승용,여,30세,경상
2017120900100466,2017년 12월 9일 17시,토요일,대전광역시 서구 둔산동,중상사고,0,1,0,0,차대차 - 측면충돌,안전운전불이행,건조,맑음,단일로 - 기타,승용,여,71세,상해없음,자전거,남,10세,중상
2017120900100535,2017년 12월 9일 18시,토요일,대전광역시 중구 유천동,경상사고,0,0,2,0,차대차 - 측면충돌,안전운전불이행,건조,맑음,교차로 - 교차로안,승용,남,52세,상해없음,승용,남,68세,경상
2017120900100536,2017년 12월 9일 18시,토요일,대전광역시 서구 갈마동,중상사고,0,1,0,0,차대차 - 측면충돌,안전거리미확보,건조,맑음,단일로 - 기타,승용,남,61세,상해없음,이륜,남,47세,중상
2017120900100647,2017년 12월 9일 21시,토요일,대전광역시 대덕구 중리동,경상사고,0,0,1,0,차대차 - 기타,신호위반,건조,맑음,교차로 - 교차로안,승용,여,58세,상해없음,승용,남,41세,경상
2017120900100648,2017년 12월 9일 21시,토요일,대전광역시 서구 탄방동,부상신고사고,0,0,0,1,차대사람 - 길가장자리구역통행중,안전운전불이행,건조,맑음,단일로 - 기타,기타불명,기타불명,미분류,기타불명,보행자,남,43세,부상신고
2017120900100672,2017년 12월 9일 22시,토요일,대전광역시 중구 대흥동,중상사고,0,1,0,0,차대사람 - 횡단중,안전운전불이행,건조,맑음,단일로 - 기타,승용,남,62세,상해없음,보행자,남,59세,중상
2017120900100673,2017년 12월 9일 22시,토요일,대전광역시 동구 성남동,부상신고사고,0,0,0,1,차대사람 - 보도통행중,보행자보호의무위반,건조,기타,교차로 - 교차로횡단보도내,승용,여,29세,상해없음,보행자,여,29세,부상신고
2017120900100674,2017년 12월 9일 22시,토요일,대전광역시 서구 둔산동,경상사고,0,0,1,0,차대차 - 기타,중앙선침범,건조,맑음,단일로 - 기타,승용,남,36세,상해없음,이륜,남,33세,경상
2017121000100072,2017년 12월 10일 02시,일요일,대전광역시 서구 둔산동,경상사고,0,0,1,0,차대사람 - 길가장자리구역통행중,안전운전불이행,건조,맑음,단일로 - 기타,승용,남,24세,상해없음,보행자,여,21세,경상
2017121000100073,2017년 12월 10일 02시,일요일,대전광역시 유성구 원신흥동,중상사고,0,2,0,0,차대차 - 측면충돌,안전운전불이행,건조,맑음,교차로 - 교차로안,승용,남,35세,상해없음,승용,남,25세,중상
2017121000100118,2017년 12월 10일 05시,일요일,대전광역시 서구 둔산동,경상사고,0,0,2,0,차대차 - 추돌,안전운전불이행,건조,맑음,단일로 - 기타,승용,남,40세,상해없음,승용,남,49세,경상
2017121000100208,2017년 12월 10일 11시,일요일,대전광역시 서구 괴정동,경상사고,0,0,1,0,차대차 - 추돌,안전운전불이행,젖음/습기,눈,단일로 - 기타,승용,남,60세,상해없음,승용,남,31세,경상
2017121000100275,2017년 12월 10일 14시,일요일,대전광역시 대덕구 석봉동,경상사고,0,0,1,0,차대차 - 기타,신호위반,건조,맑음,교차로 - 교차로안,승용,여,31세,상해없음,승용,남,30세,경상
2017121000100302,2017년 12월 10일 15시,일요일,대전광역시 중구 선화동,경상사고,0,0,13,0,차대차 - 측면충돌,신호위반,건조,맑음,교차로 - 교차로안,승용,남,66세,상해없음,승합,남,31세,경상
2017121000100393,2017년 12월 10일 18시,일요일,대전광역시 동구 판암동,중상사고,0,1,0,0,차대사람 - 횡단중,안전운전불이행,건조,맑음,교차로 - 교차로안,화물,남,45세,상해없음,보행자,여,66세,중상
2017121000100394,2017년 12월 10일 18시,일요일,대전광역시 동구 대성동,경상사고,0,0,3,0,차대차 - 추돌,안전운전불이행,건조,맑음,단일로 - 기타,승용,남,16세,상해없음,승용,여,26세,경상
2017121000100395,2017년 12월 10일 18시,일요일,대전광역시 서구 탄방동,경상사고,0,0,1,0,차대차 - 측면충돌,신호위반,건조,맑음,교차로 - 교차로안,승용,남,46세,상해없음,승용,여,51세,경상
2017121000100396,2017년 12월 10일 18시,일요일,대전광역시 서구 갈마동,경상사고,0,0,1,0,차대사람 - 길가장자리구역통행중,안전운전불이행,젖음/습기,흐림,단일로 - 기타,기타불명,기타불명,미분류,기타불명,보행자,남,31세,경상
2017121000100417,2017년 12월 10일 19시,일요일,대전광역시 대덕구 오정동,경상사고,0,0,3,0,차대차 - 기타,안전운전불이행,건조,맑음,단일로 - 기타,승용,남,62세,상해없음,승합,남,46세,경상
2017121000100418,2017년 12월 10일 19시,일요일,대전광역시 유성구 봉명동,경상사고,0,0,3,0,차대차 - 측면충돌,신호위반,건조,맑음,교차로 - 교차로안,승용,남,22세,상해없음,승용,남,58세,경상
2017121000100463,2017년 12월 10일 21시,일요일,대전광역시 동구 용전동,경상사고,0,0,2,0,차대차 - 추돌,안전운전불이행,건조,맑음,교차로 - 교차로안,승용,남,38세,경상,화물,남,52세,상해없음
2017121000100484,2017년 12월 10일 22시,일요일,대전광역시 중구 태평동,중상사고,0,1,0,0,차량단독 - 기타,기타,건조,맑음,교차로 - 교차로안,승합,남,39세,상해없음,,,,
2017121000100485,2017년 12월 10일 22시,일요일,대전광역시 유성구 봉명동,중상사고,0,1,0,0,차대사람 - 횡단중,안전운전불이행,젖음/습기,비,교차로 - 교차로부근,승용,남,54세,상해없음,보행자,여,63세,중상
2017121000100498,2017년 12월 10일 23시,일요일,대전광역시 동구 홍도동,경상사고,0,0,1,0,차대차 - 추돌,안전운전불이행,건조,맑음,단일로 - 기타,승용,남,31세,상해없음,승용,남,52세,경상
2017121100100063,2017년 12월 11일 06시,월요일,대전광역시 중구 문창동,경상사고,0,0,1,0,차대사람 - 차도통행중,안전운전불이행,건조,흐림,교차로 - 교차로안,승용,남,70세,상해없음,보행자,남,81세,경상
2017121100100083,2017년 12월 11일 07시,월요일,대전광역시 중구 목동,중상사고,0,1,0,0,차대사람 - 횡단중,안전운전불이행,건조,흐림,단일로 - 기타,승합,남,65세,상해없음,보행자,여,68세,중상
2017121100100188,2017년 12월 11일 11시,월요일,대전광역시 중구 옥계동,경상사고,0,0,1,0,차대차 - 측면충돌,안전운전불이행,건조,맑음,교차로 - 교차로부근,기타불명,기타불명,미분류,기타불명,승용,남,80세,경상
2017121100100215,2017년 12월 11일 12시,월요일,대전광역시 중구 대사동,중상사고,0,1,0,0,차대사람 - 횡단중,안전운전불이행,젖음/습기,눈,단일로 - 기타,승용,남,73세,상해없음,보행자,여,40세,중상
2017121100100379,2017년 12월 11일 17시,월요일,대전광역시 중구 문화동,중상사고,0,1,0,0,차대사람 - 횡단중,안전운전불이행,건조,맑음,교차로 - 교차로안,승용,남,44세,상해없음,보행자,여,68세,중상
2017121100100380,2017년 12월 11일 17시,월요일,대전광역시 동구 용전동,경상사고,0,0,2,0,차대차 - 측면충돌,신호위반,건조,맑음,교차로 - 교차로부근,승용,남,36세,상해없음,승용,남,20세,경상
2017121100100423,2017년 12월 11일 18시,월요일,대전광역시 대덕구 덕암동,경상사고,0,0,1,0,차대차 - 측면충돌,안전운전불이행,건조,맑음,단일로 - 기타,화물,남,54세,상해없음,승용,남,39세,경상
2017121100100449,2017년 12월 11일 19시,월요일,대전광역시 유성구 원신흥동,경상사고,0,0,1,0,차대차 - 측면충돌,안전거리미확보,건조,맑음,단일로 - 기타,승용,여,56세,기타불명,원동기,남,45세,경상
2017121100100489,2017년 12월 11일 21시,월요일,대전광역시 유성구 구암동,중상사고,0,1,0,0,차대사람 - 횡단중,보행자보호의무위반,건조,맑음,교차로 - 교차로안,승용,남,33세,상해없음,보행자,여,73세,중상
2017121100100513,2017년 12월 11일 22시,월요일,대전광역시 대덕구 오정동,중상사고,0,1,0,0,차대차 - 추돌,안전운전불이행,젖음/습기,눈,단일로 - 기타,승용,여,23세,상해없음,승용,여,35세,중상
2017121100100514,2017년 12월 11일 22시,월요일,대전광역시 유성구 구암동,경상사고,0,0,1,0,차대차 - 측면충돌,안전거리미확보,건조,맑음,단일로 - 기타,승용,남,30세,상해없음,승용,남,54세,경상
2017121200100097,2017년 12월 12일 07시,화요일,대전광역시 대덕구 상서동,경상사고,0,0,1,0,차대차 - 측면충돌,안전운전불이행,건조,맑음,단일로 - 기타,승용,남,56세,상해없음,승용,남,52세,경상
2017121200100098,2017년 12월 12일 07시,화요일,대전광역시 유성구 구암동,경상사고,0,0,1,0,차대차 - 측면충돌,신호위반,건조,맑음,교차로 - 교차로안,승용,여,30세,상해없음,승용,여,36세,경상
2017121200100135,2017년 12월 12일 08시,화요일,대전광역시 동구 인동,경상사고,0,0,1,0,차대차 - 추돌,안전거리미확보,건조,맑음,교차로 - 교차로부근,승용,남,66세,상해없음,승용,남,42세,경상
2017121200100136,2017년 12월 12일 08시,화요일,대전광역시 서구 둔산동,경상사고,0,0,1,0,차대차 - 추돌,안전운전불이행,건조,맑음,단일로 - 기타,승용,남,24세,상해없음,승용,남,39세,경상
2017121200100137,2017년 12월 12일 08시,화요일,대전광역시 유성구 관평동,중상사고,0,1,2,0,차대차 - 측면충돌,교차로운행방법위반,건조,맑음,교차로 - 교차로안,승용,여,57세,경상,승용,남,44세,중상
2017121200100192,2017년 12월 12일 10시,화요일,대전광역시 대덕구 상서동,경상사고,0,0,2,0,차대차 - 추돌,안전운전불이행,건조,맑음,단일로 - 기타,승용,남,35세,상해없음,승용,남,42세,경상
2017121200100231,2017년 12월 12일 11시,화요일,대전광역시 서구 둔산동,중상사고,0,1,1,0,차대차 - 측면충돌,안전거리미확보,건조,맑음,교차로 - 교차로부근,승용,남,68세,중상,승용,여,50세,경상
2017121200100258,2017년 12월 12일 12시,화요일,대전광역시 대덕구 신탄진동,경상사고,0,0,3,0,차대차 - 기타,안전운전불이행,건조,맑음,단일로 - 기타,화물,남,58세,상해없음,승용,남,75세,경상
2017121200100259,2017년 12월 12일 12시,화요일,대전광역시 대덕구 신탄진동,경상사고,0,0,1,0,차대차 - 추돌,안전운전불이행,건조,맑음,단일로 - 기타,화물,여,69세,상해없음,승용,남,60세,경상
2017121200100315,2017년 12월 12일 14시,화요일,대전광역시 서구 복수동,중상사고,0,1,0,0,차대사람 - 횡단중,안전운전불이행,건조,맑음,교차로 - 교차로부근,승용,남,46세,상해없음,보행자,남,9세,중상
2017121200100344,2017년 12월 12일 15시,화요일,대전광역시 서구 갈마동,경상사고,0,0,1,0,차대사람 - 기타,안전운전불이행,건조,맑음,단일로 - 기타,승용,남,36세,상해없음,보행자,남,8세,경상
2017121200100373,2017년 12월 12일 16시,화요일,대전광역시 서구 괴정동,중상사고,0,1,0,0,차대사람 - 횡단중,안전운전불이행,건조,맑음,교차로 - 교차로안,승용,남,60세,상해없음,보행자,남,9세,중상
2017121200100374,2017년 12월 12일 16시,화요일,대전광역시 유성구 봉명동,경상사고,0,0,1,0,차대차 - 추돌,신호위반,건조,맑음,교차로 - 교차로안,승용,여,59세,상해없음,승용,남,44세,경상
2017121200100415,2017년 12월 12일 17시,화요일,대전광역시 서구 도안동,경상사고,0,0,1,0,차대차 - 측면충돌,안전운전불이행,건조,맑음,주차장 - 주차장,승용,남,56세,상해없음,승용,여,29세,경상
2017121200100416,2017년 12월 12일 17시,화요일,대전광역시 유성구 도룡동,중상사고,0,1,0,0,차대차 - 추돌,안전운전불이행,건조,맑음,교차로 - 교차로안,승용,남,53세,기타불명,승용,여,23세,중상
2017121200100467,2017년 12월 12일 18시,화요일,대전광역시 중구 문화동,경상사고,0,0,2,0,차대차 - 추돌,안전운전불이행,건조,맑음,단일로 - 기타,승용,여,61세,기타불명,승용,여,50세,경상
2017121200100468,2017년 12월 12일 18시,화요일,대전광역시 대덕구 문평동,경상사고,0,0,2,0,차대차 - 추돌,안전운전불이행,건조,맑음,교차로 - 교차로부근,승용,남,56세,상해없음,승용,여,34세,경상
2017121200100494,2017년 12월 12일 19시,화요일,대전광역시 유성구 궁동,경상사고,0,0,1,0,차대차 - 기타,안전운전불이행,건조,맑음,단일로 - 기타,승용,남,68세,상해없음,자전거,남,72세,경상
2017121200100519,2017년 12월 12일 20시,화요일,대전광역시 서구 갈마동,경상사고,0,0,3,0,차대차 - 추돌,안전거리미확보,건조,맑음,교차로 - 교차로부근,승용,남,58세,상해없음,승용,남,58세,경상
2017121200100520,2017년 12월 12일 20시,화요일,대전광역시 유성구 봉명동,부상신고사고,0,0,0,1,차대사람 - 기타,안전운전불이행,건조,맑음,단일로 - 기타,승용,남,30세,상해없음,보행자,여,62세,부상신고
2017121200100546,2017년 12월 12일 21시,화요일,대전광역시 대덕구 송촌동,경상사고,0,0,1,0,차대차 - 기타,안전운전불이행,건조,맑음,기타 - 기타,화물,남,55세,상해없음,승용,남,55세,경상
2017121200100551,2017년 12월 12일 21시,화요일,대전광역시 대덕구 중리동,경상사고,0,0,1,0,차대차 - 측면충돌,교차로운행방법위반,건조,맑음,교차로 - 교차로안,승용,남,46세,기타불명,승용,남,36세,경상
2017121200100604,2017년 12월 12일 23시,화요일,대전광역시 동구 중동,중상사고,0,1,0,0,차대사람 - 기타,안전운전불이행,건조,맑음,교차로 - 교차로안,승용,남,66세,상해없음,보행자,여,64세,중상
2017121300100045,2017년 12월 13일 01시,수요일,대전광역시 서구 갈마동,경상사고,0,0,1,0,차량단독 - 공작물충돌,안전운전불이행,건조,맑음,단일로 - 기타,승용,남,59세,상해없음,,,,
2017121300100080,2017년 12월 13일 06시,수요일,대전광역시 서구 탄방동,경상사고,0,0,1,0,차대차 - 기타,교차로운행방법위반,건조,맑음,교차로 - 교차로안,승용,남,68세,상해없음,화물,남,47세,경상
2017121300100101,2017년 12월 13일 07시,수요일,대전광역시 대덕구 연축동,경상사고,0,0,2,0,차대차 - 추돌,안전운전불이행,건조,맑음,단일로 - 기타,화물,남,57세,상해없음,화물,남,44세,경상
2017121300100146,2017년 12월 13일 08시,수요일,대전광역시 중구 부사동,부상신고사고,0,0,0,1,차대차 - 기타,안전운전불이행,건조,맑음,단일로 - 기타,이륜,남,21세,부상신고,화물,남,55세,기타불명
2017121300100147,2017년 12월 13일 08시,수요일,대전광역시 서구 괴정동,경상사고,0,0,1,0,차대사람 - 차도통행중,안전운전불이행,건조,맑음,기타 - 기타,기타불명,기타불명,미분류,기타불명,보행자,여,8세,경상
2017121300100148,2017년 12월 13일 08시,수요일,대전광역시 서구 둔산동,경상사고,0,0,1,0,차대차 - 측면충돌,안전운전불이행,건조,맑음,교차로 - 교차로부근,승용,여,54세,상해없음,승용,남,64세,경상
2017121300100180,2017년 12월 13일 09시,수요일,대전광역시 유성구 장대동,경상사고,0,0,2,0,차대차 - 측면충돌,안전거리미확보,건조,맑음,단일로 - 기타,승용,남,29세,상해없음,승용,남,39세,경상
2017121300100251,2017년 12월 13일 12시,수요일,대전광역시 대덕구 읍내동,경상사고,0,0,1,0,차대차 - 기타,신호위반,건조,맑음,교차로 - 교차로부근,화물,남,49세,상해없음,승용,남,56세,경상
2017121300100301,2017년 12월 13일 14시,수요일,대전광역시 서구 내동,중상사고,0,1,0,0,차대차 - 측면충돌,안전거리미확보,건조,맑음,단일로 - 기타,승용,남,73세,상해없음,승용,남,31세,중상
2017121300100338,2017년 12월 13일 15시,수요일,대전광역시 동구 용전동,경상사고,0,0,1,0,차량단독 - 기타,안전운전불이행,건조,맑음,단일로 - 기타,승합,남,42세,상해없음,,,,
2017121300100339,2017년 12월 13일 15시,수요일,대전광역시 유성구 도룡동,경상사고,0,0,1,0,차대사람 - 기타,기타,건조,맑음,기타 - 기타,화물,남,55세,상해없음,보행자,남,81세,경상
2017121300100340,2017년 12월 13일 15시,수요일,대전광역시 유성구 방동,경상사고,0,0,2,0,차대차 - 기타,신호위반,건조,맑음,교차로 - 교차로안,승용,남,60세,상해없음,화물,남,66세,경상
2017121300100465,2017년 12월 13일 18시,수요일,대전광역시 중구 선화동,중상사고,0,1,0,0,차대사람 - 횡단중,안전운전불이행,건조,맑음,단일로 - 기타,원동기,남,29세,상해없음,보행자,남,14세,중상
2017121300100466,2017년 12월 13일 18시,수요일,대전광역시 유성구 장대동,부상신고사고,0,0,0,1,차대사람 - 길가장자리구역통행중,안전운전불이행,건조,맑음,단일로 - 기타,화물,남,68세,상해없음,보행자,남,54세,부상신고
2017121300100467,2017년 12월 13일 18시,수요일,대전광역시 유성구 송강동,중상사고,0,1,1,0,차대사람 - 보도통행중,보행자보호의무위반,건조,맑음,교차로 - 교차로안,승용,여,54세,상해없음,보행자,여,34세,경상
2017121300100528,2017년 12월 13일 20시,수요일,대전광역시 서구 갈마동,경상사고,0,0,1,0,차대차 - 기타,신호위반,건조,맑음,교차로 - 교차로안,승용,남,37세,상해없음,이륜,남,37세,경상
2017121300100529,2017년 12월 13일 20시,수요일,대전광역시 유성구 봉명동,경상사고,0,0,1,0,차대차 - 추돌,안전운전불이행,건조,맑음,단일로 - 기타,승용,남,25세,상해없음,승용,남,74세,경상
2017121300100554,2017년 12월 13일 21시,수요일,대전광역시 중구 부사동,경상사고,0,0,1,0,차량단독 - 기타,안전운전불이행,건조,맑음,단일로 - 기타,승용,남,54세,상해없음,,,,
2017121300100555,2017년 12월 13일 21시,수요일,대전광역시 중구 태평동,경상사고,0,0,2,0,차대차 - 측면충돌,신호위반,건조,맑음,교차로 - 교차로안,승용,남,47세,상해없음,승용,남,65세,경상
2017121300100556,2017년 12월 13일 21시,수요일,대전광역시 서구 도마동,경상사고,0,0,1,0,차대차 - 추돌,안전운전불이행,건조,맑음,단일로 - 기타,승용,남,27세,상해없음,이륜,남,39세,기타불명
2017121300100557,2017년 12월 13일 21시,수요일,대전광역시 서구 월평동,경상사고,0,0,2,0,차대차 - 기타,안전운전불이행,건조,맑음,단일로 - 기타,승용,여,57세,상해없음,승용,여,64세,경상
2017121300100558,2017년 12월 13일 21시,수요일,대전광역시 서구 갈마동,경상사고,0,0,1,0,차대차 - 측면충돌,안전운전불이행,건조,맑음,교차로 - 교차로안,승용,남,21세,상해없음,승용,여,22세,경상
2017121300100559,2017년 12월 13일 21시,수요일,대전광역시 유성구 장대동,경상사고,0,0,2,0,차대차 - 추돌,안전운전불이행,건조,맑음,단일로 - 기타,승용,남,22세,상해없음,승합,남,57세,경상
2017121400100041,2017년 12월 14일 00시,목요일,대전광역시 유성구 반석동,경상사고,0,0,1,0,차대차 - 추돌,신호위반,건조,맑음,교차로 - 교차로안,승용,남,51세,상해없음,승용,여,46세,경상
2017121400100114,2017년 12월 14일 06시,목요일,대전광역시 동구 대성동,경상사고,0,0,1,0,차대차 - 추돌,신호위반,건조,맑음,교차로 - 교차로횡단보도내,이륜,남,21세,경상,화물,남,58세,상해없음
2017121400100144,2017년 12월 14일 07시,목요일,대전광역시 대덕구 신탄진동,경상사고,0,0,1,0,차대차 - 기타,차로위반,건조,맑음,단일로 - 기타,승용,남,72세,상해없음,승용,여,23세,경상
2017121400100145,2017년 12월 14일 07시,목요일,대전광역시 대덕구 읍내동,경상사고,0,0,2,0,차대차 - 측면충돌,직진우회전진행방해,건조,맑음,교차로 - 교차로안,승용,여,24세,경상,승용,남,61세,경상
2017121400100146,2017년 12월 14일 07시,목요일,대전광역시 서구 둔산동,중상사고,0,1,0,0,차대차 - 기타,안전운전불이행,건조,맑음,단일로 - 기타,승용,여,27세,상해없음,승용,여,42세,중상
2017121400100147,2017년 12월 14일 07시,목요일,대전광역시 유성구 가정동,부상신고사고,0,0,0,1,차대차 - 측면충돌,신호위반,건조,맑음,교차로 - 교차로안,승용,남,34세,상해없음,승용,남,57세,부상신고
2017121400100148,2017년 12월 14일 07시,목요일,대전광역시 유성구 지족동,경상사고,0,0,4,0,차대차 - 추돌,안전거리미확보,건조,맑음,단일로 - 터널,승용,남,67세,경상,승용,남,62세,경상
2017121400100149,2017년 12월 14일 07시,목요일,대전광역시 유성구 봉명동,경상사고,0,0,1,0,차대차 - 측면충돌,신호위반,건조,맑음,교차로 - 교차로안,승용,여,22세,상해없음,승용,여,34세,경상
2017121400100195,2017년 12월 14일 08시,목요일,대전광역시 유성구 봉명동,경상사고,0,0,1,0,차대차 - 측면충돌,교차로운행방법위반,건조,맑음,교차로 - 교차로안,승용,남,40세,상해없음,승용,남,29세,경상
2017121400100244,2017년 12월 14일 10시,목요일,대전광역시 동구 삼성동,경상사고,0,0,2,0,차대사람 - 길가장자리구역통행중,안전운전불이행,건조,맑음,단일로 - 기타,승용,여,39세,상해없음,보행자,여,57세,경상
2017121400100352,2017년 12월 14일 14시,목요일,대전광역시 유성구 하기동,경상사고,0,0,2,0,차대차 - 기타,안전거리미확보,건조,맑음,교차로 - 교차로부근,화물,남,49세,상해없음,화물,남,55세,상해없음
2017121400100353,2017년 12월 14일 14시,목요일,대전광역시 유성구 장대동,경상사고,0,0,1,0,차대차 - 기타,안전거리미확보,건조,맑음,단일로 - 기타,화물,남,45세,상해없음,승용,여,50세,경상
2017121400100375,2017년 12월 14일 15시,목요일,대전광역시 서구 괴정동,경상사고,0,0,1,0,차대사람 - 길가장자리구역통행중,안전운전불이행,건조,맑음,단일로 - 기타,화물,남,55세,상해없음,보행자,남,63세,경상
2017121400100437,2017년 12월 14일 17시,목요일,대전광역시 중구 호동,중상사고,0,1,0,0,차대사람 - 보도통행중,기타,건조,맑음,단일로 - 기타,화물,남,36세,상해없음,보행자,여,73세,중상
2017121400100438,2017년 12월 14일 17시,목요일,대전광역시 대덕구 송촌동,경상사고,0,0,1,0,차대사람 - 기타,안전운전불이행,건조,맑음,단일로 - 기타,승용,남,50세,상해없음,보행자,남,63세,경상
2017121400100486,2017년 12월 14일 18시,목요일,대전광역시 서구 만년동,경상사고,0,0,1,0,차대차 - 측면충돌,안전거리미확보,건조,맑음,단일로 - 기타,승용,남,63세,상해없음,승용,남,30세,경상
2017121400100535,2017년 12월 14일 20시,목요일,대전광역시 서구 갈마동,경상사고,0,0,1,0,차대차 - 측면충돌,신호위반,건조,맑음,교차로 - 교차로안,승용,남,56세,상해없음,이륜,남,26세,경상
2017121400100564,2017년 12월 14일 21시,목요일,대전광역시 유성구 장대동,중상사고,0,1,0,0,차대차 - 기타,신호위반,건조,맑음,교차로 - 교차로안,승용,남,69세,상해없음,승용,남,42세,중상
2017121500100048,2017년 12월 15일 00시,금요일,대전광역시 동구 효동,경상사고,0,0,1,0,차대사람 - 차도통행중,안전운전불이행,건조,맑음,단일로 - 기타,화물,남,62세,상해없음,보행자,남,29세,경상