사고번호,사고일시,요일,시군구,사고내용,사망자수,중상자수,경상자수,부상신고자수,사고유형,법규위반,노면상태,기상상태,도로형태,가해운전자 차종,가해운전자 성별,가해운전자 연령,가해운전자 상해정도,피해운전자 차종,피해운전자 성별,피해운전자 연령,피해운전자 상해정도
2017121500100086,2017년 12월 15일 04시,금요일,대전광역시 서구 갈마동,중상사고,0,1,0,0,차대차 - 기타,안전운전불이행,건조,맑음,단일로 - 고가도로위,기타불명,기타불명,미분류,기타불명,개인형이동수단(PM),남,52세,중상
2017121500100137,2017년 12월 15일 07시,금요일,대전광역시 유성구 신성동,경상사고,0,0,1,0,차대차 - 추돌,안전운전불이행,건조,맑음,단일로 - 기타,승용,남,34세,상해없음,승용,남,30세,경상
2017121500100202,2017년 12월 15일 09시,금요일,대전광역시 서구 둔산동,경상사고,0,0,1,0,차대차 - 기타,안전운전불이행,건조,맑음,교차로 - 교차로횡단보도내,승용,남,71세,상해없음,자전거,여,66세,경상
2017121500100251,2017년 12월 15일 11시,금요일,대전광역시 유성구 궁동,중상사고,0,1,0,0,차대차 - 기타,안전운전불이행,건조,맑음,단일로 - 기타,승용,남,30세,상해없음,자전거,여,57세,중상
2017121500100279,2017년 12월 15일 12시,금요일,대전광역시 중구 선화동,중상사고,0,1,0,0,차대차 - 추돌,안전운전불이행,건조,맑음,교차로 - 교차로부근,승용,남,61세,상해없음,이륜,남,59세,중상
2017121500100309,2017년 12월 15일 13시,금요일,대전광역시 중구 대흥동,경상사고,0,0,1,0,차대사람 - 차도통행중,신호위반,건조,맑음,단일로 - 기타,승용,여,51세,상해없음,보행자,여,26세,경상
2017121500100310,2017년 12월 15일 13시,금요일,대전광역시 유성구 도룡동,경상사고,0,0,2,0,차대차 - 기타,안전운전불이행,건조,맑음,단일로 - 기타,승용,남,34세,경상,승용,남,56세,경상
2017121500100331,2017년 12월 15일 14시,금요일,대전광역시 중구 용두동,경상사고,0,0,2,0,차대차 - 측면충돌,신호위반,건조,맑음,교차로 - 교차로안,승용,남,61세,상해없음,승용,남,62세,경상
2017121500100365,2017년 12월 15일 15시,금요일,대전광역시 중구 문화동,중상사고,0,1,0,0,차대사람 - 횡단중,보행자보호의무위반,건조,맑음,교차로 - 교차로횡단보도내,승용,남,61세,상해없음,보행자,여,64세,중상
2017121500100366,2017년 12월 15일 15시,금요일,대전광역시 대덕구 대화동,경상사고,0,0,3,1,차대차 - 추돌,안전운전불이행,건조,맑음,단일로 - 기타,화물,남,45세,상해없음,승용,여,43세,경상
2017121500100367,2017년 12월 15일 15시,금요일,대전광역시 유성구 봉명동,경상사고,0,0,1,0,차대차 - 기타,안전운전불이행,건조,맑음,주차장 - 주차장,승용,남,70세,상해없음,승용,남,40세,경상
2017121500100368,2017년 12월 15일 15시,금요일,대전광역시 유성구 탑립동,경상사고,0,0,1,0,차대차 - 추돌,안전운전불이행,건조,맑음,교차로 - 교차로안,승용,남,49세,상해없음,승용,여,56세,경상
2017121500100385,2017년 12월 15일 16시,금요일,대전광역시 유성구 자운동,경상사고,0,0,1,0,차대차 - 기타,안전운전불이행,건조,맑음,기타 - 기타,승용,여,36세,상해없음,승용,남,21세,경상
2017121500100398,2017년 12월 15일 16시,금요일,대전광역시 동구 신흥동,중상사고,0,1,5,0,차대차 - 측면충돌,신호위반,건조,맑음,교차로 - 교차로안,화물,남,67세,경상,승용,남,37세,경상
2017121500100399,2017년 12월 15일 16시,금요일,대전광역시 서구 둔산동,경상사고,0,0,1,0,차대사람 - 차도통행중,안전운전불이행,건조,맑음,단일로 - 기타,승용,여,50세,상해없음,보행자,여,38세,경상
2017121500100448,2017년 12월 15일 17시,금요일,대전광역시 동구 신흥동,경상사고,0,0,2,0,차대차 - 측면충돌,안전운전불이행,건조,맑음,교차로 - 교차로안,승용,남,67세,상해없음,승용,여,37세,경상
2017121500100449,2017년 12월 15일 17시,금요일,대전광역시 유성구 봉산동,경상사고,0,0,1,0,차대차 - 측면충돌,안전운전불이행,건조,맑음,단일로 - 기타,이륜,남,27세,상해없음,자전거,남,15세,경상
2017121500100489,2017년 12월 15일 18시,금요일,대전광역시 대덕구 덕암동,경상사고,0,0,1,0,차대차 - 기타,안전운전불이행,건조,맑음,단일로 - 기타,승용,여,57세,상해없음,승용,남,27세,경상
2017121500100519,2017년 12월 15일 19시,금요일,대전광역시 유성구 도룡동,중상사고,0,1,13,0,차대차 - 기타,안전거리미확보,건조,맑음,단일로 - 기타,승합,남,26세,상해없음,승용,여,56세,중상
2017121500100560,2017년 12월 15일 20시,금요일,대전광역시 서구 정림동,경상사고,0,0,1,0,차대차 - 추돌,안전운전불이행,건조,맑음,단일로 - 기타,승용,남,75세,상해없음,승용,여,56세,경상
2017121500100561,2017년 12월 15일 20시,금요일,대전광역시 서구 갈마동,경상사고,0,0,1,0,차대차 - 기타,기타,건조,맑음,교차로 - 교차로횡단보도내,기타불명,기타불명,미분류,기타불명,승합,남,40세,상해없음
2017121500100625,2017년 12월 15일 22시,금요일,대전광역시 동구 홍도동,중상사고,0,1,0,0,차대차 - 정면충돌,신호위반,건조,맑음,교차로 - 교차로안,승용,여,45세,상해없음,이륜,남,69세,중상
2017121600100059,2017년 12월 16일 00시,토요일,대전광역시 서구 둔산동,사망사고,1,0,6,0,차대차 - 추돌,안전운전불이행,건조,맑음,교차로 - 교차로부근,승용,남,71세,상해없음,승용,남,56세,경상
2017121600100079,2017년 12월 16일 01시,토요일,대전광역시 서구 둔산동,중상사고,0,2,0,0,차대차 - 측면충돌,직진우회전진행방해,건조,맑음,교차로 - 교차로안,승용,남,60세,중상,이륜,남,23세,중상
2017121600100080,2017년 12월 16일 01시,토요일,대전광역시 유성구 봉명동,경상사고,0,0,3,0,차대차 - 기타,신호위반,건조,맑음,교차로 - 교차로안,승용,남,34세,경상,승용,남,28세,경상
2017121600100081,2017년 12월 16일 01시,토요일,대전광역시 유성구 노은동,경상사고,0,0,2,0,차대차 - 기타,안전거리미확보,건조,맑음,교차로 - 교차로부근,승용,여,27세,경상,승용,남,58세,경상
2017121600100135,2017년 12월 16일 05시,토요일,대전광역시 서구 갈마동,경상사고,0,0,1,0,차대차 - 측면충돌,안전운전불이행,건조,맑음,교차로 - 교차로안,승용,남,34세,상해없음,승용,남,66세,상해없음
2017121600100151,2017년 12월 16일 06시,토요일,대전광역시 서구 둔산동,경상사고,0,0,1,0,차대차 - 측면충돌,신호위반,건조,맑음,교차로 - 교차로안,승용,남,28세,상해없음,승용,남,59세,상해없음
2017121600100152,2017년 12월 16일 06시,토요일,대전광역시 유성구 구암동,경상사고,0,0,1,0,차대차 - 기타,신호위반,건조,맑음,교차로 - 교차로안,승용,여,33세,상해없음,승용,남,56세,경상
2017121600100185,2017년 12월 16일 08시,토요일,대전광역시 서구 둔산동,경상사고,0,0,1,0,차대차 - 측면충돌,교차로운행방법위반,건조,맑음,교차로 - 교차로안,승용,남,48세,상해없음,승용,남,56세,경상
2017121600100213,2017년 12월 16일 09시,토요일,대전광역시 서구 괴정동,경상사고,0,0,1,0,차대차 - 측면충돌,교차로운행방법위반,건조,맑음,교차로 - 교차로안,승용,여,22세,상해없음,승용,남,28세,경상
2017121600100235,2017년 12월 16일 10시,토요일,대전광역시 동구 용전동,경상사고,0,0,1,0,차대사람 - 횡단중,보행자보호의무위반,건조,맑음,단일로 - 기타,승용,남,44세,상해없음,보행자,남,57세,경상
2017121600100262,2017년 12월 16일 11시,토요일,대전광역시 동구 대성동,경상사고,0,0,1,0,차대사람 - 횡단중,보행자보호의무위반,건조,맑음,단일로 - 기타,승용,남,45세,상해없음,보행자,여,70세,경상
2017121600100290,2017년 12월 16일 12시,토요일,대전광역시 동구 가양동,중상사고,0,1,0,0,차대차 - 측면충돌,신호위반,건조,맑음,교차로 - 교차로안,승용,남,44세,상해없음,이륜,여,75세,중상
2017121600100323,2017년 12월 16일 13시,토요일,대전광역시 대덕구 읍내동,경상사고,0,0,1,0,차대차 - 측면충돌,안전운전불이행,건조,맑음,단일로 - 기타,승용,여,67세,상해없음,원동기,남,59세,경상
2017121600100355,2017년 12월 16일 14시,토요일,대전광역시 동구 성남동,경상사고,0,0,1,0,차량단독 - 기타,기타,건조,맑음,단일로 - 기타,승합,남,47세,상해없음,,,,
2017121600100356,2017년 12월 16일 14시,토요일,대전광역시 서구 내동,경상사고,0,0,2,0,차량단독 - 기타,안전운전불이행,건조,맑음,단일로 - 기타,승합,남,55세,상해없음,,,,
2017121600100357,2017년 12월 16일 14시,토요일,대전광역시 대덕구 신대동,경상사고,0,0,1,0,차대차 - 측면충돌,안전운전불이행,건조,맑음,단일로 - 기타,승용,남,38세,상해없음,승용,남,47세,경상
2017121600100396,2017년 12월 16일 15시,토요일,대전광역시 대덕구 석봉동,경상사고,0,0,1,0,차대차 - 측면충돌,안전운전불이행,건조,맑음,단일로 - 기타,승용,남,34세,상해없음,자전거,남,63세,경상
2017121600100397,2017년 12월 16일 15시,토요일,대전광역시 대덕구 석봉동,경상사고,0,0,1,0,차대사람 - 기타,안전운전불이행,건조,맑음,단일로 - 기타,승용,남,52세,상해없음,보행자,남,50세,경상
2017121600100398,2017년 12월 16일 15시,토요일,대전광역시 서구 갈마동,중상사고,0,1,0,0,차대사람 - 보도통행중,기타,건조,맑음,기타 - 기타,승용,남,69세,상해없음,보행자,여,48세,중상
2017121600100399,2017년 12월 16일 15시,토요일,대전광역시 서구 둔산동,경상사고,0,0,3,0,차대차 - 측면충돌,교차로운행방법위반,건조,맑음,교차로 - 교차로안,승용,여,45세,경상,승용,남,56세,경상
2017121600100514,2017년 12월 16일 18시,토요일,대전광역시 동구 판암동,경상사고,0,0,1,0,차대차 - 측면충돌,안전운전불이행,건조,흐림,교차로 - 교차로부근,승용,남,59세,상해없음,화물,남,52세,경상
2017121600100515,2017년 12월 16일 18시,토요일,대전광역시 대덕구 덕암동,부상신고사고,0,0,0,1,차대사람 - 횡단중,안전운전불이행,건조,맑음,단일로 - 기타,기타불명,기타불명,미분류,기타불명,보행자,여,59세,부상신고
2017121600100516,2017년 12월 16일 18시,토요일,대전광역시 유성구 봉명동,경상사고,0,0,1,0,차대차 - 추돌,안전운전불이행,건조,맑음,단일로 - 기타,기타불명,기타불명,미분류,기타불명,승용,여,56세,경상
2017121600100540,2017년 12월 16일 19시,토요일,대전광역시 유성구 원신흥동,경상사고,0,0,1,0,차대차 - 측면충돌,신호위반,건조,맑음,교차로 - 교차로안,승용,남,58세,상해없음,승합,남,59세,경상
2017121600100594,2017년 12월 16일 21시,토요일,대전광역시 동구 정동,경상사고,0,0,1,0,차량단독 - 기타,안전운전불이행,건조,맑음,단일로 - 기타,승합,남,42세,상해없음,,,,
2017121600100626,2017년 12월 16일 22시,토요일,대전광역시 서구 용문동,경상사고,0,0,2,0,차대차 - 추돌,안전운전불이행,건조,맑음,단일로 - 기타,승용,남,29세,상해없음,승용,남,27세,경상
2017121700100044,2017년 12월 17일 00시,일요일,대전광역시 동구 성남동,중상사고,0,1,0,0,차대사람 - 횡단중,과속,건조,흐림,단일로 - 기타,승용,남,61세,기타불명,보행자,여,56세,중상
2017121700100060,2017년 12월 17일 01시,일요일,대전광역시 유성구 봉명동,경상사고,0,0,3,0,차대차 - 측면충돌,안전운전불이행,건조,맑음,단일로 - 기타,승용,남,25세,상해없음,승용,남,36세,경상
2017121700100083,2017년 12월 17일 02시,일요일,대전광역시 중구 부사동,경상사고,0,0,1,0,차대차 - 측면충돌,교차로운행방법위반,건조,맑음,교차로 - 교차로부근,승용,남,27세,상해없음,승용,여,36세,경상
2017121700100084,2017년 12월 17일 02시,일요일,대전광역시 서구 용문동,경상사고,0,0,2,0,차대차 - 측면충돌,신호위반,건조,맑음,교차로 - 교차로안,승용,여,24세,상해없음,승용,남,67세,경상
2017121700100101,2017년 12월 17일 04시,일요일,대전광역시 서구 둔산동,경상사고,0,0,1,0,차대사람 - 기타,안전운전불이행,건조,맑음,단일로 - 기타,승용,남,61세,상해없음,보행자,남,20세,경상
2017121700100102,2017년 12월 17일 04시,일요일,대전광역시 유성구 관평동,중상사고,0,1,0,0,차대차 - 측면충돌,신호위반,건조,맑음,교차로 - 교차로안,승용,남,32세,상해없음,승용,남,58세,중상
2017121700100116,2017년 12월 17일 05시,일요일,대전광역시 서구 갈마동,경상사고,0,0,5,0,차대차 - 정면충돌,안전운전불이행,건조,맑음,단일로 - 기타,승용,남,25세,기타불명,승용,남,27세,경상
2017121700100200,2017년 12월 17일 12시,일요일,대전광역시 대덕구 중리동,경상사고,0,0,1,0,차대차 - 추돌,교차로운행방법위반,건조,맑음,교차로 - 교차로안,승용,여,55세,기타불명,승용,여,53세,경상
2017121700100201,2017년 12월 17일 12시,일요일,대전광역시 유성구 대동,경상사고,0,0,1,0,차대차 - 기타,안전운전불이행,건조,맑음,교차로 - 교차로안,승용,남,61세,상해없음,승용,여,51세,경상
2017121700100236,2017년 12월 17일 13시,일요일,대전광역시 중구 대사동,경상사고,0,0,1,0,차대차 - 측면충돌,직진우회전진행방해,건조,맑음,교차로 - 교차로안,승용,여,58세,상해없음,승용,남,58세,경상
2017121700100237,2017년 12월 17일 13시,일요일,대전광역시 유성구 지족동,경상사고,0,0,4,0,차대차 - 기타,안전운전불이행,건조,맑음,교차로 - 교차로부근,승용,남,40세,상해없음,승용,남,48세,경상
2017121700100261,2017년 12월 17일 14시,일요일,대전광역시 중구 오류동,경상사고,0,0,1,0,차대차 - 측면충돌,안전운전불이행,건조,맑음,단일로 - 기타,승용,남,50세,상해없음,승용,여,44세,경상
2017121700100262,2017년 12월 17일 14시,일요일,대전광역시 대덕구 송촌동,중상사고,0,1,0,0,차대사람 - 기타,안전운전불이행,건조,맑음,교차로 - 교차로부근,승용,남,50세,상해없음,보행자,여,10세,중상
2017121700100292,2017년 12월 17일 15시,일요일,대전광역시 유성구 덕명동,부상신고사고,0,0,0,5,차대차 - 추돌,안전운전불이행,건조,맑음,단일로 - 기타,화물,남,52세,상해없음,승용,남,51세,부상신고
2017121700100340,2017년 12월 17일 17시,일요일,대전광역시 대덕구 송촌동,경상사고,0,0,1,0,차대차 - 측면충돌,신호위반,건조,흐림,교차로 - 교차로횡단보도내,승용,여,53세,상해없음,자전거,남,60세,경상
2017121700100341,2017년 12월 17일 17시,일요일,대전광역시 유성구 상대동,중상사고,0,1,0,0,차대차 - 추돌,안전운전불이행,건조,맑음,단일로 - 기타,이륜,남,17세,중상,승용,남,36세,기타불명
2017121700100381,2017년 12월 17일 18시,일요일,대전광역시 중구 은행동,중상사고,0,1,1,0,차대사람 - 보도통행중,보행자보호의무위반,건조,흐림,교차로 - 교차로횡단보도내,승용,남,62세,상해없음,보행자,남,58세,경상
2017121700100382,2017년 12월 17일 18시,일요일,대전광역시 대덕구 읍내동,경상사고,0,0,2,0,차대차 - 추돌,안전운전불이행,건조,맑음,교차로 - 교차로부근,화물,남,52세,상해없음,승용,남,57세,경상
2017121700100441,2017년 12월 17일 20시,일요일,대전광역시 서구 괴정동,중상사고,0,1,2,0,차대차 - 측면충돌,안전운전불이행,건조,맑음,단일로 - 기타,승용,남,55세,상해없음,승용,여,36세,중상
2017121700100483,2017년 12월 17일 23시,일요일,대전광역시 유성구 관평동,부상신고사고,0,0,0,1,차대차 - 측면충돌,중앙선침범,건조,맑음,단일로 - 기타,승용,기타불명,미분류,기타불명,승용,여,29세,부상신고
2017121800100084,2017년 12월 18일 06시,월요일,대전광역시 유성구 송강동,중상사고,0,1,0,0,차대차 - 측면충돌,안전운전불이행,건조,맑음,교차로 - 교차로횡단보도내,승합,남,54세,상해없음,자전거,남,24세,중상
2017121800100196,2017년 12월 18일 09시,월요일,대전광역시 대덕구 신탄진동,경상사고,0,0,1,0,차대차 - 기타,신호위반,건조,맑음,단일로 - 기타,승용,남,70세,상해없음,자전거,남,75세,경상
2017121800100197,2017년 12월 18일 09시,월요일,대전광역시 유성구 관평동,중상사고,0,1,0,0,차대차 - 측면충돌,신호위반,건조,맑음,교차로 - 교차로안,원동기,여,53세,중상,승용,남,27세,상해없음
2017121800100253,2017년 12월 18일 11시,월요일,대전광역시 동구 효동,경상사고,0,0,1,0,차대차 - 기타,안전운전불이행,건조,맑음,교차로 - 교차로안,화물,남,73세,상해없음,승용,남,45세,경상
2017121800100254,2017년 12월 18일 11시,월요일,대전광역시 대덕구 중리동,경상사고,0,0,1,0,차대차 - 기타,안전운전불이행,건조,맑음,교차로 - 교차로안,승용,여,61세,기타불명,승용,여,49세,경상
2017121800100255,2017년 12월 18일 11시,월요일,대전광역시 유성구 도룡동,경상사고,0,0,2,0,차대차 - 기타,안전운전불이행,건조,맑음,교차로 - 교차로부근,승용,남,18세,기타불명,승용,남,35세,경상
2017121800100280,2017년 12월 18일 12시,월요일,대전광역시 중구 대사동,중상사고,0,1,1,0,차대차 - 측면충돌,신호위반,건조,맑음,단일로 - 기타,승용,남,54세,상해없음,이륜,남,19세,중상
2017121800100281,2017년 12월 18일 12시,월요일,대전광역시 서구 변동,경상사고,0,0,1,0,차대차 - 추돌,신호위반,건조,맑음,교차로 - 교차로안,승합,남,48세,상해없음,승용,남,48세,상해없음
2017121800100308,2017년 12월 18일 13시,월요일,대전광역시 유성구 구암동,중상사고,0,1,0,0,차대차 - 기타,안전운전불이행,건조,맑음,교차로 - 교차로안,승용,남,75세,상해없음,승용,남,65세,중상
2017121800100329,2017년 12월 18일 14시,월요일,대전광역시 유성구 덕명동,경상사고,0,0,1,0,차대사람 - 기타,안전운전불이행,건조,맑음,단일로 - 기타,승용,남,23세,상해없음,보행자,남,21세,경상
2017121800100362,2017년 12월 18일 15시,월요일,대전광역시 서구 탄방동,경상사고,0,0,3,0,차대차 - 측면충돌,신호위반,건조,맑음,교차로 - 교차로안,승용,여,29세,경상,승용,남,48세,상해없음
2017121800100424,2017년 12월 18일 17시,월요일,대전광역시 중구 문화동,부상신고사고,0,0,0,1,차대사람 - 횡단중,보행자보호의무위반,건조,맑음,단일로 - 기타,승용,남,56세,기타불명,보행자,여,8세,부상신고
2017121800100425,2017년 12월 18일 17시,월요일,대전광역시 서구 둔산동,경상사고,0,0,1,0,차대사람 - 횡단중,보행자보호의무위반,건조,맑음,교차로 - 교차로안,승용,여,45세,상해없음,보행자,여,54세,경상
2017121800100473,2017년 12월 18일 18시,월요일,대전광역시 동구 신흥동,경상사고,0,0,2,0,차대차 - 추돌,안전거리미확보,건조,맑음,단일로 - 기타,승용,남,55세,상해없음,승용,남,45세,경상
2017121800100474,2017년 12월 18일 18시,월요일,대전광역시 동구 인동,중상사고,0,1,0,0,차대사람 - 기타,교차로운행방법위반,건조,맑음,단일로 - 기타,승용,여,35세,상해없음,보행자,남,75세,중상
2017121800100475,2017년 12월 18일 18시,월요일,대전광역시 대덕구 대화동,경상사고,0,0,1,0,차대사람 - 횡단중,보행자보호의무위반,건조,맑음,교차로 - 교차로횡단보도내,화물,남,58세,기타불명,보행자,여,65세,경상
2017121800100476,2017년 12월 18일 18시,월요일,대전광역시 서구 월평동,경상사고,0,0,1,0,차대차 - 측면충돌,안전운전불이행,건조,맑음,단일로 - 기타,승용,남,48세,상해없음,승용,남,34세,경상
2017121800100538,2017년 12월 18일 20시,월요일,대전광역시 중구 대흥동,경상사고,0,0,1,0,차대차 - 후진중충돌,안전운전불이행,건조,맑음,단일로 - 기타,승용,여,43세,상해없음,승용,남,26세,경상
2017121800100539,2017년 12월 18일 20시,월요일,대전광역시 유성구 전민동,부상신고사고,0,0,0,1,차대차 - 기타,안전운전불이행,건조,맑음,단일로 - 기타,이륜,남,22세,부상신고,승용,남,36세,상해없음
2017121900100066,2017년 12월 19일 04시,화요일,대전광역시 서구 변동,경상사고,0,0,2,0,차대차 - 측면충돌,중앙선침범,젖음/습기,눈,단일로 - 기타,승용,남,23세,상해없음,승합,여,53세,경상
2017121900100075,2017년 12월 19일 05시,화요일,대전광역시 서구 둔산동,중상사고,0,1,0,0,차대차 - 측면충돌,안전거리미확보,건조,맑음,단일로 - 기타,승용,남,63세,상해없음,이륜,남,60세,중상
2017121900100088,2017년 12월 19일 06시,화요일,대전광역시 중구 선화동,경상사고,0,0,1,0,차대사람 - 횡단중,안전운전불이행,건조,맑음,교차로 - 교차로부근,승용,남,68세,상해없음,보행자,남,88세,경상
2017121900100089,2017년 12월 19일 06시,화요일,대전광역시 동구 인동,경상사고,0,0,1,0,차대차 - 정면충돌,중앙선침범,건조,맑음,단일로 - 기타,승용,남,66세,상해없음,승용,남,25세,경상
2017121900100102,2017년 12월 19일 07시,화요일,대전광역시 동구 신흥동,사망사고,1,0,0,0,차량단독 - 공작물충돌,안전운전불이행,서리/결빙,흐림,단일로 - 기타,승용,남,64세,사망,,,,
2017121900100150,2017년 12월 19일 09시,화요일,대전광역시 서구 갈마동,경상사고,0,0,2,0,차대차 - 기타,신호위반,건조,맑음,교차로 - 교차로안,승용,남,46세,상해없음,승용,남,56세,경상
2017121900100151,2017년 12월 19일 09시,화요일,대전광역시 유성구 전민동,경상사고,0,0,1,0,차대차 - 기타,안전운전불이행,서리/결빙,맑음,단일로 - 기타,승용,여,31세,상해없음,승용,남,35세,경상
2017121900100175,2017년 12월 19일 10시,화요일,대전광역시 서구 복수동,경상사고,0,0,1,0,차대차 - 추돌,안전운전불이행,건조,맑음,교차로 - 교차로안,승용,남,55세,상해없음,승용,남,74세,경상
2017121900100203,2017년 12월 19일 11시,화요일,대전광역시 서구 둔산동,경상사고,0,0,3,0,차대차 - 기타,직진우회전진행방해,건조,맑음,교차로 - 교차로안,화물,남,50세,상해없음,화물,남,48세,경상
2017121900100230,2017년 12월 19일 12시,화요일,대전광역시 유성구 봉산동,경상사고,0,0,1,0,차대차 - 기타,신호위반,건조,맑음,교차로 - 교차로안,특수,남,30세,상해없음,화물,남,36세,경상
2017121900100327,2017년 12월 19일 15시,화요일,대전광역시 서구 둔산동,경상사고,0,0,2,0,차대차 - 기타,교차로운행방법위반,건조,맑음,교차로 - 교차로안,승용,남,59세,상해없음,승용,남,50세,경상
2017121900100373,2017년 12월 19일 16시,화요일,대전광역시 동구 성남동,중상사고,0,1,0,0,차대사람 - 횡단중,보행자보호의무위반,건조,맑음,교차로 - 교차로안,승용,남,52세,상해없음,보행자,여,43세,중상
2017121900100413,2017년 12월 19일 17시,화요일,대전광역시 대덕구 와동,경상사고,0,0,1,0,차대차 - 추돌,안전운전불이행,건조,맑음,단일로 - 기타,특수,남,53세,기타불명,승용,남,36세,경상
2017121900100455,2017년 12월 19일 18시,화요일,대전광역시 동구 가오동,경상사고,0,0,2,0,차대사람 - 기타,신호위반,건조,맑음,단일로 - 기타,승용,남,60세,상해없음,보행자,여,28세,경상
2017121900100456,2017년 12월 19일 18시,화요일,대전광역시 유성구 용산동,경상사고,0,0,1,0,차대차 - 측면충돌,안전거리미확보,건조,맑음,단일로 - 기타,승용,여,56세,상해없음,이륜,남,20세,경상
2017121900100495,2017년 12월 19일 19시,화요일,대전광역시 중구 오류동,중상사고,0,1,0,0,차대차 - 측면충돌,안전운전불이행,건조,맑음,단일로 - 기타,승용,남,73세,상해없음,이륜,남,41세,중상
2017121900100522,2017년 12월 19일 20시,화요일,대전광역시 대덕구 송촌동,경상사고,0,0,1,0,차대차 - 기타,안전운전불이행,건조,맑음,단일로 - 기타,승용,남,53세,상해없음,승용,남,56세,상해없음
2017121900100550,2017년 12월 19일 21시,화요일,대전광역시 동구 성남동,경상사고,0,0,1,0,차대차 - 기타,안전거리미확보,건조,맑음,교차로 - 교차로부근,승용,남,54세,상해없음,승용,남,62세,경상
2017121900100551,2017년 12월 19일 21시,화요일,대전광역시 대덕구 평촌동,경상사고,0,0,4,0,차대차 - 기타,중앙선침범,건조,맑음,단일로 - 고가도로위,승용,남,59세,상해없음,승용,남,62세,경상
2017121900100552,2017년 12월 19일 21시,화요일,대전광역시 유성구 장대동,경상사고,0,0,1,0,차대차 - 추돌,안전운전불이행,건조,맑음,교차로 - 교차로부근,승용,남,42세,상해없음,승용,남,28세,경상
2017121900100578,2017년 12월 19일 22시,화요일,대전광역시 유성구 대정동,경상사고,0,0,1,0,차대차 - 추돌,안전운전불이행,건조,맑음,교차로 - 교차로부근,승용,남,42세,상해없음,승용,남,48세,경상
2017121900100579,2017년 12월 19일 22시,화요일,대전광역시 유성구 봉명동,경상사고,0,0,1,0,차대차 - 측면충돌,안전운전불이행,건조,맑음,기타 - 기타,승용,여,38세,상해없음,자전거,남,59세,경상
2017121900100600,2017년 12월 19일 23시,화요일,대전광역시 대덕구 오정동,경상사고,0,0,1,0,차대차 - 측면충돌,안전운전불이행,건조,맑음,단일로 - 기타,승용,남,39세,상해없음,승용,남,39세,경상
2017121900100601,2017년 12월 19일 23시,화요일,대전광역시 서구 월평동,경상사고,0,0,2,0,차대차 - 추돌,안전운전불이행,건조,맑음,교차로 - 교차로부근,승용,남,32세,상해없음,승용,남,32세,경상
2017121900100602,2017년 12월 19일 23시,화요일,대전광역시 서구 갈마동,경상사고,0,0,1,0,차대차 - 추돌,안전거리미확보,건조,맑음,교차로 - 교차로안,승용,남,25세,상해없음,화물,남,30세,경상
2017122000100057,2017년 12월 20일 00시,수요일,대전광역시 중구 대흥동,경상사고,0,0,1,0,차대차 - 측면충돌,안전운전불이행,건조,맑음,교차로 - 교차로안,승용,남,35세,상해없음,승용,남,59세,경상
2017122000100058,2017년 12월 20일 00시,수요일,대전광역시 서구 둔산동,경상사고,0,0,1,0,차대사람 - 기타,안전운전불이행,건조,맑음,교차로 - 교차로안,승용,남,26세,상해없음,보행자,남,19세,경상
2017122000100145,2017년 12월 20일 07시,수요일,대전광역시 유성구 죽동,경상사고,0,0,1,0,차대차 - 측면충돌,신호위반,건조,맑음,교차로 - 교차로부근,승용,여,54세,상해없음,자전거,남,42세,경상
2017122000100185,2017년 12월 20일 08시,수요일,대전광역시 중구 선화동,중상사고,0,1,0,0,차대사람 - 차도통행중,안전운전불이행,건조,맑음,단일로 - 기타,승용,여,26세,상해없음,보행자,남,24세,중상
2017122000100248,2017년 12월 20일 10시,수요일,대전광역시 중구 선화동,경상사고,0,0,1,0,차대차 - 측면충돌,중앙선침범,건조,맑음,단일로 - 기타,승용,남,46세,상해없음,승용,남,62세,경상
2017122000100277,2017년 12월 20일 11시,수요일,대전광역시 중구 석교동,중상사고,0,1,0,0,차대사람 - 기타,기타,건조,맑음,단일로 - 기타,승합,남,62세,상해없음,보행자,여,71세,중상
2017122000100278,2017년 12월 20일 11시,수요일,대전광역시 동구 홍도동,경상사고,0,0,1,0,차대차 - 측면충돌,안전운전불이행,건조,맑음,교차로 - 교차로안,승용,남,64세,상해없음,화물,남,59세,경상
2017122000100279,2017년 12월 20일 11시,수요일,대전광역시 유성구 궁동,경상사고,0,0,1,0,차대차 - 후진중충돌,안전운전불이행,건조,맑음,단일로 - 기타,승용,남,27세,상해없음,승용,남,34세,경상
2017122000100304,2017년 12월 20일 12시,수요일,대전광역시 유성구 송강동,경상사고,0,0,1,0,차대차 - 측면충돌,신호위반,건조,맑음,교차로 - 교차로안,승용,여,53세,상해없음,승용,남,41세,경상
2017122000100330,2017년 12월 20일 13시,수요일,대전광역시 동구 삼성동,경상사고,0,0,4,0,차대차 - 추돌,안전거리미확보,건조,맑음,교차로 - 교차로부근,승용,남,48세,상해없음,승용,여,53세,경상