사고번호,사고일시,요일,시군구,사고내용,사망자수,중상자수,경상자수,부상신고자수,사고유형,법규위반,노면상태,기상상태,도로형태,가해운전자 차종,가해운전자 성별,가해운전자 연령,가해운전자 상해정도,피해운전자 차종,피해운전자 성별,피해운전자 연령,피해운전자 상해정도
2017122600100529,2017년 12월 26일 20시,화요일,대전광역시 동구 자양동,경상사고,0,0,2,0,차대차 - 추돌,안전운전불이행,건조,흐림,단일로 - 기타,승용,여,45세,상해없음,승용,남,66세,상해없음
2017122600100530,2017년 12월 26일 20시,화요일,대전광역시 동구 홍도동,경상사고,0,0,1,0,차대차 - 추돌,교차로운행방법위반,건조,흐림,교차로 - 교차로안,승용,여,52세,상해없음,화물,남,43세,경상
2017122600100531,2017년 12월 26일 20시,화요일,대전광역시 서구 둔산동,경상사고,0,0,1,0,차대차 - 기타,신호위반,건조,맑음,교차로 - 교차로안,승용,여,54세,상해없음,승용,여,47세,경상
2017122600100555,2017년 12월 26일 21시,화요일,대전광역시 중구 은행동,경상사고,0,0,1,0,차대차 - 측면충돌,신호위반,건조,맑음,교차로 - 교차로안,승용,남,57세,상해없음,승용,남,70세,상해없음
2017122600100556,2017년 12월 26일 21시,화요일,대전광역시 유성구 용산동,중상사고,0,1,1,0,차대차 - 기타,신호위반,건조,맑음,교차로 - 교차로안,승용,여,31세,상해없음,승용,여,64세,중상
2017122600100584,2017년 12월 26일 22시,화요일,대전광역시 유성구 상대동,경상사고,0,0,1,0,차대차 - 기타,신호위반,건조,맑음,교차로 - 교차로안,승용,남,28세,상해없음,승용,여,45세,경상
2017122600100604,2017년 12월 26일 23시,화요일,대전광역시 유성구 화암동,경상사고,0,0,1,0,차대차 - 기타,안전운전불이행,건조,맑음,교차로 - 교차로부근,승용,남,55세,상해없음,승용,남,62세,상해없음
2017122700100039,2017년 12월 27일 00시,수요일,대전광역시 유성구 관평동,중상사고,0,1,0,0,차대차 - 기타,중앙선침범,건조,맑음,단일로 - 기타,승용,남,36세,상해없음,화물,남,62세,중상
2017122700100086,2017년 12월 27일 06시,수요일,대전광역시 중구 오류동,경상사고,0,0,1,0,차대사람 - 기타,안전운전불이행,건조,맑음,단일로 - 기타,화물,남,33세,상해없음,보행자,남,65세,경상
2017122700100133,2017년 12월 27일 08시,수요일,대전광역시 서구 괴정동,경상사고,0,0,1,0,차대차 - 측면충돌,안전운전불이행,건조,맑음,단일로 - 기타,승용,남,54세,상해없음,승합,남,30세,상해없음
2017122700100134,2017년 12월 27일 08시,수요일,대전광역시 대덕구 상서동,경상사고,0,0,1,0,차대차 - 기타,안전운전불이행,건조,맑음,단일로 - 기타,화물,남,43세,상해없음,화물,남,54세,경상
2017122700100135,2017년 12월 27일 08시,수요일,대전광역시 유성구 지족동,경상사고,0,0,1,0,차대차 - 기타,교차로운행방법위반,건조,맑음,교차로 - 교차로안,승용,남,64세,상해없음,승용,여,41세,경상
2017122700100153,2017년 12월 27일 09시,수요일,대전광역시 동구 홍도동,경상사고,0,0,1,0,차대사람 - 횡단중,신호위반,건조,맑음,교차로 - 교차로부근,이륜,남,17세,상해없음,보행자,여,55세,경상
2017122700100154,2017년 12월 27일 09시,수요일,대전광역시 대덕구 목상동,경상사고,0,0,1,0,차대차 - 기타,안전운전불이행,건조,맑음,단일로 - 기타,승용,남,58세,기타불명,화물,남,35세,경상
2017122700100155,2017년 12월 27일 09시,수요일,대전광역시 대덕구 덕암동,경상사고,0,0,1,0,차대사람 - 기타,안전운전불이행,건조,맑음,교차로 - 교차로부근,화물,남,51세,상해없음,보행자,여,15세,경상
2017122700100182,2017년 12월 27일 10시,수요일,대전광역시 유성구 관평동,중상사고,0,1,1,0,차대차 - 측면충돌,신호위반,건조,맑음,교차로 - 교차로안,화물,남,27세,경상,승용,여,61세,중상
2017122700100208,2017년 12월 27일 11시,수요일,대전광역시 서구 갈마동,경상사고,0,0,2,0,차대차 - 기타,안전운전불이행,건조,맑음,단일로 - 기타,승용,남,28세,상해없음,승용,여,22세,경상
2017122700100232,2017년 12월 27일 12시,수요일,대전광역시 대덕구 송촌동,경상사고,0,0,1,0,차대차 - 정면충돌,신호위반,건조,맑음,교차로 - 교차로안,승용,남,35세,상해없음,원동기,남,40세,경상
2017122700100233,2017년 12월 27일 12시,수요일,대전광역시 유성구 지족동,경상사고,0,0,1,0,차대사람 - 차도통행중,안전운전불이행,건조,맑음,단일로 - 기타,승용,남,62세,상해없음,보행자,여,68세,경상
2017122700100234,2017년 12월 27일 12시,수요일,대전광역시 유성구 노은동,경상사고,0,0,3,0,차대차 - 측면충돌,신호위반,건조,맑음,교차로 - 교차로안,승용,남,63세,경상,승용,남,50세,경상
2017122700100259,2017년 12월 27일 13시,수요일,대전광역시 중구 선화동,경상사고,0,0,1,0,차대차 - 기타,신호위반,건조,맑음,교차로 - 교차로안,승용,여,54세,상해없음,승합,남,59세,상해없음
2017122700100260,2017년 12월 27일 13시,수요일,대전광역시 서구 용문동,중상사고,0,1,5,0,차대차 - 기타,안전운전불이행,건조,맑음,교차로 - 교차로안,승용,여,48세,상해없음,승용,여,34세,경상
2017122700100285,2017년 12월 27일 14시,수요일,대전광역시 서구 탄방동,중상사고,0,1,0,0,차대차 - 기타,안전운전불이행,건조,맑음,교차로 - 교차로부근,승용,남,46세,상해없음,자전거,남,77세,중상
2017122700100286,2017년 12월 27일 14시,수요일,대전광역시 유성구 도룡동,경상사고,0,0,1,0,차대차 - 추돌,안전운전불이행,건조,맑음,교차로 - 교차로부근,승용,남,27세,상해없음,승용,여,31세,경상
2017122700100314,2017년 12월 27일 15시,수요일,대전광역시 대덕구 문평동,중상사고,0,1,0,0,차대차 - 추돌,안전운전불이행,건조,맑음,교차로 - 교차로부근,화물,남,57세,상해없음,승용,여,59세,중상
2017122700100341,2017년 12월 27일 16시,수요일,대전광역시 동구 용운동,사망사고,1,0,0,0,차대사람 - 횡단중,보행자보호의무위반,건조,맑음,단일로 - 기타,승용,남,64세,상해없음,보행자,남,8세,사망
2017122700100456,2017년 12월 27일 19시,수요일,대전광역시 서구 둔산동,경상사고,0,0,2,0,차대사람 - 횡단중,신호위반,건조,맑음,기타 - 기타,승용,남,64세,상해없음,보행자,여,42세,경상
2017122700100457,2017년 12월 27일 19시,수요일,대전광역시 유성구 봉명동,경상사고,0,0,1,0,차대차 - 기타,신호위반,건조,맑음,교차로 - 교차로안,승용,남,27세,상해없음,이륜,남,25세,경상
2017122700100458,2017년 12월 27일 19시,수요일,대전광역시 유성구 원신흥동,경상사고,0,0,2,0,차대차 - 추돌,안전운전불이행,건조,흐림,교차로 - 교차로부근,승합,남,41세,상해없음,화물,남,51세,경상
2017122700100515,2017년 12월 27일 21시,수요일,대전광역시 서구 용문동,경상사고,0,0,1,0,차대차 - 측면충돌,안전거리미확보,건조,맑음,교차로 - 교차로부근,화물,여,39세,상해없음,승용,여,56세,경상
2017122700100516,2017년 12월 27일 21시,수요일,대전광역시 서구 월평동,경상사고,0,0,1,0,차대사람 - 횡단중,보행자보호의무위반,건조,맑음,교차로 - 교차로횡단보도내,승합,남,68세,상해없음,보행자,남,77세,경상
2017122700100517,2017년 12월 27일 21시,수요일,대전광역시 서구 둔산동,경상사고,0,0,3,0,차대차 - 기타,안전운전불이행,건조,맑음,단일로 - 기타,승용,남,21세,상해없음,승용,여,46세,경상
2017122700100544,2017년 12월 27일 22시,수요일,대전광역시 유성구 지족동,경상사고,0,0,1,0,차대차 - 추돌,안전운전불이행,건조,맑음,단일로 - 기타,승용,남,30세,상해없음,승용,여,59세,경상
2017122700100545,2017년 12월 27일 22시,수요일,대전광역시 유성구 봉명동,경상사고,0,0,1,0,차대사람 - 기타,안전운전불이행,건조,맑음,기타 - 기타,기타불명,기타불명,미분류,기타불명,보행자,남,62세,경상
2017122800100046,2017년 12월 28일 00시,목요일,대전광역시 서구 둔산동,경상사고,0,0,1,0,차대사람 - 횡단중,보행자보호의무위반,건조,맑음,교차로 - 교차로횡단보도내,승용,여,45세,상해없음,보행자,남,47세,경상
2017122800100063,2017년 12월 28일 02시,목요일,대전광역시 중구 산성동,경상사고,0,0,2,0,차대차 - 측면충돌,교차로운행방법위반,건조,맑음,교차로 - 교차로안,승용,남,55세,상해없음,승용,남,26세,경상
2017122800100064,2017년 12월 28일 02시,목요일,대전광역시 서구 복수동,경상사고,0,0,1,0,차량단독 - 공작물충돌,신호위반,건조,맑음,교차로 - 교차로부근,승용,남,57세,경상,,,,
2017122800100076,2017년 12월 28일 04시,목요일,대전광역시 중구 오류동,중상사고,0,2,1,0,차대차 - 측면충돌,과속,건조,맑음,단일로 - 기타,승용,남,47세,기타불명,승용,남,19세,경상
2017122800100084,2017년 12월 28일 05시,목요일,대전광역시 중구 산성동,중상사고,0,1,1,0,차대차 - 측면충돌,신호위반,건조,맑음,교차로 - 교차로안,승용,남,34세,기타불명,승용,남,71세,중상
2017122800100134,2017년 12월 28일 08시,목요일,대전광역시 서구 갈마동,중상사고,0,1,0,0,차대차 - 측면충돌,안전운전불이행,건조,맑음,단일로 - 기타,승합,남,21세,상해없음,승용,남,26세,상해없음
2017122800100135,2017년 12월 28일 08시,목요일,대전광역시 유성구 봉명동,중상사고,0,2,0,0,차대차 - 측면충돌,신호위반,건조,맑음,교차로 - 교차로안,승용,여,47세,중상,승용,여,69세,중상
2017122800100147,2017년 12월 28일 09시,목요일,대전광역시 대덕구 비래동,중상사고,0,1,0,0,차대차 - 기타,신호위반,건조,맑음,교차로 - 교차로안,승용,여,42세,상해없음,자전거,여,66세,중상
2017122800100148,2017년 12월 28일 09시,목요일,대전광역시 서구 탄방동,중상사고,0,1,0,0,차대사람 - 횡단중,보행자보호의무위반,건조,맑음,교차로 - 교차로횡단보도내,승용,남,24세,상해없음,보행자,남,61세,중상
2017122800100171,2017년 12월 28일 10시,목요일,대전광역시 서구 가수원동,경상사고,0,0,1,0,차대차 - 측면충돌,안전운전불이행,건조,맑음,교차로 - 교차로안,기타불명,기타불명,미분류,기타불명,자전거,남,78세,경상
2017122800100218,2017년 12월 28일 12시,목요일,대전광역시 서구 용문동,경상사고,0,0,1,0,차대차 - 측면충돌,신호위반,건조,맑음,교차로 - 교차로안,승용,여,50세,상해없음,승용,남,50세,경상
2017122800100219,2017년 12월 28일 12시,목요일,대전광역시 유성구 봉명동,경상사고,0,0,6,0,차대차 - 기타,안전운전불이행,건조,맑음,단일로 - 기타,승용,여,57세,상해없음,승용,여,49세,경상
2017122800100220,2017년 12월 28일 12시,목요일,대전광역시 유성구 용산동,경상사고,0,0,2,0,차대차 - 기타,안전거리미확보,건조,맑음,교차로 - 교차로부근,승용,남,60세,상해없음,화물,남,40세,경상
2017122800100243,2017년 12월 28일 13시,목요일,대전광역시 중구 용두동,중상사고,0,1,0,0,차대사람 - 횡단중,보행자보호의무위반,건조,맑음,단일로 - 기타,승용,남,70세,상해없음,보행자,여,79세,중상
2017122800100266,2017년 12월 28일 14시,목요일,대전광역시 대덕구 오정동,경상사고,0,0,2,0,차대차 - 측면충돌,안전운전불이행,건조,맑음,교차로 - 교차로안,승용,남,36세,상해없음,승용,남,45세,경상
2017122800100267,2017년 12월 28일 14시,목요일,대전광역시 서구 둔산동,경상사고,0,0,3,0,차대차 - 측면충돌,차로위반,건조,맑음,교차로 - 교차로안,승용,남,27세,경상,승용,여,34세,경상
2017122800100285,2017년 12월 28일 15시,목요일,대전광역시 대덕구 이현동,경상사고,0,0,3,0,차대차 - 기타,중앙선침범,젖음/습기,맑음,단일로 - 기타,승용,남,66세,상해없음,승용,남,53세,경상
2017122800100286,2017년 12월 28일 15시,목요일,대전광역시 유성구 원촌동,중상사고,0,1,0,0,차대차 - 기타,안전운전불이행,건조,맑음,단일로 - 기타,승용,남,69세,상해없음,자전거,여,68세,중상
2017122800100317,2017년 12월 28일 16시,목요일,대전광역시 대덕구 신일동,경상사고,0,0,1,0,차대차 - 측면충돌,신호위반,건조,맑음,교차로 - 교차로안,승용,여,56세,상해없음,승용,남,66세,경상
2017122800100349,2017년 12월 28일 17시,목요일,대전광역시 동구 용전동,경상사고,0,0,1,0,차대차 - 기타,안전운전불이행,건조,맑음,교차로 - 교차로부근,승용,남,62세,상해없음,승용,남,35세,경상
2017122800100350,2017년 12월 28일 17시,목요일,대전광역시 서구 도안동,경상사고,0,0,1,0,차대차 - 측면충돌,안전운전불이행,건조,맑음,단일로 - 기타,승용,남,64세,상해없음,승합,남,57세,상해없음
2017122800100351,2017년 12월 28일 17시,목요일,대전광역시 대덕구 송촌동,중상사고,0,2,5,0,차대사람 - 기타,안전운전불이행,건조,맑음,기타 - 기타,승용,남,21세,상해없음,보행자,여,36세,경상
2017122800100401,2017년 12월 28일 18시,목요일,대전광역시 동구 삼성동,중상사고,0,1,0,0,차대사람 - 횡단중,보행자보호의무위반,건조,맑음,단일로 - 기타,승용,남,22세,상해없음,보행자,여,41세,중상
2017122800100402,2017년 12월 28일 18시,목요일,대전광역시 대덕구 목상동,중상사고,0,1,0,0,차대사람 - 기타,기타,건조,흐림,기타 - 기타,자전거,기타불명,미분류,기타불명,보행자,남,62세,중상
2017122800100431,2017년 12월 28일 19시,목요일,대전광역시 대덕구 신일동,중상사고,0,1,0,0,차대차 - 측면충돌,교차로운행방법위반,건조,맑음,교차로 - 교차로안,승용,남,48세,상해없음,화물,남,55세,중상
2017122800100432,2017년 12월 28일 19시,목요일,대전광역시 서구 월평동,경상사고,0,0,1,1,차대차 - 정면충돌,안전운전불이행,건조,맑음,단일로 - 기타,이륜,남,23세,부상신고,이륜,남,21세,경상
2017122800100433,2017년 12월 28일 19시,목요일,대전광역시 유성구 장대동,부상신고사고,0,0,0,1,차량단독 - 기타,기타,건조,맑음,교차로 - 교차로부근,승합,남,56세,상해없음,,,,
2017122800100434,2017년 12월 28일 19시,목요일,대전광역시 유성구 상대동,경상사고,0,0,1,0,차대차 - 측면충돌,안전운전불이행,서리/결빙,맑음,단일로 - 기타,승용,남,49세,상해없음,승용,남,40세,경상
2017122800100486,2017년 12월 28일 21시,목요일,대전광역시 유성구 문지동,경상사고,0,0,1,0,차대차 - 추돌,안전운전불이행,건조,맑음,단일로 - 기타,승용,남,51세,상해없음,승용,남,59세,상해없음
2017122800100513,2017년 12월 28일 22시,목요일,대전광역시 유성구 안산동,중상사고,0,3,0,0,차대차 - 측면충돌,안전거리미확보,건조,맑음,교차로 - 교차로부근,승용,남,59세,중상,승용,남,55세,중상
2017122800100514,2017년 12월 28일 22시,목요일,대전광역시 유성구 안산동,중상사고,0,3,1,0,차대차 - 추돌,안전운전불이행,건조,맑음,단일로 - 기타,승용,남,42세,경상,승용,남,54세,중상
2017122800100536,2017년 12월 28일 23시,목요일,대전광역시 유성구 안산동,경상사고,0,0,2,0,차대차 - 측면충돌,안전운전불이행,건조,맑음,단일로 - 기타,승용,남,25세,상해없음,승용,여,32세,경상
2017122900100051,2017년 12월 29일 00시,금요일,대전광역시 유성구 봉명동,부상신고사고,0,0,0,1,차대차 - 기타,안전거리미확보,건조,맑음,교차로 - 교차로부근,승용,남,22세,상해없음,이륜,남,55세,부상신고
2017122900100091,2017년 12월 29일 03시,금요일,대전광역시 중구 대사동,중상사고,0,2,0,0,차대차 - 측면충돌,신호위반,건조,흐림,교차로 - 교차로안,승용,여,54세,상해없음,승용,남,43세,중상
2017122900100119,2017년 12월 29일 06시,금요일,대전광역시 중구 용두동,중상사고,0,1,0,0,차대사람 - 횡단중,신호위반,건조,맑음,교차로 - 교차로횡단보도내,승용,여,70세,상해없음,보행자,여,62세,중상
2017122900100143,2017년 12월 29일 07시,금요일,대전광역시 서구 탄방동,경상사고,0,0,3,0,차대차 - 추돌,안전운전불이행,건조,맑음,단일로 - 기타,승용,여,30세,상해없음,승용,여,44세,경상
2017122900100176,2017년 12월 29일 08시,금요일,대전광역시 동구 가양동,경상사고,0,0,1,0,차대차 - 측면충돌,교차로운행방법위반,건조,맑음,교차로 - 교차로안,승용,여,30세,상해없음,승용,남,32세,경상
2017122900100249,2017년 12월 29일 11시,금요일,대전광역시 대덕구 오정동,중상사고,0,1,0,0,차대차 - 기타,안전운전불이행,건조,맑음,단일로 - 기타,화물,남,43세,상해없음,자전거,남,79세,중상
2017122900100280,2017년 12월 29일 12시,금요일,대전광역시 서구 월평동,경상사고,0,0,1,0,차대차 - 기타,안전거리미확보,건조,맑음,단일로 - 기타,승용,남,75세,상해없음,승용,여,26세,경상
2017122900100334,2017년 12월 29일 14시,금요일,대전광역시 대덕구 대화동,경상사고,0,0,2,0,차대차 - 기타,안전운전불이행,건조,맑음,단일로 - 기타,승용,남,24세,상해없음,화물,남,60세,경상
2017122900100430,2017년 12월 29일 17시,금요일,대전광역시 서구 복수동,중상사고,0,1,0,0,차대사람 - 횡단중,안전운전불이행,건조,맑음,단일로 - 기타,승용,남,54세,상해없음,보행자,여,68세,중상
2017122900100431,2017년 12월 29일 17시,금요일,대전광역시 서구 월평동,경상사고,0,0,1,0,차대사람 - 횡단중,보행자보호의무위반,젖음/습기,맑음,단일로 - 기타,이륜,남,20세,상해없음,보행자,여,37세,경상
2017122900100432,2017년 12월 29일 17시,금요일,대전광역시 유성구 전민동,경상사고,0,0,1,0,차대차 - 기타,안전운전불이행,건조,맑음,교차로 - 교차로부근,원동기,남,26세,경상,승용,여,40세,상해없음
2017122900100433,2017년 12월 29일 17시,금요일,대전광역시 유성구 반석동,경상사고,0,0,5,0,차대차 - 기타,신호위반,건조,맑음,단일로 - 기타,승용,남,47세,상해없음,승합,남,47세,경상
2017122900100434,2017년 12월 29일 17시,금요일,대전광역시 유성구 반석동,경상사고,0,0,1,0,차대차 - 기타,안전운전불이행,건조,맑음,단일로 - 기타,특수,남,26세,상해없음,승용,남,62세,경상
2017122900100478,2017년 12월 29일 18시,금요일,대전광역시 유성구 원내동,경상사고,0,0,1,0,차대차 - 추돌,안전운전불이행,건조,맑음,단일로 - 기타,승용,남,23세,상해없음,승용,남,46세,상해없음
2017122900100501,2017년 12월 29일 18시,금요일,대전광역시 중구 용두동,경상사고,0,0,2,0,차대차 - 측면충돌,신호위반,건조,맑음,교차로 - 교차로안,승용,여,59세,상해없음,승용,여,39세,경상
2017122900100502,2017년 12월 29일 18시,금요일,대전광역시 중구 유천동,경상사고,0,0,1,0,차대차 - 기타,안전거리미확보,건조,맑음,단일로 - 기타,승용,남,60세,상해없음,승합,남,65세,상해없음
2017122900100503,2017년 12월 29일 18시,금요일,대전광역시 대덕구 중리동,중상사고,0,1,0,0,차대차 - 추돌,안전운전불이행,건조,맑음,단일로 - 기타,승용,남,52세,상해없음,승용,남,60세,중상
2017122900100504,2017년 12월 29일 18시,금요일,대전광역시 서구 둔산동,경상사고,0,0,3,0,차대차 - 측면충돌,직진우회전진행방해,건조,맑음,교차로 - 교차로안,승용,여,59세,경상,승용,남,47세,경상
2017122900100505,2017년 12월 29일 18시,금요일,대전광역시 서구 갈마동,중상사고,0,1,0,0,차대사람 - 차도통행중,안전운전불이행,건조,맑음,교차로 - 교차로안,승용,여,55세,상해없음,보행자,남,20세,중상
2017122900100622,2017년 12월 29일 21시,금요일,대전광역시 서구 내동,중상사고,0,1,0,0,차대사람 - 횡단중,안전운전불이행,건조,맑음,단일로 - 기타,화물,남,46세,상해없음,보행자,여,84세,중상
2017122900100623,2017년 12월 29일 21시,금요일,대전광역시 유성구 봉명동,경상사고,0,0,2,0,차대차 - 기타,안전운전불이행,건조,맑음,단일로 - 기타,화물,남,52세,상해없음,승용,남,36세,경상
2017122900100624,2017년 12월 29일 21시,금요일,대전광역시 유성구 원신흥동,경상사고,0,0,1,0,차량단독 - 기타,안전운전불이행,건조,맑음,기타 - 기타,승합,남,56세,상해없음,,,,
2017122900100666,2017년 12월 29일 22시,금요일,대전광역시 중구 문화동,중상사고,0,1,0,0,차대차 - 측면충돌,신호위반,건조,맑음,교차로 - 교차로안,승용,남,64세,상해없음,이륜,남,23세,중상
2017122900100667,2017년 12월 29일 22시,금요일,대전광역시 동구 성남동,경상사고,0,0,1,0,차대사람 - 보도통행중,안전운전불이행,건조,맑음,교차로 - 교차로횡단보도내,기타불명,기타불명,미분류,기타불명,보행자,여,16세,경상
2017123000100050,2017년 12월 30일 00시,토요일,대전광역시 서구 용문동,경상사고,0,0,2,0,차대차 - 추돌,안전운전불이행,건조,맑음,교차로 - 교차로부근,승용,남,20세,상해없음,승용,여,24세,경상
2017123000100077,2017년 12월 30일 01시,토요일,대전광역시 대덕구 대화동,부상신고사고,0,0,0,1,차대사람 - 기타,안전운전불이행,건조,맑음,단일로 - 기타,기타불명,기타불명,미분류,기타불명,보행자,남,42세,부상신고
2017123000100097,2017년 12월 30일 02시,토요일,대전광역시 유성구 장동,경상사고,0,0,2,0,차대차 - 추돌,안전운전불이행,건조,맑음,교차로 - 교차로부근,승용,여,44세,상해없음,승용,남,59세,경상
2017123000100138,2017년 12월 30일 05시,토요일,대전광역시 유성구 상대동,경상사고,0,0,1,0,차대차 - 기타,신호위반,건조,맑음,교차로 - 교차로안,승용,남,61세,상해없음,승용,남,66세,경상
2017123000100165,2017년 12월 30일 07시,토요일,대전광역시 유성구 장대동,경상사고,0,0,2,0,차대차 - 기타,안전운전불이행,건조,맑음,단일로 - 기타,승용,남,58세,상해없음,화물,남,34세,경상
2017123000100209,2017년 12월 30일 10시,토요일,대전광역시 대덕구 중리동,경상사고,0,0,1,0,차대차 - 측면충돌,신호위반,건조,맑음,교차로 - 교차로안,승용,남,69세,상해없음,화물,남,52세,경상
2017123000100253,2017년 12월 30일 12시,토요일,대전광역시 중구 산성동,경상사고,0,0,2,0,차대차 - 측면충돌,안전운전불이행,건조,맑음,교차로 - 교차로부근,승용,남,84세,상해없음,승용,여,38세,경상
2017123000100276,2017년 12월 30일 14시,토요일,대전광역시 서구 가수원동,중상사고,0,1,1,0,차대차 - 측면충돌,신호위반,건조,맑음,교차로 - 교차로부근,승용,여,25세,상해없음,승합,남,69세,경상
2017123000100297,2017년 12월 30일 15시,토요일,대전광역시 서구 복수동,경상사고,0,0,2,0,차대차 - 추돌,안전거리미확보,건조,맑음,단일로 - 기타,승용,남,53세,상해없음,화물,남,38세,경상
2017123000100480,2017년 12월 30일 22시,토요일,대전광역시 중구 오류동,경상사고,0,0,1,0,차대차 - 측면충돌,안전거리미확보,건조,맑음,교차로 - 교차로부근,화물,남,49세,상해없음,화물,남,62세,상해없음
2017123000100481,2017년 12월 30일 22시,토요일,대전광역시 유성구 봉명동,경상사고,0,0,1,0,차대차 - 추돌,안전거리미확보,젖음/습기,비,교차로 - 교차로부근,승용,남,32세,상해없음,승용,여,54세,경상
2017123000100497,2017년 12월 30일 23시,토요일,대전광역시 대덕구 읍내동,중상사고,0,1,0,0,차량단독 - 기타,안전운전불이행,젖음/습기,비,단일로 - 기타,승용,여,37세,중상,,,,
2017123000100506,2017년 12월 30일 23시,토요일,대전광역시 유성구 봉명동,경상사고,0,0,2,0,차대차 - 측면충돌,신호위반,건조,맑음,교차로 - 교차로안,승용,남,34세,상해없음,승용,남,23세,경상
2017123100100059,2017년 12월 31일 01시,일요일,대전광역시 서구 갈마동,경상사고,0,0,3,0,차대차 - 기타,신호위반,젖음/습기,비,교차로 - 교차로안,승용,남,29세,상해없음,승용,남,63세,경상
2017123100100060,2017년 12월 31일 01시,일요일,대전광역시 유성구 원촌동,경상사고,0,0,1,0,차대차 - 측면충돌,중앙선침범,서리/결빙,비,교차로 - 교차로안,승용,남,42세,상해없음,승용,남,62세,경상
2017123100100066,2017년 12월 31일 02시,일요일,대전광역시 서구 괴정동,중상사고,0,1,1,0,차대사람 - 길가장자리구역통행중,보행자보호의무위반,젖음/습기,흐림,교차로 - 교차로횡단보도내,승합,남,53세,상해없음,보행자,남,49세,중상
2017123100100123,2017년 12월 31일 07시,일요일,대전광역시 유성구 원내동,경상사고,0,0,2,0,차대차 - 추돌,안전운전불이행,건조,맑음,교차로 - 교차로부근,승용,남,36세,상해없음,승용,남,44세,경상
2017123100100150,2017년 12월 31일 09시,일요일,대전광역시 서구 도마동,중상사고,0,1,3,0,차대차 - 정면충돌,신호위반,건조,맑음,교차로 - 교차로안,승용,남,62세,상해없음,승용,여,39세,경상
2017123100100175,2017년 12월 31일 11시,일요일,대전광역시 서구 가장동,경상사고,0,0,2,0,차대차 - 측면충돌,안전운전불이행,건조,맑음,단일로 - 기타,승용,남,32세,상해없음,화물,남,29세,경상
2017123100100176,2017년 12월 31일 11시,일요일,대전광역시 서구 가장동,경상사고,0,0,1,0,차대차 - 정면충돌,신호위반,건조,맑음,교차로 - 교차로안,승용,남,21세,상해없음,승용,여,33세,경상
2017123100100201,2017년 12월 31일 12시,일요일,대전광역시 서구 갈마동,경상사고,0,0,1,0,차대차 - 추돌,안전운전불이행,건조,맑음,교차로 - 교차로부근,승용,남,30세,상해없음,승용,남,52세,경상
2017123100100220,2017년 12월 31일 13시,일요일,대전광역시 동구 대동,경상사고,0,0,1,0,차대차 - 추돌,안전거리미확보,건조,맑음,단일로 - 기타,승용,남,74세,상해없음,원동기,남,19세,경상
2017123100100221,2017년 12월 31일 13시,일요일,대전광역시 동구 가양동,경상사고,0,0,2,0,차대차 - 측면충돌,직진우회전진행방해,건조,맑음,교차로 - 교차로안,승용,여,36세,경상,승용,여,51세,경상
2017123100100270,2017년 12월 31일 15시,일요일,대전광역시 서구 둔산동,경상사고,0,0,3,0,차대차 - 기타,신호위반,건조,맑음,교차로 - 교차로안,승용,여,53세,상해없음,승용,남,45세,경상
2017123100100290,2017년 12월 31일 16시,일요일,대전광역시 중구 석교동,중상사고,0,1,0,0,차대사람 - 횡단중,안전운전불이행,건조,맑음,교차로 - 교차로안,화물,남,58세,상해없음,보행자,여,6세,중상
2017123100100291,2017년 12월 31일 16시,일요일,대전광역시 중구 문창동,경상사고,0,0,1,0,차량단독 - 기타,기타,건조,맑음,단일로 - 기타,승합,남,57세,상해없음,,,,
2017123100100310,2017년 12월 31일 17시,일요일,대전광역시 서구 도마동,사망사고,1,0,0,0,차대사람 - 횡단중,신호위반,건조,맑음,교차로 - 교차로안,이륜,남,22세,상해없음,보행자,여,65세,사망
2017123100100376,2017년 12월 31일 19시,일요일,대전광역시 동구 원동,경상사고,0,0,3,0,차대차 - 추돌,안전거리미확보,건조,맑음,교차로 - 교차로부근,승용,여,56세,상해없음,승용,남,33세,경상
2017123100100377,2017년 12월 31일 19시,일요일,대전광역시 서구 갈마동,경상사고,0,0,2,1,차대차 - 기타,안전운전불이행,건조,맑음,교차로 - 교차로부근,승용,남,51세,상해없음,승용,남,60세,상해없음
2017123100100397,2017년 12월 31일 20시,일요일,대전광역시 동구 자양동,중상사고,0,1,0,0,차대사람 - 보도통행중,안전운전불이행,건조,맑음,단일로 - 기타,승용,남,57세,상해없음,보행자,여,72세,중상
2017123100100398,2017년 12월 31일 20시,일요일,대전광역시 동구 용전동,경상사고,0,0,1,0,차대차 - 측면충돌,안전운전불이행,건조,맑음,교차로 - 교차로안,이륜,남,32세,상해없음,자전거,남,19세,경상
2017123100100459,2017년 12월 31일 23시,일요일,대전광역시 동구 용운동,사망사고,1,0,0,0,차대사람 - 횡단중,안전운전불이행,건조,맑음,단일로 - 기타,이륜,남,27세,상해없음,보행자,여,64세,사망
2017123100100460,2017년 12월 31일 23시,일요일,대전광역시 유성구 봉명동,중상사고,0,1,0,0,차대차 - 기타,안전운전불이행,건조,맑음,단일로 - 기타,승용,남,50세,상해없음,이륜,남,52세,중상